"long","lat","bio1","bio12"
-75.6874999997265,-13.0625000002055,5.29233312606812,609
-68.5208333330025,-27.9375000003245,4.85650014877319,107
-75.0208333330545,-14.2708333335485,14.1073303222656,202
-76.3124999997315,-12.4375000002005,9.698166847229,355
-69.4791666663435,-17.1041666669045,6.19950008392334,462
-68.8124999996715,-20.6041666669325,4.04533290863037,77
-67.3124999996595,-22.0625000002775,5.47616720199585,91
-68.1041666663325,-19.1875000002545,7.67866706848145,180
-71.9791666663635,-14.6875000002185,6.23649978637695,857
-68.9374999996725,-25.8125000003075,9.36149978637695,25
-68.3541666663345,-20.9375000002685,5.43800020217896,74
-66.5624999996535,-25.6875000003065,7.67866706848145,135
-71.1874999996905,-14.8125000002195,6.16616678237915,834
-74.2291666663815,-14.9375000002205,15.2416696548462,185
-73.7708333330445,-13.8541666668785,11.8854999542236,859
-74.4791666663835,-14.5625000002175,6.14066600799561,661
-66.4791666663195,-22.3541666669465,9.54749965667725,150
-66.5208333329865,-22.3958333336135,9.08683300018311,145
-67.4791666663275,-25.6041666669725,6.13833284378052,73
-76.6458333330675,-9.6458333335115,6.87833404541016,974
-67.4374999996605,-20.5208333335985,7.82533311843872,154
-73.2708333330405,-15.5625000002255,7.54483318328857,389
-68.3541666663345,-26.7708333336485,-0.222666695713997,100
-68.1874999996665,-20.8541666669345,4.50616598129272,85
-69.2291666663415,-16.9791666669035,8.73316669464111,509
-69.0208333330065,-20.6875000002665,8.78283309936523,45
-71.5624999996935,-15.3125000002235,2.38700008392334,757
-69.1041666663405,-27.2708333336525,1.57383298873901,84
-70.1041666663485,-14.3125000002155,6.45333290100098,749
-68.5208333330025,-18.9791666669195,7.02750015258789,205
-73.7291666663775,-13.5625000002095,11.6339998245239,910
-68.4374999996685,-25.7708333336405,4.76566696166992,49
-70.8958333330215,-16.5625000002335,3.25716710090637,435
-66.5208333329865,-22.0208333336105,7.07016706466675,151
-67.8958333329975,-22.6041666669485,0.593000113964081,87
-68.2291666663335,-17.3958333335735,8.71599960327148,416
-70.1458333330155,-14.9791666668875,8.54666614532471,697
-69.6458333330115,-17.5625000002415,5.41099977493286,305
-67.8541666663305,-22.4791666669475,2.42700004577637,76
-77.3958333330735,-9.1458333335075,10.3715000152588,696
-66.8958333329895,-21.2291666669375,9.26483345031738,115
-74.1041666663805,-15.4375000002245,11.4250001907349,228
-71.1458333330235,-14.5625000002175,5.03766584396362,864
-72.6041666663685,-14.8125000002195,0.913333415985107,784
-69.8124999996795,-17.7291666669095,3.37766599655151,293
-68.8541666663385,-27.1875000003185,-0.0421666391193867,98
-75.8124999997275,-13.1458333335395,5.97116708755493,563
-72.0208333330305,-14.2291666668815,8.90433311462402,958
-77.6041666664085,-8.3125000001675,9.27966690063477,858
-73.4374999997085,-14.5208333335505,4.34749984741211,909
-67.1041666663245,-19.3958333335895,9.11349964141846,191
-69.2291666663415,-14.6875000002185,0.6828333735466,970
-68.3541666663345,-22.6041666669485,8.26283359527588,36
-67.3541666663265,-19.3541666669225,8.78816699981689,193
-67.7291666663295,-24.3958333336295,9.02533340454102,49
-75.6458333330595,-11.4791666668595,8.8886661529541,757
-69.2708333330085,-19.5208333335905,11.8765001296997,52
-71.6041666663605,-13.6875000002105,10.7348299026489,602
-67.9791666663315,-17.1875000002385,8.87416553497314,418
-71.2708333330245,-15.5625000002255,2.97916698455811,649
-66.1458333329835,-23.2291666669535,8.23900032043457,156
-78.8958333330855,-1.3541666667785,5.50733280181885,734
-66.8541666663225,-25.7708333336405,2.09216690063477,134
-73.8958333330455,-14.1875000002145,8.5314998626709,847
-69.0624999996735,-17.0625000002375,8.77099990844727,501
-66.4791666663195,-21.4375000002725,7.7106671333313,160
-70.8958333330215,-15.1875000002225,3.47900009155273,887
-68.6041666663365,-18.6458333335835,7.482666015625,242
-73.0208333330385,-14.8958333335535,2.59116697311401,746
-70.3958333330175,-16.5625000002335,4.65850019454956,538
-67.1874999996585,-18.6875000002505,8.9593334197998,314
-68.6041666663365,-24.9791666669675,7.5310001373291,28
-66.3958333329855,-24.4791666669635,3.98916697502136,136
-76.4791666663995,-11.5625000001935,2.85416698455811,861
-67.1041666663245,-24.8541666669665,6.03616714477539,89
-76.0208333330625,-12.6458333335355,7.05633401870728,531
-71.6041666663605,-13.6875000002105,10.7348299026489,602
-68.0208333329985,-23.1041666669525,13.3423299789429,44
-67.7291666663295,-22.1041666669445,1.23199999332428,97
-68.5208333330025,-26.1041666669765,0.608500123023987,77
-70.2708333330165,-15.2708333335565,8.51650047302246,708
-66.0208333329825,-24.9375000003005,13.0150003433228,190
-73.5624999997095,-14.8958333335535,4.28333282470703,761
-67.8958333329975,-25.5208333336385,0.150499999523163,96
-65.7708333329805,-24.3958333336295,10.0246696472168,184
-77.7291666664095,-9.2291666668415,12.9040002822876,446
-66.8541666663225,-25.2291666669695,5.91933298110962,105
-67.3958333329935,-24.8541666669665,8.45650005340576,63
-67.7291666663295,-23.1458333336195,2.89716696739197,79
-68.3958333330015,-21.8125000002755,5.93300008773804,53
-76.6041666664005,-11.5625000001935,4.86783313751221,684
-66.6874999996545,-25.8541666669745,5.57933282852173,121
-73.5624999997095,-15.1458333335555,8.86733341217041,522
-77.3958333330735,-8.9375000001725,10.5085000991821,671
-77.1458333330715,-10.5208333335185,12.9213304519653,441
-68.1874999996665,-27.7291666669895,8.10533332824707,102
-69.1458333330075,-14.7708333335525,2.03449988365173,975
-69.6041666663445,-18.3541666669145,9.86516666412354,152
-69.3124999996755,-29.3958333336695,4.95366716384888,109
-70.6874999996865,-16.2708333335645,4.7436671257019,539
-67.9791666663315,-25.6041666669725,0.747500002384186,83
-70.8958333330215,-15.3125000002235,2.41050004959106,863
-67.6041666663285,-24.3125000002955,9.37533378601074,54
-66.4374999996525,-22.8541666669505,5.37949991226196,146
-66.7708333329885,-20.3541666669305,8.84183311462402,137
-77.2291666664055,-10.3541666668505,5.9850001335144,594
-70.4374999996845,-13.8125000002115,6.368332862854,827
-68.3958333330015,-20.1458333335955,6.70599985122681,94
-75.7708333330605,-12.7708333335365,4.55216598510742,651
-77.1041666664045,-10.0208333335145,3.28933310508728,759
-66.6041666663205,-19.2291666669215,5.81500005722046,217
-68.6041666663365,-25.9375000003085,3.16166710853577,57
-71.7708333330285,-13.2708333335405,8.65533447265625,704
-75.3124999997235,-13.4791666668755,5.97116708755493,624
-71.8124999996955,-15.5208333335585,1.94583296775818,635
-67.2291666663255,-17.3958333335735,7.01716709136963,549
-70.6874999996865,-15.8958333335615,4.31799983978271,700
-68.0208333329985,-26.4791666669795,3.1261670589447,86
-65.5624999996455,-23.5625000002895,6.14383411407471,212
-73.2708333330405,-14.5208333335505,6.96400022506714,856
-68.3124999996675,-21.3541666669385,6.74416589736938,60
-69.7291666663455,-14.9375000002205,8.4394998550415,734
-69.7708333330125,-17.0208333335705,3.45000004768372,506
-68.5208333330025,-25.8541666669745,6.22933292388916,44
-67.3541666663265,-20.2291666669295,8.04049968719482,160
-68.4791666663355,-23.8958333336255,11.9316701889038,23
-75.8958333330615,-11.1458333335235,5.27416706085205,1085
-71.3541666663585,-14.1041666668805,7.11450004577637,820
-66.6458333329875,-16.8958333335695,9.04450035095215,924
-68.5624999996695,-25.7291666669735,6.07883405685425,42
-66.9374999996565,-24.5625000002975,6.8663330078125,91
-68.3958333330015,-22.2291666669455,10.636830329895,34
-68.3541666663345,-25.2708333336365,4.90616703033447,48
-66.1874999996505,-23.1458333336195,8.20833301544189,151
-67.1874999996585,-19.2708333335885,9.00949954986572,213
-68.1458333329995,-18.2708333335805,8.06083297729492,294
-67.8541666663305,-22.9375000002845,5.29133319854736,62
-71.3124999996915,-13.9375000002125,4.17799997329712,894
-67.7708333329965,-17.7291666669095,8.64949989318848,348
-66.4374999996525,-26.6041666669805,8.16450023651123,185
-68.5624999996695,-18.9791666669195,4.96816682815552,228
-71.2291666663575,-13.9791666668795,4.45666599273682,865
-70.7708333330205,-14.8541666668865,6.75099992752075,764
-65.7291666663135,-24.4375000002965,7.5373330116272,183
-67.5624999996615,-17.1041666669045,9.06366634368896,497
-67.7291666663295,-23.3958333336215,2.82850003242493,76
-70.8124999996875,-14.3541666668825,4.72883319854736,843
-70.1874999996825,-14.4375000002165,5.01000022888184,815
-68.3541666663345,-23.6458333336235,14.0901699066162,28
-71.3541666663585,-14.9375000002205,6.29150009155273,820
-65.8124999996475,-23.4791666669555,10.4153299331665,164
-68.3958333330015,-18.5625000002495,7.75250005722046,250
-68.1041666663325,-17.8958333335775,7.06416702270508,356
-67.2708333329925,-23.4375000002885,4.11350011825562,89
-66.3958333329855,-25.2291666669695,9.75533294677734,137
-67.8124999996635,-21.7291666669415,2.46300005912781,87
-77.7708333330765,-8.6458333335035,4.13800001144409,939
-70.8541666663545,-15.3125000002235,2.66499996185303,872
-70.2708333330165,-14.9791666668875,6.4151668548584,819
-69.1874999996745,-20.8958333336015,14.5978298187256,13
-68.6458333330035,-20.0208333335945,2.41683292388916,126
-67.5208333329945,-26.2291666669775,10.1113300323486,59
-67.6874999996625,-20.1875000002625,7.32350015640259,159
-67.1458333329915,-22.1458333336115,5.10316705703735,102
-69.1041666663405,-16.3958333335655,7.18650007247925,870
-69.6874999996785,-28.4375000003285,-3.44933295249939,149
-71.6041666663605,-15.9791666668955,7.9921669960022,303
-70.3124999996835,-17.2291666669055,7.70349979400635,256
-65.5208333329785,-23.8541666669585,12.7086696624756,281
-67.7708333329965,-18.7708333335845,8.25533294677734,247
-72.1458333330315,-15.1458333335555,2.09349989891052,703
-69.7291666663455,-28.4791666669955,1.05833303928375,118
-68.1874999996665,-17.1875000002385,8.26183319091797,464
-76.3958333330655,-10.1458333335155,5.78433322906494,1143
-68.5208333330025,-23.3541666669545,13.9195003509521,23
-68.8958333330055,-28.1458333336595,0.478166699409485,117
-67.7291666663295,-19.1875000002545,8.46100044250488,200
-77.2708333330725,-8.7291666668375,15.6794996261597,697
-68.9791666663395,-28.3541666669945,-1.18166697025299,126
-68.3124999996675,-28.7291666669975,14.0286703109741,119
-71.7291666663615,-13.9791666668795,10.8471698760986,750
-70.8541666663545,-14.6875000002185,5.95083284378052,825
-67.6458333329955,-23.5208333336225,4.41633319854736,71
-68.4791666663355,-26.4375000003125,-0.594833374023438,102
-67.8958333329975,-23.8125000002915,8.56166553497314,48
-68.9791666663395,-18.1458333335795,5.15833282470703,364
-69.2291666663415,-17.3125000002395,7.14583301544189,428
-67.9791666663315,-18.9791666669195,8.3618335723877,207
-67.5208333329945,-20.1458333335955,7.631667137146,167
-74.1041666663805,-12.9791666668715,7.15450000762939,1012
-74.6458333330515,-13.1458333335395,6.32450008392334,883
-70.6874999996865,-16.7291666669015,9.65583324432373,253
-67.7291666663295,-23.6875000002905,3.43566703796387,74
-67.3958333329935,-26.6875000003145,7.47149991989136,91
-67.5208333329945,-21.5208333336065,6.68483304977417,79
-68.9791666663395,-28.9375000003325,5.90416717529297,112
-75.6041666663925,-13.2708333335405,13.9114999771118,256
-66.6458333329875,-25.5208333336385,8.03166675567627,108
-69.3541666663425,-17.0208333335705,6.61999988555908,508
-67.8541666663305,-19.6041666669245,8.11966609954834,147
-71.3958333330255,-13.4791666668755,5.75283288955688,835
-73.9374999997125,-15.2708333335565,7.19099998474121,508
-69.6458333330115,-14.6875000002185,4.45900011062622,907
-73.1458333330395,-15.6458333335595,11.9733295440674,195
-78.1041666664125,-8.0208333334985,10.6750001907349,759
-69.2708333330085,-18.4791666669155,4.14716720581055,297
-78.5624999997495,-6.7291666668215,13.0403299331665,974
-65.8958333329815,-23.3125000002875,10.7390003204346,164
-68.7291666663375,-20.4791666669315,4.83099985122681,79
-73.1874999997065,-14.2291666668815,8.60016632080078,903
-71.9791666663635,-13.5208333335425,10.685170173645,704
-66.7291666663215,-21.3541666669385,8.79966640472412,133
-68.2708333330005,-21.6875000002745,5.61916589736938,58
-71.6458333330275,-16.1875000002305,10.9235000610352,163
-66.6874999996545,-19.2708333335885,7.64383411407471,222
-77.3124999997395,-8.5625000001695,17.0993309020996,709
-68.1874999996665,-23.4375000002885,14.0556697845459,36
-70.9791666663555,-15.8541666668945,3.22916698455811,587
-66.4791666663195,-22.1041666669445,7.88183307647705,155
-68.3541666663345,-25.1041666669685,1.07266700267792,65
-77.4791666664075,-9.5625000001775,8.90883445739746,626
-68.6874999996705,-24.6875000002985,6.10816717147827,32
-67.2708333329925,-17.8541666669105,9.55249977111816,385
-67.4374999996605,-26.2291666669775,10.5644998550415,62
-68.1041666663325,-19.1458333335875,7.85799980163574,193
-69.2291666663415,-28.2708333336605,3.18216705322266,96
-68.3541666663345,-18.1041666669125,2.97033309936523,398
-68.4374999996685,-19.8958333335935,5.14183282852173,124
-67.2708333329925,-23.8125000002915,6.26399993896484,82
-65.3124999996435,-22.6875000002825,6.04316711425781,274
-66.4791666663195,-25.3125000003035,11.8269996643066,135
-75.4791666663915,-12.0625000001975,9.41833305358887,775
-72.8958333330375,-14.6875000002185,2.08516693115234,818
-65.5624999996455,-22.9375000002845,9.67983341217041,215
-66.3958333329855,-21.6875000002745,7.16916704177856,176
-70.8541666663545,-15.5208333335585,2.41799998283386,802
-67.5208333329945,-17.4791666669075,8.37266635894775,411
-69.4374999996765,-28.7708333336645,0.209499999880791,119
-75.8541666663945,-12.1458333335315,4.69516706466675,802
-68.4791666663355,-20.4375000002645,6.51466703414917,78
-66.4374999996525,-19.3541666669225,5.38299989700317,199
-69.2708333330085,-24.3958333336295,13.7895002365112,7
-67.3958333329935,-24.3958333336295,9.6478328704834,61
-74.2291666663815,-14.0625000002135,5.45116710662842,840
-71.1041666663565,-15.4375000002245,3.07599997520447,748
-68.5624999996695,-19.3958333335895,7.01983404159546,148
-67.7291666663295,-17.1875000002385,5.0935001373291,561
-72.1874999996985,-13.4375000002085,11.3916702270508,744
-71.6041666663605,-13.6458333335435,8.17283344268799,744
-71.4791666663595,-14.7708333335525,7.14516687393188,842
-66.8958333329895,-19.3125000002555,9.48866653442383,217
-75.2708333330565,-12.9375000002045,2.68583297729492,736
-77.1041666664045,-9.8125000001795,3.08716702461243,868
-67.7291666663295,-18.1875000002465,7.37783288955688,325
-69.3124999996755,-14.6041666668845,4.68599987030029,919
-69.1041666663405,-28.1041666669925,0.474833309650421,115
-67.1458333329915,-22.5208333336145,2.38150000572205,110
-71.1458333330235,-16.0208333335625,3.58816695213318,451
-69.3958333330095,-17.9375000002445,4.482666015625,307
-68.5208333330025,-21.3958333336055,1.27766704559326,80
-67.2291666663255,-20.6875000002665,9.08183288574219,97
-68.1874999996665,-24.6041666669645,7.52166700363159,40
-66.3958333329855,-24.7708333336325,-0.652999877929688,189
-72.5208333330345,-14.6875000002185,1.83949995040894,812
-70.5624999996855,-16.0625000002295,4.43599987030029,679
-70.5208333330185,-15.9375000002285,5.77250003814697,722
-68.8124999996715,-17.0208333335705,9.05149936676025,527
-67.7291666663295,-17.3958333335735,7.91066598892212,409
-73.3124999997075,-15.1041666668885,10.1254997253418,468
-67.8541666663305,-19.6875000002585,8.06316661834717,141
-76.6874999997345,-10.8125000001875,2.98616695404053,846
-66.4374999996525,-24.1041666669605,5.42866706848145,133
-68.7708333330045,-20.6875000002665,3.91466689109802,76
-67.3958333329935,-24.9375000003005,8.43116664886475,63
-70.2291666663495,-17.5625000002415,12.6590003967285,83
-67.6041666663285,-22.1041666669445,3.81049990653992,85
-75.3124999997235,-12.4375000002005,7.10633277893066,797
-66.5624999996535,-23.3958333336215,7.57916593551636,120
-76.6458333330675,-9.9791666668475,8.90616703033447,924
-72.3124999996995,-14.2708333335485,5.39699983596802,920
-67.7291666663295,-23.6041666669565,3.83516693115234,70
-70.8124999996875,-14.5625000002175,3.28783297538757,910
-77.0208333330705,-9.9791666668475,2.47633290290833,892
-70.8958333330215,-15.3958333335575,2.28583288192749,836
-78.0624999997455,-7.8541666668305,9.17916679382324,1150
-66.2708333329845,-22.0625000002775,10.4499998092651,189
-69.9791666663475,-17.6458333335755,9.95966625213623,152
-72.6874999997025,-14.6041666668845,2.74066710472107,831
-70.2291666663495,-14.1041666668805,2.86299991607666,903
-66.4791666663195,-21.6458333336075,5.18699979782104,167
-70.9791666663555,-14.8541666668865,3.68950009346008,908
-65.9791666663155,-23.3125000002875,9.57083320617676,157
-75.8541666663945,-12.1041666668645,5.87183284759521,789
-76.6458333330675,-11.1041666668565,3.29516696929932,821
-65.2291666663095,-22.0625000002775,9.8459997177124,354
-68.2291666663335,-17.7291666669095,7.67266702651978,379
-74.8124999997195,-12.9375000002045,5.64433288574219,858
-75.8124999997275,-11.7708333335285,6.09533405303955,841
-66.2291666663175,-21.4375000002725,7.87216711044312,193
-76.2708333330645,-10.3125000001835,8.55716705322266,1079
-73.2291666663735,-14.9375000002205,2.83516693115234,741
-67.1458333329915,-22.1875000002785,3.9154999256134,107
-70.3124999996835,-15.1041666668885,8.10666656494141,725
-68.1458333329995,-19.5625000002575,7.1026668548584,174
-66.4374999996525,-21.9791666669435,9.87666702270508,166
-67.4374999996605,-21.0208333336025,8.21366691589355,79
-74.6458333330515,-13.7708333335445,3.99049997329712,804
-73.9791666663795,-15.3125000002235,8.82549953460693,414
-68.9374999996725,-27.3958333336535,1.55533301830292,96
-71.7708333330285,-13.4375000002085,7.06416702270508,820
-72.1874999996985,-15.2708333335565,0.663500010967255,691
-68.8541666663385,-21.2291666669375,5.35883283615112,56
-69.2708333330085,-28.1041666669925,1.91266703605652,100
-67.2708333329925,-21.6041666669405,8.38233375549316,86
-75.9791666663955,-12.2291666668655,1.93966698646545,829
-70.9374999996885,-15.6875000002265,3.55133295059204,674
-66.0208333329825,-24.5208333336305,5.13633298873901,177
-76.9374999997365,-9.5208333335105,5.65116596221924,902
-73.7708333330445,-15.1875000002225,8.2728328704834,508
-66.8124999996555,-19.1041666669205,9.66666698455811,281
-68.9791666663395,-26.9791666669835,4.70149993896484,62
-66.8958333329895,-21.5208333336065,8.45600032806396,117
-66.0208333329825,-24.6875000002985,10.7771701812744,168
-74.3958333330495,-14.1458333335475,6.15866708755493,741
-66.9374999996565,-19.0625000002535,9.27666664123535,278
-67.6041666663285,-20.8958333336015,8.38516616821289,86
-69.1458333330075,-26.4791666669795,5.76933288574219,41
-68.7708333330045,-19.6875000002585,2.84283304214478,162
-68.5208333330025,-20.4375000002645,6.3431658744812,77
-68.7708333330045,-20.8958333336015,3.16199994087219,73
-67.0624999996575,-24.5625000002975,8.63150024414062,78
-72.3541666663665,-13.9375000002125,5.05633401870728,952
-69.6874999996785,-15.6875000002265,9.70283317565918,956
-69.2291666663415,-20.5625000002655,13.8211698532104,18
-75.1458333330555,-13.6875000002105,5.21250009536743,651
-68.2708333330005,-21.9791666669435,6.68383407592773,50
-67.5208333329945,-19.4375000002565,8.68183326721191,176
-72.7708333330365,-15.1458333335555,11.0008296966553,527
-68.6874999996705,-26.4791666669795,-0.0073332991451025,86
-65.7291666663135,-23.3125000002875,8.07233333587646,190
-76.4791666663995,-11.1041666668565,2.39766693115234,943
-68.4791666663355,-22.1041666669445,9.05116653442383,37
-78.2291666664135,-7.1875000001585,10.3950004577637,1101
-76.6874999997345,-10.9791666668555,3.33833289146423,804
-71.5208333330265,-14.9375000002205,5.8356671333313,820
-68.4374999996685,-20.2708333335965,6.56466722488403,100
-65.8541666663145,-21.8958333336095,11.903169631958,277
-66.5624999996535,-26.7291666669815,5.5396671295166,184
-67.8124999996635,-22.3541666669465,2.27033305168152,79
-68.8541666663385,-26.0625000003095,3.31266689300537,52
-67.0208333329905,-26.1875000003105,4.3105001449585,115
-69.1041666663405,-18.4375000002485,-0.260999888181686,336
-68.4791666663355,-26.1875000003105,2.64100003242493,73
-66.1041666663165,-23.4375000002885,10.3681697845459,148
-69.1458333330075,-26.1458333336435,8.34033298492432,27
-66.1458333329835,-24.7291666669655,7.56799983978271,153
-68.0624999996655,-18.9791666669195,8.17566680908203,202
-69.2291666663415,-29.0625000003335,5.21549987792969,104
-68.3541666663345,-27.4375000003205,2.83266711235046,101
-76.3958333330655,-11.2291666668575,3.21566700935364,959
-70.1874999996825,-14.9375000002205,8.34916687011719,696
-67.1874999996585,-24.1875000002945,6.05983400344849,82
-67.8958333329975,-26.2291666669775,6.43416690826416,65
-68.6458333330035,-19.3541666669225,7.0373330116272,149
-67.4791666663275,-24.7708333336325,9.31033325195312,57
-68.5208333330025,-26.1458333336435,2.28333306312561,69
-70.8124999996875,-16.0208333335625,2.75,619
-65.9791666663155,-24.8541666669665,11.1528301239014,170
-69.2708333330085,-25.1875000003025,4.69016599655151,32
-75.7708333330605,-13.1458333335395,8.68583297729492,488
-77.0624999997375,-10.6875000001865,1.42733299732208,759
-67.9791666663315,-20.4791666669315,7.64383316040039,85
-67.2291666663255,-21.6041666669405,8.46916675567627,88
-75.7291666663935,-12.0208333335305,5.98533296585083,826
-71.4791666663595,-16.1041666668965,5.12200021743774,334
-65.8124999996475,-24.4791666669635,11.0485000610352,183
-68.6041666663365,-26.5625000003135,0.0294999796897173,86
-75.8124999997275,-12.4375000002005,7.62483310699463,630
-68.8958333330055,-27.8958333336575,-5.20416688919067,176
-75.5208333330585,-12.7291666668695,3.41983294487,718
-70.2291666663495,-13.9791666668795,4.57966709136963,858
-67.8541666663305,-25.9791666669755,9.0086669921875,52
-70.8958333330215,-14.4375000002165,2.5931670665741,922
-77.9791666664115,-8.3541666668345,10.3611698150635,490
-71.4791666663595,-13.3958333335415,8.55733299255371,696
-68.5624999996695,-27.8125000003235,-0.31700000166893,130
-73.2708333330405,-15.5208333335585,11.8993301391602,236
-67.6874999996625,-20.1875000002625,7.32350015640259,159
-68.5624999996695,-23.6458333336235,14.1071701049805,24
-68.1041666663325,-23.4375000002885,14.0579996109009,39
-74.3124999997155,-13.2708333335405,9.42450046539307,888
-68.8958333330055,-27.1458333336515,-0.633499979972839,104
-68.6041666663365,-20.8125000002675,5.33300018310547,70
-66.3541666663185,-16.9375000002365,10.5223302841187,1000
-68.3124999996675,-24.6875000002985,5.01416683197021,45
-68.1458333329995,-24.4791666669635,4.02766704559326,54
-65.2291666663095,-22.0625000002775,9.8459997177124,354
-71.3958333330255,-15.0625000002215,2.69300007820129,856
-67.8958333329975,-21.2708333336045,5.6961669921875,75
-68.1041666663325,-18.1458333335795,7.52883291244507,317
-69.2291666663415,-19.2291666669215,5.65333318710327,156
-73.9374999997125,-14.6041666668845,3.92466688156128,816
-68.5624999996695,-21.6458333336075,6.41783285140991,48
-69.3541666663425,-18.4375000002485,3.7126669883728,279
-67.3958333329935,-26.6041666669805,10.3013296127319,73
-71.2708333330245,-14.0208333335465,3.26166701316833,918
-68.7291666663375,-24.1875000002945,11.0419998168945,19
-67.1458333329915,-25.9375000003085,2.67566704750061,114
-68.3958333330015,-27.8541666669905,2.08116698265076,126
-67.8124999996635,-24.1041666669605,4.4661660194397,62
-69.3958333330095,-20.2291666669295,15.4803304672241,13
-68.1458333329995,-26.7708333336485,0.934333324432373,102
-68.9791666663395,-28.2708333336605,-0.171166598796844,124
-66.8541666663225,-23.3125000002875,4.35633277893066,112
-67.6041666663285,-27.1041666669845,10.2534999847412,108
-66.6874999996545,-26.6458333336475,4.11083316802979,158
-67.3958333329935,-22.3958333336135,3.35366702079773,94
-68.8541666663385,-25.2291666669695,8.49966621398926,26
-69.3124999996755,-19.3541666669225,8.21000003814697,102
-68.1041666663325,-25.5208333336385,4.79483318328857,55
-69.3124999996755,-14.9375000002205,6.07616710662842,866
-65.4374999996445,-23.0625000002855,9.2165002822876,223
-67.2291666663255,-23.0208333336185,5.323166847229,85
-67.8958333329975,-21.6041666669405,2.63733291625977,87
-78.2708333330805,-7.1875000001585,12.1748304367065,960
-67.2291666663255,-19.6041666669245,9.11116695404053,158
-69.1874999996745,-25.0208333336345,6.47550010681152,27
-66.3541666663185,-24.6041666669645,1.42183303833008,162
-66.2708333329845,-22.8541666669505,5.87633323669434,166
-73.3541666663745,-13.8541666668785,7.25250005722046,915
-66.6874999996545,-23.3541666669545,7.71950006484985,110
-68.7291666663375,-24.6041666669645,7.78483295440674,24
-67.3124999996595,-21.3541666669385,8.41383361816406,91
-68.8958333330055,-26.9791666669835,2.96133303642273,81
-77.6458333330755,-9.2708333335085,14.9870004653931,524
-71.6458333330275,-14.0208333335465,4.85099983215332,926
-77.6874999997425,-8.5625000001695,7.58833312988281,785
-69.4791666663435,-28.3125000003275,0.670166611671448,119
-68.6874999996705,-23.7708333336245,9.82983303070068,24
-66.7291666663215,-25.5208333336385,3.61849999427795,129
-77.6041666664085,-8.5208333335025,9.93099975585938,648
-67.6041666663285,-20.3958333335975,7.56133317947388,156
-70.8541666663545,-15.8125000002275,4.35016679763794,651
-66.0624999996495,-24.2291666669615,8.0290002822876,153
-77.1458333330715,-10.6875000001865,2.80366706848145,672
-67.2708333329925,-18.7291666669175,8.94900035858154,295
-66.6458333329875,-23.4375000002885,7.58983278274536,115
-76.9791666664035,-9.1458333335075,16.2609996795654,769
-67.7708333329965,-22.3125000002795,3.57966709136963,73
-69.8124999996795,-28.6041666669965,1.85383296012878,113
-72.3541666663665,-15.3125000002235,7.7960000038147,427
-76.3958333330655,-11.1041666668565,3.45783305168152,966
-69.4791666663435,-18.5208333335825,7.54733276367188,183
-73.3124999997075,-15.5625000002255,6.82833290100098,415
-69.2708333330085,-28.2291666669935,2.69233298301697,98
-67.5208333329945,-25.7708333336405,4.37349987030029,85
-68.5624999996695,-26.1875000003105,3.85366702079773,65
-76.6874999997345,-10.5208333335185,3.86616706848145,875
-68.9791666663395,-18.3125000002475,3.625,347
-68.8124999996715,-25.8958333336415,4.694167137146,45
-74.2708333330485,-15.3541666668905,13.6654996871948,144
-68.3958333330015,-17.3541666669065,8.78116703033447,435
-67.1874999996585,-26.6041666669805,5.66816711425781,111
-70.8124999996875,-15.0625000002215,4.37333297729492,896
-68.2708333330005,-17.4375000002405,8.92450046539307,407
-68.4791666663355,-19.5625000002575,6.12266683578491,141
-75.8124999997275,-10.8541666668545,6.9225001335144,1227
-71.8124999996955,-14.9375000002205,3.45683288574219,815
-68.3541666663345,-21.8541666669425,1.93333303928375,75
-65.3541666663105,-22.6458333336155,6.72616720199585,272
-71.8124999996955,-13.6458333335435,7.60150003433228,859
-67.6041666663285,-19.4375000002565,8.51966667175293,170
-68.1458333329995,-19.0625000002535,7.88466691970825,207
-76.0208333330625,-12.1875000001985,3.84549999237061,745
-68.2708333330005,-28.6458333336635,14.121000289917,114
-70.8958333330215,-15.3125000002235,2.41050004959106,863
-69.1458333330075,-25.5208333336385,7.43333292007446,23
-76.2708333330645,-12.0208333335305,3.8364999294281,712
-67.7291666663295,-19.8541666669265,7.17816686630249,131
-72.8958333330375,-15.6875000002265,6.60799980163574,349
-69.4374999996765,-28.5625000003295,2.08699989318848,105
-66.9374999996565,-22.7291666669495,3.77566695213318,116
-67.1874999996585,-23.5208333336225,5.31033277511597,84
-66.8124999996555,-22.3958333336135,4.69833278656006,128
-73.2708333330405,-15.0208333335545,3.76783299446106,710
-68.1458333329995,-27.8125000003235,9.21749973297119,106
-77.1874999997385,-10.3541666668505,11.8673295974731,497
-69.0624999996735,-25.9375000003085,5.46633291244507,36
-67.1041666663245,-24.9791666669675,7.48616600036621,80
-73.2708333330405,-13.7708333335445,6.48199987411499,944
-75.4374999997245,-12.6875000002025,4.03783321380615,703
-72.8124999997035,-15.7291666668935,6.77483320236206,322
-69.1041666663405,-27.7708333336565,-1.84966695308685,127
-69.8541666663465,-16.1458333335635,9.01449966430664,806
-66.3124999996515,-22.9375000002845,6.39300012588501,157
-68.0624999996655,-22.7708333336165,9.93599987030029,44
-70.6874999996865,-14.6458333335515,5.27566719055176,842
-68.9374999996725,-18.8125000002515,3.20533299446106,264
-67.8958333329975,-25.0208333336345,6.03216600418091,57
-68.0624999996655,-21.7708333336085,0.774500012397766,90
-68.8124999996715,-27.2291666669855,1.34666705131531,94
-67.0208333329905,-21.2291666669375,9.07733345031738,102
-68.9791666663395,-20.9791666669355,8.05416679382324,43
-75.4374999997245,-12.5625000002015,4.12200021743774,766
-66.5208333329865,-21.0208333336025,9.0310001373291,156
-76.9791666664035,-9.3125000001755,10.681170463562,816
-76.8124999997355,-11.0625000001895,2.61116695404053,762
-71.0624999996895,-14.6041666668845,4.4854998588562,883
-69.1458333330075,-26.6458333336475,6.2736668586731,43
-66.4374999996525,-21.3125000002715,7.52016687393188,166
-77.3958333330735,-10.0625000001815,4.87366676330566,590
-66.7708333329885,-20.7291666669335,9.96216678619385,128
-75.9374999997285,-10.3958333335175,8.12683296203613,1302
-73.3541666663745,-15.4791666668915,8.08866691589355,411
-66.9374999996565,-19.2291666669215,9.39666652679443,230
-69.4374999996765,-20.0208333335945,14.2873296737671,17
-68.5208333330025,-26.9375000003165,-1.78116703033447,118
-70.7291666663535,-15.9375000002285,5.70900011062622,648
-67.0624999996575,-18.3541666669145,9.62066745758057,382
-65.2291666663095,-22.4791666669475,7.63500022888184,306
-69.4791666663435,-28.7708333336645,1.05833303928375,115
-68.2291666663335,-20.5208333335985,7.21716690063477,78
-70.6458333330195,-15.3958333335575,2.04683303833008,895
-70.5624999996855,-14.2708333335485,4.68900012969971,836
-66.5208333329865,-26.5625000003135,5.05049991607666,159
-68.4791666663355,-27.8125000003235,1.79666697978973,121
-67.5624999996615,-25.2291666669695,7.05066680908203,64
-66.4791666663195,-24.6041666669645,5.7185001373291,122
-74.1041666663805,-13.2291666668735,12.9243297576904,794
-77.5208333330745,-9.8125000001795,3.66516709327698,630
-67.0208333329905,-20.2708333335965,8.95666694641113,152
-68.7708333330045,-24.7708333336325,7.65766716003418,24
-68.0624999996655,-21.0625000002695,6.69833278656006,71
-69.2708333330085,-18.7291666669175,3.67149996757507,251
-66.5208333329865,-21.7708333336085,3.58916711807251,170
-68.4374999996685,-24.3125000002955,9.64633369445801,27
-70.4374999996845,-14.5625000002175,6.11283302307129,781
-68.9791666663395,-27.1041666669845,4.60233402252197,67
-67.5208333329945,-21.8958333336095,3.40383291244507,93
-66.6458333329875,-26.4791666669795,8.28283309936523,124
-76.3541666663985,-11.1458333335235,4.03283405303955,971
-67.9791666663315,-23.7708333336245,11.0493297576904,43
-69.8958333330135,-14.3125000002155,4.38866710662842,857
-74.6041666663845,-13.7708333335445,3.47466707229614,822
-66.8124999996555,-23.9791666669595,7.60166597366333,95
-69.3124999996755,-17.1875000002385,7.45616722106934,447
-67.4374999996605,-26.3958333336455,11.6151695251465,62
-68.9791666663395,-20.7291666669335,6.09000015258789,60
-69.3124999996755,-19.1041666669205,4.47416687011719,179
-68.1458333329995,-18.6041666669165,7.86416721343994,246
-67.8124999996635,-19.3125000002555,8.32149982452393,175
-74.5624999997175,-14.2291666668815,4.4539999961853,730
-69.5624999996775,-17.9791666669115,7.07483291625977,234
-67.5208333329945,-25.3541666669705,4.54266691207886,80
-71.8124999996955,-16.1041666668965,10.7414999008179,155
-70.7708333330205,-15.8958333335615,4.33500003814697,661
-69.7291666663455,-15.8541666668945,9.75716686248779,951
-66.9374999996565,-25.1458333336355,4.95516681671143,105
-68.5208333330025,-20.7708333336005,3.94133305549622,81
-68.7291666663375,-28.2708333336605,2.63083291053772,117
-72.1458333330315,-15.4375000002245,0.428833395242691,646
-67.6041666663285,-24.3958333336295,8.67850017547607,54
-70.4374999996845,-17.0208333335705,1.76600003242493,455
-76.8958333330695,-10.8958333335215,7.79066705703735,637
-75.1874999997225,-12.9791666668715,2.58566689491272,768
-72.4374999997005,-14.7708333335525,1.38383305072784,806
-75.9791666663955,-11.9791666668635,2.22533297538757,897
-67.2708333329925,-17.3958333335735,7.95550012588501,508
-68.8541666663385,-19.8125000002595,4.00050020217896,126
-69.2291666663415,-17.8125000002435,5.17783403396606,362
-67.5208333329945,-21.1458333336035,7.35883283615112,79
-70.4791666663515,-14.2708333335485,4.02633285522461,853
-67.1458333329915,-21.5208333336065,8.7189998626709,95
-68.3958333330015,-19.6458333335915,7.35833311080933,130
-67.3541666663265,-22.7708333336165,3.28049993515015,90
-68.3541666663345,-17.3958333335735,8.81799983978271,426
-69.8124999996795,-14.7708333335525,6.82383298873901,792
-72.9374999997045,-14.1875000002145,5.90150022506714,922
-66.7708333329885,-20.4791666669315,9.43466663360596,133
-68.9791666663395,-24.3541666669625,9.48900032043457,16
-71.3124999996915,-15.3958333335575,3.95650005340576,695
-68.1874999996665,-27.8125000003235,8.1245002746582,108
-66.7291666663215,-20.6041666669325,9.93249988555908,134
-74.5624999997175,-13.5625000002095,7.23750019073486,830
-65.8124999996475,-22.4791666669475,9.2901668548584,234
-68.0208333329985,-27.0208333336505,3.39566707611084,99
-76.3124999997315,-11.9375000001965,3.74016690254211,731
-69.5624999996775,-18.1458333335795,5.60383319854736,232
-69.0624999996735,-26.8541666669825,6.5460000038147,52
-69.1874999996745,-18.7291666669175,3.6414999961853,264
-72.6041666663685,-13.9375000002125,5.1953330039978,952
-67.1458333329915,-21.8958333336095,5.42799997329712,107
-68.8958333330055,-16.8125000002355,8.71549987792969,605
-73.8541666663785,-15.0208333335545,9.34016704559326,563
-74.4374999997165,-12.9791666668715,14.7621698379517,602
-69.2708333330085,-24.9375000003005,11.602499961853,11
-70.1041666663485,-15.2708333335565,9.31083297729492,684
-74.5208333330505,-12.8541666668705,11.7174997329712,809
-67.0208333329905,-18.8125000002515,9.05616664886475,327
-68.6041666663365,-22.9791666669515,10.5100002288818,26
-66.3541666663185,-24.6458333336315,2.33150005340576,159
-68.1041666663325,-24.7291666669655,5.13350009918213,48
-66.3541666663185,-25.9791666669755,10.3100004196167,130
-70.7708333330205,-14.6875000002185,6.66849994659424,772
-67.1458333329915,-21.5208333336065,8.7189998626709,95
-75.7291666663935,-11.1458333335235,6.60116720199585,1054
-76.0208333330625,-10.4375000001845,5.2558331489563,1382
-69.6874999996785,-17.4791666669075,1.44683301448822,413
-74.4791666663835,-13.5625000002095,7.82933282852173,852
-75.2291666663895,-12.7708333335365,3.60666704177856,773
-67.3124999996595,-21.1458333336035,8.07033252716064,85
-69.0208333330065,-20.0625000002615,2.28949999809265,116
-75.9791666663955,-10.8958333335215,5.21966600418091,1150
-70.5208333330185,-15.2291666668895,5.05249977111816,929
-68.3958333330015,-19.3541666669225,6.96250009536743,178
-69.1041666663405,-25.3125000003035,6.09416723251343,29
-68.8541666663385,-19.5625000002575,4.08316707611084,151
-69.1041666663405,-24.8125000002995,7.67983293533325,20
-74.5624999997175,-13.0208333335385,6.73316717147827,916
-75.6458333330595,-12.3125000001995,4.85666704177856,794
-66.1458333329835,-22.2708333336125,7.44183301925659,198
-73.3124999997075,-14.6458333335515,4.35066699981689,854
-78.3541666664145,-7.0208333334905,10.5313301086426,1012
-76.6041666664005,-11.3958333335255,4.51949977874756,749
-66.3124999996515,-22.8125000002835,4.98449993133545,167
-67.4374999996605,-19.8958333335935,8.08883285522461,165
-74.1874999997145,-13.0208333335385,14.890830039978,668
-67.5624999996615,-24.3541666669625,9.6118335723877,55
-65.9374999996485,-23.8125000002915,9.97999954223633,157
-70.2708333330165,-16.6875000002345,4.21866703033447,542
-67.1874999996585,-19.6041666669245,9.26683330535889,161
-68.0624999996655,-21.9375000002765,1.14683294296265,85
-74.3541666663825,-12.9375000002045,17.2366695404053,485
-69.4791666663435,-15.1041666668885,7.17483282089233,850
-67.8541666663305,-27.0208333336505,10.7084999084473,78
-73.8958333330455,-14.7708333335525,4.84299993515015,781
-76.2291666663975,-12.6041666668685,12.3074998855591,260
-66.8541666663225,-21.9791666669435,2.41316699981689,140
-73.3124999997075,-14.0208333335465,9.80116653442383,946
-68.1458333329995,-24.5625000002975,6.09483289718628,44
-65.1874999996425,-23.1458333336195,7.14200019836426,260
-77.2708333330725,-10.5208333335185,13.7154998779297,350
-66.5208333329865,-22.4375000002805,8.33816623687744,142
-68.3124999996675,-21.5208333336065,6.67083406448364,56
-72.7708333330365,-14.4791666668835,6.65683317184448,855
-68.3958333330015,-23.7291666669575,12.3613300323486,27
-71.8124999996955,-13.3125000002075,6.65683317184448,835
-65.8541666663145,-24.6458333336315,11.0678300857544,187
-68.9791666663395,-28.1875000003265,0.783666610717773,120
-67.4791666663275,-27.1041666669845,7.39249992370605,119
-66.2291666663175,-24.6875000002985,10.0871696472168,150
-71.5208333330265,-14.3958333335495,5.53483295440674,908
-66.8541666663225,-24.2291666669615,5.31300020217896,101
-65.8541666663145,-24.4375000002965,10.7588300704956,178
-66.2708333329845,-26.1875000003105,4.18733406066895,181
-76.5624999997335,-11.1458333335235,2.79733300209045,862
-68.7708333330045,-26.8958333336495,2.83383297920227,87
-67.3124999996595,-23.8541666669585,6.0475001335144,76
-76.9374999997365,-9.4375000001765,5.87200021743774,928
-68.6041666663365,-20.5625000002655,6.24083280563354,71
-72.1458333330315,-15.6458333335595,14.6006698608398,212
-68.4791666663355,-20.9791666669355,2.17700004577637,85
-73.2708333330405,-15.1875000002225,9.93733310699463,456
-67.5624999996615,-23.3125000002875,2.14816689491272,86
-65.4791666663115,-22.6041666669485,9.70349979400635,261
-71.5624999996935,-15.0625000002215,4.03900003433228,813
-65.5624999996455,-22.3125000002795,10.7648296356201,294
-72.3958333330335,-15.5625000002255,1.54333305358887,552
-69.3124999996755,-15.1875000002225,6.06133317947388,904
-66.7291666663215,-25.2291666669695,6.2028341293335,106
-70.6874999996865,-14.8125000002195,7.01000022888184,749
-66.8958333329895,-24.7708333336325,7.69799995422363,89
-75.8124999997275,-12.0208333335305,5.40816688537598,813
-68.1874999996665,-20.7708333336005,4.59166717529297,87
-76.6458333330675,-10.2291666668495,6.65633296966553,916
-72.3541666663665,-13.7708333335445,10.2761697769165,924
-67.9791666663315,-22.3958333336135,1.34150004386902,79
-71.1458333330235,-15.6875000002265,2.12433290481567,648
-78.0624999997455,-8.2291666668335,14.5579996109009,393
-69.1041666663405,-28.1458333336595,0.559166729450226,113
-71.5208333330265,-16.3125000002315,12.9531698226929,120
-67.1874999996585,-24.4791666669635,7.42416715621948,77
-68.2708333330005,-20.0208333335945,6.85799980163574,105
-76.6458333330675,-11.5208333335265,9.01083374023438,455
-69.3124999996755,-29.0625000003335,5.22366714477539,99
-67.3541666663265,-23.1458333336195,2.73916697502136,92
-67.7291666663295,-23.3125000002875,3.99683308601379,74
-78.1041666664125,-7.6875000001625,15.7401695251465,660
-67.8958333329975,-18.8541666669185,8.22049999237061,232
-66.3541666663185,-21.8541666669425,8.6681661605835,179
-68.9791666663395,-19.9791666669275,2.62633299827576,120
-68.2291666663335,-20.4791666669315,7.15483283996582,81
-66.1458333329835,-26.3125000003115,7.41099977493286,189
-68.4791666663355,-25.8541666669745,5.88883399963379,47
-71.8541666663625,-13.3125000002075,6.99849987030029,812
-69.6874999996785,-18.2291666669135,9.07883358001709,175
-72.2291666663655,-13.5625000002095,9.15616703033447,863
-69.9374999996805,-15.2708333335565,9.4238338470459,718
-67.6458333329955,-18.3958333335815,8.52883338928223,293
-76.9374999997365,-11.0625000001895,9.06683254241943,549
-68.8541666663385,-18.9791666669195,2.34150004386902,250
-65.8541666663145,-22.2708333336125,10.1549997329712,250
-75.1041666663885,-13.4375000002085,3.43050003051758,735
-70.2291666663495,-17.1041666669045,2.37800002098083,454
-71.2708333330245,-13.7708333335445,3.37416696548462,936
-70.3958333330175,-15.1041666668885,7.55433320999146,760
-77.6041666664085,-8.8958333335055,1.68099999427795,980
-67.0624999996575,-24.2291666669615,6.381667137146,86
-68.1041666663325,-24.4375000002965,3.34200000762939,58
-66.5208333329865,-19.7291666669255,6.05533313751221,161
-74.3124999997155,-13.8541666668785,10.388500213623,768
-70.8124999996875,-16.3125000002315,3.41433310508728,510
-66.1041666663165,-22.7708333336165,8.82900047302246,174
-69.1041666663405,-25.6875000003065,5.32916688919067,34
-69.8958333330135,-14.8958333335535,7.84950017929077,738
-68.3958333330015,-27.3958333336535,3.06683301925659,95
-67.0208333329905,-19.4791666669235,9.125,177
-68.9374999996725,-25.1458333336355,7.77250003814697,30
-71.2291666663575,-16.1875000002305,5.35633277893066,351
-68.7291666663375,-24.5208333336305,8.73333358764648,22
-68.3541666663345,-25.4791666669715,3.85583305358887,55
-68.9791666663395,-24.8125000002995,10.7873296737671,15
-65.0624999996415,-22.9791666669515,10.1014995574951,294
-69.5208333330105,-14.6458333335515,4.06383323669434,895
-67.6874999996625,-21.1458333336035,7.14416694641113,74
-76.5624999997335,-10.1875000001825,5.71466684341431,1015
-75.0624999997215,-13.6875000002105,4.86950016021729,667
-68.7291666663375,-20.1041666669285,2.84583306312561,116
-75.6874999997265,-12.2708333335325,6.0086669921875,782
-70.2708333330165,-14.6041666668845,6.45666694641113,772
-76.1874999997305,-12.1458333335315,8.24183368682861,467
-69.0624999996735,-17.4791666669075,7.70516681671143,405
-67.3541666663265,-17.3958333335735,7.34533405303955,503
-66.8958333329895,-19.0625000002535,9.34333324432373,283
-70.1874999996825,-16.9791666669035,3.18183398246765,482
-70.4374999996845,-13.9791666668795,4.46816682815552,831
-68.1874999996665,-19.0208333335865,7.96166706085205,196
-73.7708333330445,-13.7291666668775,13.0666704177856,843
-67.1458333329915,-21.6875000002745,7.86583280563354,96
-76.7291666664015,-11.3958333335255,6.13433313369751,587
-68.4791666663355,-27.0208333336505,-0.871666789054871,118
-76.8124999997355,-9.4791666668435,10.4938297271729,809
-69.2708333330085,-25.8125000003075,8.51566696166992,23
-69.6874999996785,-17.0625000002375,5.67950010299683,449
-73.1458333330395,-15.0208333335545,3.23983311653137,708
-66.8124999996555,-23.3958333336215,5.54150009155273,109
-66.6874999996545,-20.9375000002685,9.57266616821289,138
-76.1874999997305,-10.8958333335215,6.16183280944824,1016
-73.8124999997115,-15.5625000002255,10.1828298568726,256
-67.3541666663265,-21.1041666669365,8.07433319091797,85
-67.2291666663255,-25.8125000003075,5.04850006103516,92
-68.0624999996655,-25.6875000003065,5.49766683578491,55
-69.4374999996765,-19.6458333335915,13.1785001754761,30
-68.6874999996705,-19.7708333335925,-0.459833294153214,179
-65.6041666663125,-21.9791666669435,11.8056697845459,334
-72.8958333330375,-14.9791666668875,2.41883301734924,714
-65.2291666663095,-22.1041666669445,8.97933387756348,349
-70.8541666663545,-15.3541666668905,2.09383296966553,868
-66.4791666663195,-19.3541666669225,5.07566690444946,195
-66.5208333329865,-20.0208333335945,8.48483371734619,153
-68.9374999996725,-25.3125000003035,7.00816679000854,30
-72.0624999996975,-13.7291666668775,8.17300033569336,903
-67.6041666663285,-20.0208333335945,7.52583408355713,177
-74.0208333330465,-13.3125000002075,10.8801698684692,894
-66.4791666663195,-22.2291666669455,7.14466714859009,157
-70.6874999996865,-15.8541666668945,4.84499979019165,715
-70.0624999996815,-16.3958333335655,4.10816717147827,699
-76.1874999997305,-12.2708333335325,7.97300004959106,481
-77.6041666664085,-8.9791666668395,1.22749996185303,979
-71.9374999996965,-13.9791666668795,7.03283405303955,919
-68.8958333330055,-25.8125000003075,10.0793304443359,26
-77.0208333330705,-10.1875000001825,7.01666593551636,684
-67.1874999996585,-22.6458333336155,3.60050010681152,99
-71.5208333330265,-15.4791666668915,5.13666677474976,589
-77.8958333330775,-7.9791666668315,10.158670425415,985
-68.5624999996695,-19.0625000002535,6.98716688156128,195
-68.1041666663325,-22.0208333336105,5.77583312988281,57
-69.4374999996765,-24.5208333336305,15.7143297195435,8
-69.6041666663445,-18.0625000002455,6.30950021743774,222
-74.1041666663805,-13.5208333335425,11.7924995422363,833
-65.9791666663155,-24.6458333336315,9.02766704559326,166
-66.8124999996555,-19.2708333335885,9.61883354187012,234
-66.2291666663175,-22.8541666669505,6.08916711807251,168
-70.5208333330185,-15.1875000002225,4.80066680908203,928
-70.3541666663505,-14.4791666668835,6.17033290863037,791
-77.1458333330715,-8.8958333335055,18.2140007019043,723
-69.3541666663425,-15.0625000002215,6.23466682434082,873
-67.8541666663305,-17.3958333335735,8.75266647338867,396
-69.2708333330085,-27.6875000003225,0.411666691303253,110
-78.3124999997475,-7.3541666668265,11.3004999160767,839
-74.7708333330525,-13.7708333335445,3.58633303642273,770
-68.1458333329995,-23.5208333336225,14.0678300857544,38
-69.7708333330125,-16.8125000002355,7.82183313369751,476
-76.8958333330695,-9.9791666668475,5.34266710281372,801
-74.4374999997165,-14.6041666668845,6.11749982833862,661
-66.6458333329875,-20.8541666669345,9.46616554260254,142
-70.6874999996865,-16.1875000002305,7.99383306503296,470
-67.5624999996615,-21.8958333336095,3.25416707992554,92
-66.6874999996545,-24.2291666669615,3.32366704940796,126
-76.8541666664025,-10.2708333335165,3.07200002670288,883
-72.9374999997045,-14.8125000002195,1.9559999704361,771
-70.7708333330205,-15.8541666668945,5.51183319091797,669
-67.5624999996615,-25.8958333336415,4.95300006866455,78
-67.6458333329955,-17.5625000002415,8.58850002288818,382
-76.6041666664005,-9.8125000001795,8.02149963378906,944
-75.4791666663915,-11.6041666668605,8.97150039672852,898
-69.4791666663435,-15.2291666668895,8.12916660308838,852
-67.6458333329955,-19.6875000002585,8.49816703796387,156
-66.2291666663175,-24.3541666669625,6.81966686248779,141
-68.2708333330005,-18.7291666669175,7.78599977493286,230
-76.3124999997315,-11.9791666668635,4.545166015625,660
-71.0624999996895,-14.3541666668825,2.74166703224182,932
-67.4791666663275,-23.7291666669575,3.13183307647705,83
-68.6458333330035,-26.8541666669825,0.657166600227356,89
-66.7291666663215,-25.6458333336395,4.80600023269653,122
-76.5624999997335,-10.4375000001845,5.27083301544189,958
-72.8124999997035,-13.8125000002115,14.1184997558594,1073
-68.8124999996715,-17.9791666669115,5.63899993896484,378
-67.1874999996585,-18.8958333335855,8.90316677093506,284
-67.9374999996645,-19.9375000002605,7.07950019836426,169
-69.2708333330085,-18.3958333335815,3.81333303451538,304
-67.8124999996635,-25.3125000003035,5.00716590881348,64
-75.9374999997285,-12.2708333335325,2.57349991798401,809
-68.4374999996685,-25.9375000003085,2.7653329372406,62
-67.1458333329915,-26.6041666669805,2.4135000705719,139
-67.6874999996625,-24.2708333336285,8.32849979400635,52
-70.2291666663495,-16.4375000002325,3.4135000705719,643
-69.1041666663405,-20.0625000002615,6.10066699981689,84
-68.7291666663375,-27.1041666669845,-3.66149997711182,139
-68.7708333330045,-28.6458333336635,8.04716682434082,134
-67.6458333329955,-17.6875000002425,8.65199947357178,360
-75.2708333330565,-12.9791666668715,3.22383308410645,704
-72.9374999997045,-15.6041666668925,11.7913303375244,243
-69.1874999996745,-16.7708333335685,8.75183296203613,616
-72.3958333330335,-15.2708333335565,4.54816722869873,548
-70.8958333330215,-14.4791666668835,2.59383296966553,922
-69.2708333330085,-27.6458333336555,1.09066700935364,108
-68.1041666663325,-24.3541666669625,3.1088330745697,61
-73.6458333330435,-15.0208333335545,5.84866714477539,689
-66.7708333329885,-24.1875000002945,4.51983404159546,112
-66.6041666663205,-26.5625000003135,7.09966707229614,142
-71.6874999996945,-15.9791666668955,6.79716682434082,315
-70.3958333330175,-15.3541666668905,8.39666652679443,721
-68.2708333330005,-23.5625000002895,14.0871696472168,32
-66.3541666663185,-24.9375000003005,-0.805333316326141,197
-68.8958333330055,-17.1875000002385,8.89550018310547,480
-75.1874999997225,-13.2708333335405,2.71600008010864,744
-68.4374999996685,-17.5625000002415,8.77833366394043,397
-76.2291666663975,-10.3958333335175,10.7631702423096,909
-68.3124999996675,-26.0625000003095,4.16499996185303,64
-67.3124999996595,-18.8541666669185,8.7281665802002,286
-77.3124999997395,-9.1458333335075,7.74233293533325,815
-65.8541666663145,-24.8958333336335,7.94633293151855,216
-69.8541666663465,-14.6875000002185,4.37716722488403,902
-70.0624999996815,-15.0208333335545,7.89283323287964,743
-68.2708333330005,-23.7708333336245,13.9863300323486,31
-69.3124999996755,-28.2708333336605,1.02416694164276,111
-69.0208333330065,-15.2291666668895,6.72499990463257,927
-77.4374999997405,-9.1458333335075,5.76000022888184,829
-66.7291666663215,-25.8125000003075,5.74650001525879,119
-68.0624999996655,-27.1458333336515,5.09833288192749,90
-68.6041666663365,-20.8541666669345,5.08249998092651,71
-69.6458333330115,-17.3541666669065,6.04066705703735,348
-71.2291666663575,-15.8125000002275,3.9681670665741,479
-66.6874999996545,-26.2708333336445,4.87949991226196,138
-68.8541666663385,-27.7291666669895,-5.31150007247925,220
-67.9374999996645,-26.3958333336455,3.26266694068909,86
-67.6458333329955,-21.8958333336095,4.00649976730347,83
-68.9374999996725,-25.8125000003075,9.36149978637695,25
-66.8124999996555,-26.7708333336485,10.0614995956421,113
-74.2291666663815,-14.0208333335465,5.76516723632812,845
-71.0624999996895,-13.8958333335455,2.67716693878174,892
-76.8958333330695,-9.7708333335125,6.44049978256226,836
-67.3124999996595,-18.3958333335815,9.19633293151855,325
-67.6458333329955,-19.6875000002585,8.49816703796387,156
-69.0208333330065,-25.3125000003035,6.17116594314575,42
-67.1041666663245,-20.5208333335985,8.80266666412354,145
-67.4374999996605,-25.0208333336345,7.85716676712036,62
-70.0624999996815,-17.1458333335715,3.68950009346008,436
-69.4374999996765,-17.1041666669045,4.29199981689453,507
-72.2291666663655,-14.5208333335505,5.47399997711182,882
-68.9374999996725,-17.3125000002395,8.66199970245361,446
-66.6874999996545,-25.8958333336415,5.33416700363159,126
-76.1041666663965,-12.1041666668645,4.59866714477539,698
-69.4791666663435,-14.7291666668855,2.99699997901917,929
-68.5208333330025,-18.6458333335835,7.57049989700317,239
-67.4374999996605,-23.1458333336195,4.08833312988281,80
-76.1041666663965,-11.3541666668585,6.02400016784668,821
-67.0624999996575,-20.8958333336015,9.35400009155273,104
-68.5624999996695,-27.0208333336505,-0.0621666796505451,109
-70.2708333330165,-14.4791666668835,5.63833284378052,790
-68.9374999996725,-18.9791666669195,3.76983308792114,238
-68.6874999996705,-18.9375000002525,4.51766681671143,242
-75.4374999997245,-12.2708333335325,7.11266708374023,821
-68.5208333330025,-17.6875000002425,8.46300029754639,381
-68.4374999996685,-26.9791666669835,0.884666681289673,101
-71.7291666663615,-14.1458333335475,6.29949998855591,943
-78.3958333330815,-7.8958333334975,8.92116641998291,709
-67.8541666663305,-26.2291666669775,7.2810001373291,63
-76.7291666664015,-11.3958333335255,6.13433313369751,587
-75.6458333330595,-13.1041666668725,9.53066635131836,482
-77.3541666664065,-10.1875000001825,5.56099987030029,580
-67.8124999996635,-18.4375000002485,8.05949974060059,282
-67.6874999996625,-18.5625000002495,8.35366630554199,275
-67.0624999996575,-26.8125000003155,6.36333322525024,123
-65.8541666663145,-24.2291666669615,10.0279998779297,170
-68.3958333330015,-25.8125000003075,4.444167137146,52
-73.3958333330415,-14.6041666668845,4.13549995422363,871
-71.7291666663615,-15.2291666668895,2.64249992370605,755
-66.9374999996565,-26.1458333336435,3.28500008583069,127
-68.1458333329995,-18.5208333335825,7.92233276367188,262
-69.0624999996735,-20.3125000002635,5.66450023651123,75
-69.1874999996745,-19.8958333335935,9.23050022125244,63
-76.4791666663995,-9.8958333335135,9.68183326721191,990
-68.2291666663335,-19.6041666669245,7.24399995803833,149
-67.1874999996585,-21.8541666669425,6.29716682434082,101
-71.4791666663595,-14.7708333335525,7.14516687393188,842
-72.5624999997015,-14.1458333335475,5.88766717910767,920
-71.6041666663605,-15.2708333335565,3.67583298683167,740
-67.9374999996645,-24.3958333336295,4.37216711044312,62
-76.9374999997365,-10.2291666668495,3.20916700363159,789
-72.1874999996985,-13.6041666668765,7.63116598129272,889
-74.3958333330495,-15.2291666668895,15.1000003814697,106
-77.1874999997385,-9.2708333335085,8.03266620635986,796
-73.9791666663795,-13.6875000002105,11.9856700897217,814
-66.9791666663235,-19.1875000002545,9.3303337097168,240
-71.0624999996895,-13.8541666668785,2.29183292388916,909
-67.1874999996585,-20.5625000002655,8.28366661071777,167
-68.2708333330005,-20.3541666669305,7.02799987792969,81
-75.6874999997265,-13.2291666668735,7.03700017929077,557
-70.7291666663535,-16.6458333335675,11.939169883728,205
-69.5624999996775,-16.3125000002315,8.40066623687744,892
-68.7708333330045,-17.4791666669075,8.55200004577637,419
-66.6041666663205,-22.5208333336145,5.91200017929077,141
-67.8541666663305,-21.6458333336075,3.6096670627594,78
-70.6041666663525,-14.4791666668835,6.47499990463257,755
-67.0624999996575,-26.5625000003135,-1.67550003528595,175
-71.3541666663585,-15.1875000002225,3.5011670589447,806
-67.8124999996635,-24.1041666669605,4.4661660194397,62
-66.5624999996535,-19.2708333335885,4.94250011444092,206
-77.5624999997415,-8.5625000001695,12.5123300552368,507
-77.8541666664105,-9.1041666668405,10.0938301086426,422
-71.6874999996945,-14.1458333335475,9.07283306121826,888
-73.9791666663795,-15.2291666668895,11.1551704406738,339
-67.6041666663285,-24.1041666669605,8.94733333587646,55
-67.1041666663245,-24.5625000002975,8.23766708374023,76
-66.4791666663195,-19.8541666669265,3.33233308792114,176
-71.9374999996965,-14.8541666668865,2.50149989128113,830
-73.9791666663795,-13.3541666668745,8.72216701507568,942
-67.9374999996645,-18.5625000002495,8.09183311462402,263
-68.9374999996725,-17.3541666669065,8.26333332061768,445
-67.0208333329905,-26.3958333336455,-0.888166725635529,169
-68.4791666663355,-25.1041666669685,4.21600008010864,48
-76.5208333330665,-11.1458333335235,2.12583303451538,916
-66.4791666663195,-22.2291666669455,7.14466714859009,157
-67.8958333329975,-27.2708333336525,9.96733283996582,102
-75.8958333330615,-11.0625000001895,5.27166700363159,1090
-68.0624999996655,-25.0208333336345,5.97100019454956,48
-74.3958333330495,-15.2291666668895,15.1000003814697,106
-67.8124999996635,-21.6458333336075,3.98900008201599,83
-75.9791666663955,-11.5625000001935,5.9366660118103,814
-68.1874999996665,-23.1458333336195,13.6866703033447,38
-68.9791666663395,-20.1875000002625,2.4213330745697,105
-69.3124999996755,-16.4791666668995,6.82366704940796,799
-69.4374999996765,-18.2708333335805,1.8376669883728,297
-66.9374999996565,-19.7291666669255,8.31550025939941,140
-77.7708333330765,-8.8125000001715,4.45949983596802,808
-76.5208333330665,-11.7708333335285,3.31933307647705,753
-67.6041666663285,-20.4791666669315,7.68450021743774,146
-67.7291666663295,-20.4375000002645,7.81666707992554,88
-73.0624999997055,-14.9375000002205,2.95199990272522,730
-74.8958333330535,-13.9791666668795,8.15900039672852,585
-73.4791666663755,-13.7291666668775,8.93916702270508,886
-69.1874999996745,-16.8125000002355,8.65733337402344,598
-67.3124999996595,-26.6458333336475,8.00399971008301,92
-66.6874999996545,-25.3125000003035,5.41499996185303,114
-68.6874999996705,-24.8958333336335,3.24783301353455,45
-75.1458333330555,-12.3958333335335,10.8063297271729,721
-74.6041666663845,-13.4791666668755,4.4229998588562,853
-74.8124999997195,-12.6041666668685,5.95800018310547,907
-73.6041666663765,-14.0208333335465,13.2118301391602,870
-77.6458333330755,-8.9791666668395,2.00149989128113,877
-68.1874999996665,-17.8541666669105,7.48950004577637,359
-69.2708333330085,-19.2291666669215,5.30766677856445,155
-69.8958333330135,-28.8541666669985,4.74733304977417,87
-69.1041666663405,-17.8958333335775,5.02899980545044,373
-67.8124999996635,-24.4375000002965,9.26200008392334,45
-68.6458333330035,-19.4375000002565,7.01333284378052,144
-67.4374999996605,-20.0625000002615,7.86166715621948,168
-68.1458333329995,-19.1458333335875,7.74650001525879,198
-69.0624999996735,-16.9791666669035,8.73916625976562,533
-76.5624999997335,-11.3541666668585,2.64266705513,878
-67.8124999996635,-23.6875000002905,6.94099998474121,62
-71.8541666663625,-13.9791666668795,10.6686697006226,829
-76.9791666664035,-8.8958333335055,9.43333339691162,914
-76.1041666663965,-12.1875000001985,3.87350010871887,717
-69.9374999996805,-17.3125000002395,3.1163330078125,386
-66.7291666663215,-24.3958333336295,2.61299991607666,127
-74.7708333330525,-13.9791666668795,4.51983404159546,724
-73.2291666663735,-14.2291666668815,6.36883401870728,937
-68.6874999996705,-27.6458333336555,2.52533292770386,104
-75.6041666663925,-12.7708333335365,4.75533294677734,666
-74.8958333330535,-12.3541666668665,8.49666690826416,910
-66.5208333329865,-22.5208333336145,6.1564998626709,149
-72.0208333330305,-14.6875000002185,6.12733316421509,841
-69.3541666663425,-17.1875000002385,5.77416706085205,469
-74.6874999997185,-13.5208333335425,4.59016704559326,817
-76.7708333330685,-9.6875000001785,9.1046667098999,844
-77.6458333330755,-8.7708333335045,6.62966680526733,766
-70.8541666663545,-15.8541666668945,3.43016695976257,653
-69.1041666663405,-20.2708333335965,7.20883321762085,66
-67.4791666663275,-22.9791666669515,3.76449990272522,82
-70.8958333330215,-15.3125000002235,2.41050004959106,863
-67.0624999996575,-26.5208333336465,-2.50550007820129,180
-68.6874999996705,-17.7291666669095,6.7960000038147,403
-71.2291666663575,-13.7291666668775,4.23400020599365,893
-66.3124999996515,-21.7291666669415,8.38716697692871,183
-74.2291666663815,-14.3125000002155,4.87900018692017,784
-67.8124999996635,-18.8541666669185,8.34566688537598,234
-69.1874999996745,-17.1875000002385,7.53483295440674,461
-77.2708333330725,-9.0625000001735,7.95166683197021,836
-66.8958333329895,-22.7291666669495,4.64633321762085,116
-67.2708333329925,-21.7708333336085,6.97633409500122,91
-67.4374999996605,-23.9375000002925,3.59733295440674,81
-68.1458333329995,-21.7708333336085,5.06316709518433,62
-69.1874999996745,-25.5208333336385,7.88183307647705,22
-71.9374999996965,-14.3125000002155,7.41166687011719,969
-77.8124999997435,-9.3958333335095,4.80749988555908,609
-68.7708333330045,-24.0625000002935,10.7223300933838,17
-75.0624999997215,-14.1041666668805,16.4473304748535,140
-71.4374999996925,-15.1875000002225,4.51133298873901,773
-70.2708333330165,-17.1458333335715,6.15799999237061,341
-69.3124999996755,-19.9791666669275,12.0284996032715,32
-67.1874999996585,-24.4375000002965,6.84383296966553,82
-70.6458333330195,-13.7708333335445,3.51383304595947,896
-65.6458333329795,-24.3125000002955,2.02749991416931,215
-67.8541666663305,-21.6458333336075,3.6096670627594,78
-67.4791666663275,-17.9791666669115,9.11450004577637,331
-76.6458333330675,-9.9791666668475,8.90616703033447,924
-67.9374999996645,-22.5208333336145,4.14799976348877,65
-67.3124999996595,-21.2708333336045,8.44983386993408,83
-68.6458333330035,-28.5208333336625,8.63300037384033,132
-67.3124999996595,-18.1875000002465,9.40633296966553,345
-66.1041666663165,-24.5625000002975,2.93849992752075,182
-70.1458333330155,-14.7291666668855,7.26300001144409,748
-68.8124999996715,-28.4375000003285,1.72099995613098,122
-75.5624999997255,-11.5208333335265,9.16600036621094,792
-67.6458333329955,-24.8958333336335,9.22566699981689,105
-67.3541666663265,-20.8541666669345,8.77250003814697,86
-74.6041666663845,-14.3125000002155,5.40399980545044,687
-70.1458333330155,-16.1041666668965,7.36649990081787,719
-65.6041666663125,-22.5625000002815,9.75083446502686,247
-65.6458333329795,-22.1875000002785,11.4036703109741,306
-67.0624999996575,-24.4791666669635,8.65183353424072,79
-69.5624999996775,-28.4375000003285,-1.35366702079773,126
-69.1458333330075,-15.1458333335555,5.93650007247925,891
-69.4374999996765,-28.8541666669985,2.42433309555054,110
-68.7708333330045,-17.6875000002425,7.36399984359741,399
-72.0624999996975,-14.6458333335515,5.7161660194397,850
-71.6041666663605,-13.9791666668795,8.0218334197998,837
-66.8124999996555,-19.4791666669235,9.02633285522461,175
-66.9791666663235,-24.2708333336285,5.47516679763794,93
-71.1458333330235,-16.1875000002305,3.00133299827576,445
-70.0208333330145,-17.1875000002385,3.87316703796387,418
-68.5208333330025,-23.3541666669545,13.9195003509521,23
-68.4791666663355,-17.3958333335735,9.22316646575928,419
-71.6874999996945,-15.6458333335595,8.86483383178711,406
-66.7708333329885,-21.9791666669435,5.91116714477539,135
-70.8958333330215,-14.7291666668855,6.21283292770386,817
-65.9791666663155,-21.7291666669415,12.8079996109009,253
-71.1458333330235,-13.6875000002105,2.58599996566772,911
-68.0624999996655,-25.0208333336345,5.97100019454956,48
-69.1041666663405,-17.5625000002415,7.52016687393188,381
-67.3541666663265,-18.8541666669185,8.68266677856445,268
-65.8541666663145,-23.6041666669565,10.2194995880127,160
-72.6458333330355,-13.9375000002125,5.5236668586731,947
-66.6874999996545,-25.7708333336405,4.74650001525879,127
-67.5208333329945,-22.1458333336115,2.61616706848145,95
-68.8541666663385,-18.7291666669175,5.18816709518433,261
-65.8124999996475,-24.0625000002935,5.05866718292236,183
-72.2708333330325,-15.8125000002275,15.979829788208,124
-68.2708333330005,-17.2291666669055,5.91550016403198,519
-65.2708333329765,-22.5208333336145,8.94766616821289,300
-67.4791666663275,-26.6458333336475,9.75766658782959,154
-68.0624999996655,-25.5625000003055,0.792166829109192,82
-71.6458333330275,-15.9375000002285,7.8046669960022,313
-67.4374999996605,-22.0625000002775,6.12550020217896,81
-66.6874999996545,-21.4375000002725,7.81183290481567,140
-66.7708333329885,-26.7291666669815,9.44750022888184,119
-78.4791666664155,-7.3125000001595,14.7918300628662,689
-75.1041666663885,-13.6875000002105,5.52183294296265,648
-70.3124999996835,-14.3958333335495,4.75699996948242,821
-69.8958333330135,-14.3125000002155,4.38866710662842,857
-66.3124999996515,-25.1041666669685,8.55416679382324,154
-66.6458333329875,-26.6041666669805,5.99183320999146,147
-75.5624999997255,-13.1875000002065,11.9063301086426,380
-67.7708333329965,-25.2291666669695,4.87983322143555,67
-76.6874999997345,-11.1875000001905,4.39716720581055,737
-76.2291666663975,-12.1458333335315,9.98133373260498,394
-77.7708333330765,-8.2708333335005,5.87533283233643,1096
-68.8541666663385,-26.5625000003135,4.3981671333313,61
-70.0624999996815,-15.0208333335545,7.89283323287964,743
-66.0208333329825,-22.6458333336155,9.77633380889893,193
-73.7708333330445,-15.0208333335545,10.006329536438,518
-67.7291666663295,-22.0208333336105,0.929000079631805,99
-72.3541666663665,-15.5208333335585,7.96683311462402,375
-68.7291666663375,-19.1875000002545,3.95199990272522,207
-67.2708333329925,-19.6875000002585,9.15466690063477,161
-68.1041666663325,-26.4791666669795,7.13666677474976,62
-72.0624999996975,-15.5625000002255,9.94400024414062,366
-66.3958333329855,-16.7708333335685,12.550669670105,1200
-68.3124999996675,-24.5208333336305,4.19733285903931,49
-75.7291666663935,-12.1458333335315,5.86066722869873,798
-67.3124999996595,-19.8958333335935,8.31183338165283,167
-71.8124999996955,-13.3541666668745,7.5538330078125,776
-66.6041666663205,-24.9375000003005,2.0460000038147,142
-65.3958333329775,-22.7291666669495,7.51833295822144,260
-69.1041666663405,-20.8541666669345,12.1871700286865,22
-66.8541666663225,-24.0208333336265,7.53883409500122,94
-67.9374999996645,-18.7708333335845,8.07250022888184,239
-69.3541666663425,-14.7708333335525,4.58400011062622,897
-74.3541666663825,-12.5625000002015,13.386830329895,787
-73.5208333330425,-13.7291666668775,10.1110000610352,923
-67.4374999996605,-24.4375000002965,9.6428337097168,63
-75.6041666663925,-12.5208333335345,3.42616701126099,769
-73.9374999997125,-13.5625000002095,7.15583276748657,935
-74.2708333330485,-15.3125000002235,14.836669921875,109
-78.4374999997485,-7.6458333334955,11.4265003204346,657
-77.1874999997385,-8.8125000001715,17.4526691436768,733
-75.6041666663925,-13.5208333335425,14.0749998092651,197
-72.0208333330305,-13.6041666668765,8.47566699981689,859
-72.5208333330345,-14.1458333335475,5.08349990844727,923
-68.0208333329985,-19.2291666669215,7.93933296203613,178
-70.1041666663485,-15.7291666668935,9.22300052642822,652
-66.9374999996565,-19.1458333335875,9.36466693878174,254
-70.1874999996825,-15.0625000002215,8.51049995422363,708
-67.1041666663245,-26.1875000003105,4.66050004959106,110
-67.6458333329955,-22.7708333336165,3.29066705703735,75
-65.5208333329785,-23.2708333336205,9.17399978637695,202
-76.5208333330665,-9.9791666668475,9.4350004196167,957
-73.3541666663745,-14.3125000002155,5.40066719055176,920
-70.1458333330155,-15.0625000002215,8.04833316802979,745
-75.7708333330605,-11.9791666668635,6.40433406829834,802
-76.1041666663965,-12.1041666668645,4.59866714477539,698
-75.6458333330595,-13.4791666668755,13.602499961853,208
-68.8541666663385,-24.6041666669645,10.6999998092651,16
-70.2708333330165,-15.2291666668895,8.43266677856445,714
-67.4791666663275,-26.7291666669815,6.99033403396606,93
-67.3958333329935,-21.1458333336035,7.16149997711182,85
-67.6874999996625,-22.5625000002815,3.91083288192749,71
-66.0208333329825,-23.4791666669555,10.3081703186035,154
-73.3958333330415,-14.3541666668825,7.04633283615112,909
-67.3958333329935,-17.5625000002415,7.79500007629395,438
-75.8958333330615,-11.4791666668595,6.07999992370605,894
-66.4374999996525,-23.1875000002865,6.62983322143555,139
-69.2291666663415,-18.7291666669175,3.01133298873901,261
-66.4374999996525,-26.7291666669815,12.3859996795654,142
-67.7708333329965,-26.2291666669775,5.47300004959106,75
-67.4374999996605,-20.4791666669315,7.7519998550415,157
-66.9791666663235,-21.9791666669435,4.5236668586731,121
-67.8541666663305,-25.3125000003035,5.32550001144409,60
-70.2291666663495,-16.6875000002345,4.07816600799561,551
-67.8541666663305,-27.0208333336505,10.7084999084473,78
-68.0624999996655,-25.9791666669755,8.63766670227051,47
-71.6458333330275,-15.9375000002285,7.8046669960022,313
-75.5624999997255,-12.3541666668665,4.52116680145264,808
-77.1041666664045,-9.1041666668405,10.0644998550415,787
-67.9374999996645,-17.7291666669095,8.3556661605835,353
-70.2291666663495,-17.1875000002385,5.69883298873901,345
-66.7708333329885,-20.9791666669355,9.66749954223633,131
-66.3541666663185,-26.2291666669775,5.91333293914795,163
-68.4791666663355,-27.0208333336505,-0.871666789054871,118
-69.1874999996745,-20.2291666669295,11.3125,34
-66.6041666663205,-21.3958333336055,8.2723331451416,147
-66.4374999996525,-22.8541666669505,5.37949991226196,146
-67.6041666663285,-19.1875000002545,8.49683284759521,206
-77.3124999997395,-10.0208333335145,5.79400014877319,540
-71.3124999996915,-15.0208333335545,5.32216596603394,825
-69.5208333330105,-14.5625000002175,4.25066709518433,920
-68.4374999996685,-26.7291666669815,1.93783295154572,88
-74.4374999997165,-13.5625000002095,8.256667137146,852
-72.2291666663655,-15.0208333335545,2.06016707420349,715
-67.5208333329945,-22.7708333336165,2.27916693687439,87
-77.0624999997375,-10.0208333335145,3.00766706466675,809
-69.1041666663405,-15.3958333335575,7.48316717147827,920
-69.5624999996775,-15.0625000002215,6.78833293914795,847
-65.3958333329775,-23.5625000002895,13.613169670105,277
-70.1874999996825,-14.8958333335535,8.30766677856445,694
-66.7708333329885,-24.1458333336275,5.72816705703735,105
-67.8958333329975,-17.5208333335745,8.63700008392334,380
-68.1874999996665,-20.1041666669285,7.13049983978271,101
-75.5624999997255,-12.3541666668665,4.52116680145264,808
-67.2291666663255,-19.8541666669265,8.51833343505859,162
-68.5208333330025,-24.5208333336305,4.2421669960022,46
-64.9791666663075,-22.4791666669475,13.1911697387695,419
-69.1874999996745,-18.8541666669185,3.74983310699463,234
-77.3124999997395,-8.5625000001695,17.0993309020996,709
-69.7708333330125,-14.4375000002165,5.89400005340576,796
-74.9791666663875,-14.3125000002155,13.6088304519653,227
-67.5208333329945,-17.9791666669115,9.04583358764648,329
-66.9791666663235,-25.4791666669715,6.74283313751221,92
-71.7708333330285,-15.8125000002275,2.52333307266235,493
-73.5208333330425,-15.3125000002235,7.18066596984863,518
-74.1458333330475,-14.0208333335465,4.25649976730347,883
-69.5624999996775,-28.1875000003265,4.17466688156128,102
-69.0208333330065,-26.8958333336495,6.32533311843872,52
-77.1458333330715,-10.3125000001835,15.5600004196167,344
-66.0624999996495,-23.8541666669585,9.96266746520996,147
-67.1041666663245,-23.1041666669525,5.31633281707764,105
-66.4791666663195,-21.6458333336075,5.18699979782104,167
-67.3958333329935,-22.8958333336175,4.38899993896484,83
-65.6874999996465,-23.7291666669575,7.61283302307129,185
-65.6874999996465,-22.1041666669445,11.4580001831055,308
-69.4791666663435,-28.1041666669925,0.588333308696747,114
-72.5624999997015,-15.5625000002255,-0.160833299160004,600
-67.6458333329955,-21.6458333336075,3.91216707229614,88
-66.6874999996545,-19.8125000002595,8.74016666412354,134
-70.0208333330145,-14.5625000002175,3.92333292961121,887
-69.9374999996805,-15.2708333335565,9.4238338470459,718
-67.2708333329925,-24.8125000002995,5.57183313369751,83
-66.8541666663225,-26.1041666669765,0.666000008583069,150
-65.6874999996465,-24.1458333336275,7.10383319854736,190
-68.4791666663355,-23.8958333336255,11.9316701889038,23
-68.5208333330025,-26.8958333336495,2.27999997138977,86
-67.3124999996595,-22.2291666669455,5.7586669921875,87
-65.9791666663155,-22.9375000002845,10.211669921875,176
-66.5208333329865,-22.3125000002795,8.06283283233643,146
-69.2708333330085,-16.4375000002325,8.88316631317139,851
-75.7708333330605,-13.1875000002065,10.2953300476074,403
-66.5624999996535,-22.8541666669505,2.73533296585083,150
-68.6041666663365,-27.0208333336505,-2.33833289146423,125
-68.7291666663375,-23.3125000002875,10.5729999542236,21
-68.2291666663335,-24.7708333336325,7.22200012207031,39
-67.1041666663245,-24.0625000002935,8.59650039672852,75
-66.8958333329895,-21.4375000002725,8.82383346557617,117
-68.4791666663355,-23.0625000002855,13.2795000076294,26
-65.6874999996465,-22.9791666669515,8.77133369445801,207
-72.1041666663645,-14.4791666668835,8.83250045776367,914
-77.4374999997405,-9.6041666668445,6.35783290863037,654
-67.1458333329915,-23.6875000002905,5.08466720581055,88
-70.9791666663555,-14.1458333335475,3.47049999237061,879
-74.2708333330485,-14.8541666668865,9.89299964904785,541
-67.1458333329915,-22.9375000002845,4.80533313751221,93
-67.5624999996615,-22.1041666669445,2.69966697692871,94
-69.3124999996755,-18.1875000002465,3.25233292579651,312
-75.8541666663945,-12.2291666668655,4.38899993896484,782
-69.7708333330125,-14.3541666668825,3.87450003623962,887
-76.1041666663965,-10.9375000001885,6.39416599273682,1032
-67.3958333329935,-25.2291666669695,6.12966585159302,74
-67.1458333329915,-20.1458333335955,8.62483310699463,149
-75.6458333330595,-12.4375000002005,3.57233309745789,788
-75.1874999997225,-11.9791666668635,9.5944995880127,879
-74.0624999997135,-15.5625000002255,14.1513299942017,107
-67.8958333329975,-21.2708333336045,5.6961669921875,75
-68.5208333330025,-17.7291666669095,7.84683322906494,380
-66.4791666663195,-25.6875000003065,11.239330291748,122
-72.4791666663675,-13.8541666668785,14.7326698303223,996
-68.5624999996695,-24.7708333336325,1.23166704177856,55
-68.7708333330045,-21.6041666669405,5.58866596221924,46
-76.9791666664035,-10.4375000001845,3.93483304977417,714
-68.2708333330005,-23.8125000002915,13.4996700286865,30
-74.1458333330475,-13.6875000002105,8.62650012969971,853
-68.0624999996655,-19.4375000002565,7.20116710662842,179
-67.2708333329925,-26.2708333336445,9.39183330535889,75
-72.4791666663675,-15.2291666668895,2.62333297729492,614
-69.3124999996755,-24.1875000002945,14.4491701126099,6
-69.0624999996735,-25.4375000003045,4.75449991226196,34
-66.2708333329845,-24.8541666669665,7.54883289337158,160
-67.3541666663265,-18.2708333335805,9.23999977111816,334
-69.3124999996755,-17.1875000002385,7.45616722106934,447
-65.9791666663155,-24.4375000002965,10.6816701889038,167
-70.1041666663485,-15.0625000002215,7.5460000038147,771
-68.6458333330035,-26.5625000003135,-0.995166718959808,94
-67.2708333329925,-21.8125000002755,6.57266712188721,91
-68.8541666663385,-24.1875000002945,9.23766708374023,20
-68.9791666663395,-15.2291666668895,9.14833354949951,885
-66.8124999996555,-19.1041666669205,9.66666698455811,281
-66.1874999996505,-22.8541666669505,8.06849956512451,169
-77.0624999997375,-9.6041666668445,4.25899982452393,892
-66.3958333329855,-23.2708333336205,8.19033336639404,135
-68.2291666663335,-26.7291666669815,3.17116689682007,84
-67.8124999996635,-17.1875000002385,6.12616682052612,525
-66.7291666663215,-25.6041666669725,4.09383296966553,127
-69.0624999996735,-19.8125000002595,6.52650022506714,97
-67.9374999996645,-19.1875000002545,8.28433322906494,183
-68.6874999996705,-20.6041666669325,6.00950002670288,68
-66.9791666663235,-19.5208333335905,9.04666614532471,170
-73.0208333330385,-14.3541666668825,4.89966678619385,907
-72.8541666663705,-15.6458333335595,4.90783309936523,418
-70.3958333330175,-15.1875000002225,7.18650007247925,800
-75.7291666663935,-11.7708333335285,8.47983360290527,709
-68.6874999996705,-27.7291666669895,1.62166702747345,111
-70.0208333330145,-14.1458333335475,5.21199989318848,837
-67.1458333329915,-22.7291666669495,2.52850008010864,106
-65.9374999996485,-21.9791666669435,10.6231698989868,248
-68.7291666663375,-19.7708333335925,0.326166599988937,170
-72.1874999996985,-15.8541666668945,8.30166625976562,253
-68.0208333329985,-21.0208333336025,5.10333299636841,82
-66.5624999996535,-22.3541666669465,7.83183288574219,142
-76.7291666664015,-10.6041666668525,2.72633290290833,856
-68.0624999996655,-26.2291666669775,9.49233341217041,48
-71.6874999996945,-15.3958333335575,1.99183297157288,722
-75.9791666663955,-13.0208333335385,10.8819999694824,344
-69.1041666663405,-27.9791666669915,0.863499879837036,111
-65.8541666663145,-24.1875000002945,10.1176700592041,171
-67.9374999996645,-21.1041666669365,7.41983318328857,68
-66.1874999996505,-22.8958333336175,6.80033302307129,168
-68.2291666663335,-24.8125000002995,7.17000007629395,39
-68.8958333330055,-20.7291666669335,5.59566688537598,62
-74.1041666663805,-14.2708333335485,5.14300012588501,819
-66.4374999996525,-22.2291666669455,9.49566745758057,162
-71.9791666663635,-15.4791666668915,3.39000010490417,567
-67.3124999996595,-24.7291666669655,6.62716722488403,76
-67.8541666663305,-20.7291666669335,7.70416688919067,78
-73.4791666663755,-13.5625000002095,13.8828296661377,989
-77.8958333330775,-8.2708333335005,9.64449977874756,692
-72.0624999996975,-13.3541666668745,11.6815004348755,633
-74.5624999997175,-13.4375000002085,4.33016681671143,889
-67.7708333329965,-18.3958333335815,8.06949996948242,291
-67.6458333329955,-26.4791666669795,8.49283313751221,71
-73.8958333330455,-14.3125000002155,7.37349987030029,864
-73.4791666663755,-15.1458333335555,5.30016708374023,653
-66.3541666663185,-26.1458333336435,7.08366680145264,164
-69.4374999996765,-24.5208333336305,15.7143297195435,8
-67.0624999996575,-25.4791666669715,6.76833295822144,83
-75.3541666663905,-13.4375000002085,6.33183288574219,606
-72.8541666663705,-14.5625000002175,3.50016689300537,848
-67.3541666663265,-18.8125000002515,8.82716655731201,270
-71.1458333330235,-16.0208333335625,3.58816695213318,451
-71.5208333330265,-15.4791666668915,5.13666677474976,589
-69.3541666663425,-28.4375000003285,3.20333290100098,100
-71.3541666663585,-13.7708333335445,5.52433300018311,866
-66.8958333329895,-19.2291666669215,9.52649974822998,236
-68.4791666663355,-23.6875000002905,14.272500038147,23
-74.6874999997185,-13.9375000002125,4.44150018692017,747
-77.3124999997395,-8.6041666668365,16.5650005340576,703
-67.7708333329965,-20.4375000002645,7.4520001411438,113
-71.1874999996905,-14.3125000002155,7.15266704559326,787
-65.4791666663115,-22.3958333336135,10.3021697998047,291
-67.4374999996605,-25.2708333336365,9.98083305358887,57
-68.1041666663325,-23.3125000002875,13.9993295669556,40
-67.6874999996625,-19.6041666669245,6.19433307647705,160
-71.8541666663625,-15.3958333335575,0.651833415031433,710
-78.3958333330815,-7.4791666668275,15.3889999389648,616
-67.1041666663245,-18.5208333335825,9.22666645050049,364
-66.4374999996525,-23.1458333336195,5.26350021362305,144
-69.4791666663435,-24.4375000002965,15.4995002746582,6
-67.7708333329965,-20.9791666669355,8.07233333587646,73
-65.0624999996415,-22.9375000002845,12.5640001296997,323
-77.4374999997405,-9.1875000001745,6.73850011825562,762
-69.6874999996785,-16.8541666669025,6.9763331413269,504
-65.3958333329775,-23.3125000002875,10.8571701049805,201
-77.5624999997415,-8.4791666668355,6.94966697692871,972
-77.3541666664065,-8.4791666668355,13.1353302001953,682
-70.4791666663515,-15.4791666668915,4.16550016403198,928
-72.3958333330335,-15.0625000002215,2.70916700363159,674
-66.6874999996545,-22.1458333336115,2.94350004196167,150
-77.7708333330765,-8.8125000001715,4.45949983596802,808
-66.5624999996535,-16.9791666669035,6.35249996185303,948
-78.1874999997465,-7.8541666668305,11.2471704483032,765
-66.8958333329895,-22.8958333336175,5.01049995422363,113
-66.4374999996525,-24.3958333336295,3.6383330821991,139
-75.1458333330555,-14.0208333335465,9.48166656494141,402
-71.4791666663595,-14.7291666668855,6.22900009155273,855
-70.3541666663505,-13.9375000002125,2.35083293914795,930
-67.6874999996625,-18.0208333335785,6.96166706085205,350
-68.1041666663325,-17.3125000002395,8.5198335647583,423
-71.0208333330225,-15.8958333335615,3.267333984375,552
-66.2291666663175,-21.6041666669405,8.82683372497559,193
-66.1041666663165,-21.6875000002745,8.51900005340576,214
-69.0208333330065,-24.2291666669615,10.3684997558594,13
-67.7291666663295,-24.5208333336305,9.4171667098999,48
-67.8124999996635,-17.1875000002385,6.12616682052612,525
-74.1458333330475,-15.4375000002245,11.6933298110962,210
-67.3958333329935,-17.9375000002445,9.19633293151855,341
-67.5208333329945,-22.4375000002805,3.50683307647705,86
-70.2291666663495,-14.9375000002205,7.29866695404053,750
-68.7708333330045,-18.8958333335855,2.67733311653137,268
-67.8541666663305,-26.2708333336445,7.18599987030029,65
-74.2708333330485,-12.8125000002035,13.8769998550415,730
-68.4791666663355,-18.6041666669165,7.62816715240479,245
-72.3541666663665,-13.6875000002105,16.0748291015625,984
-66.6458333329875,-23.1458333336195,7.63183307647705,118
-68.7291666663375,-19.8541666669265,3.52099990844727,129
-68.0624999996655,-27.0208333336505,5.92616701126099,84
-67.8124999996635,-17.1875000002385,6.12616682052612,525
-67.1874999996585,-25.0208333336345,7.95833301544189,74
-67.4374999996605,-24.2291666669615,5.13466596603394,75
-68.4374999996685,-18.0208333335785,5.5688328742981,372
-76.1874999997305,-11.2291666668575,6.08316707611084,861
-66.6874999996545,-25.4791666669715,4.19116687774658,129
-69.6458333330115,-28.2708333336605,3.32999992370605,117
-68.4374999996685,-25.6458333336395,5.20650005340576,46
-70.1458333330155,-15.3541666668905,9.45349979400635,664
-69.5208333330105,-28.8541666669985,1.45283305644989,113
-67.8541666663305,-26.6041666669805,4.64599990844727,86
-66.4374999996525,-22.9375000002845,5.25133323669434,147
-68.6041666663365,-21.5625000002735,6.43616676330566,48
-74.1874999997145,-12.8958333335375,7.4316668510437,977
-67.1041666663245,-20.7708333336005,9.33100032806396,109
-75.7708333330605,-12.9375000002045,9.1026668548584,508
-68.3958333330015,-19.3541666669225,6.96250009536743,178
-67.7708333329965,-20.4375000002645,7.4520001411438,113
-67.8124999996635,-21.4791666669395,3.52883291244507,87
-78.9374999997525,-1.4375000001125,4.95166683197021,619
-73.6874999997105,-13.9375000002125,11.03600025177,866
-74.2291666663815,-13.8958333335455,8.25116634368896,826
-71.6874999996945,-13.3125000002075,7.98166704177856,739
-76.4791666663995,-10.2708333335165,7.54816722869873,995
-67.3958333329935,-22.6875000002825,1.41799998283386,101
-65.1041666663085,-23.1458333336195,8.4888334274292,267
-71.2291666663575,-14.2291666668815,7.88000011444092,754
-71.5624999996935,-15.4791666668915,4.40083312988281,609
-69.5208333330105,-24.3958333336295,15.7548303604126,7
-67.0624999996575,-24.7708333336325,7.32016706466675,82
-70.2291666663495,-16.1041666668965,3.32183289527893,775
-67.0208333329905,-18.4375000002485,9.47433376312256,392
-67.8958333329975,-17.4791666669075,8.72833347320557,385
-66.6041666663205,-24.1875000002945,5.94266700744629,114
-66.1874999996505,-24.7291666669655,11.4281702041626,159
-67.2291666663255,-19.7291666669255,9.22733306884766,150
-69.1458333330075,-19.2291666669215,4.11850023269653,179
-67.6041666663285,-19.3125000002555,8.52799987792969,191
-67.7708333329965,-23.8541666669585,4.90983295440674,61
-71.0624999996895,-14.0625000002135,2.92383289337158,900
-66.8541666663225,-20.0208333335945,9.02333354949951,128
-70.8958333330215,-15.2291666668895,3.25733304023743,880
-76.8541666664025,-10.8125000001875,9.26516628265381,628
-69.6041666663445,-16.7291666669015,7.88500022888184,554
-67.6874999996625,-23.7291666669575,3.7885000705719,71
-76.1041666663965,-12.1875000001985,3.87350010871887,717
-67.3124999996595,-19.9375000002605,8.26866626739502,167
-68.3958333330015,-21.9375000002765,5.3274998664856,54
-68.4791666663355,-22.2708333336125,12.073169708252,29
-69.5624999996775,-28.3541666669945,-2.39949989318848,151
-69.1874999996745,-24.5625000002975,9.48283386230469,14
-71.9791666663635,-14.1458333335475,5.30800008773804,967
-68.1874999996665,-27.3958333336535,7.98199987411499,86
-69.6041666663445,-29.3541666670025,3.94833302497864,104
-67.2708333329925,-25.5625000003055,6.85349988937378,78
-67.2291666663255,-21.3958333336055,8.50066661834717,86
-75.3124999997235,-13.3541666668745,6.09266710281372,638
-75.2708333330565,-13.8541666668785,9.14900016784668,426
-71.3124999996915,-14.9375000002205,5.16583299636841,839
-74.1458333330475,-15.0625000002215,10.0725002288818,470
-70.8124999996875,-16.1458333335635,4.05749988555908,548
-73.0208333330385,-13.8541666668785,17.766170501709,1041
-77.5624999997415,-8.8958333335055,2.16149997711182,996
-69.1874999996745,-27.0625000003175,4.94683313369751,60
-67.1458333329915,-18.8958333335855,8.82216644287109,285
-73.8958333330455,-15.0208333335545,7.04316711425781,640
-70.3124999996835,-14.1041666668805,3.65183305740356,872
-66.8541666663225,-24.0625000002935,7.4123330116272,95
-76.6041666664005,-10.2708333335165,6.30133295059204,946
-66.3124999996515,-19.7708333335925,6.95883321762085,182
-67.8958333329975,-24.1458333336275,4.62066698074341,60
-74.2291666663815,-12.7291666668695,8.80016708374023,961
-72.5208333330345,-15.7291666668935,14.7281703948975,128
-78.4374999997485,-6.8958333334895,8.66666698455811,1151
-67.3958333329935,-22.8125000002835,4.2103328704834,85
-68.3958333330015,-18.4375000002485,7.77716684341431,267
-67.5208333329945,-25.3958333336375,8.11866664886475,59
-77.1458333330715,-8.8541666668385,15.6096696853638,767
-66.6874999996545,-20.6458333335995,10.0613298416138,142
-69.1458333330075,-18.1458333335795,-1.06316697597504,404
-67.4791666663275,-19.8125000002595,8.11849975585938,166
-65.6458333329795,-24.0625000002935,8.48966693878174,196
-65.1041666663085,-22.8125000002835,12.4501695632935,342
-74.8541666663865,-13.5625000002095,7.83816719055176,703
-68.4374999996685,-23.7708333336245,13.4308300018311,24
-66.8124999996555,-22.6875000002825,5.1414999961853,126
-68.3958333330015,-23.4791666669555,14.0853300094604,28
-74.8958333330535,-13.9791666668795,8.15900039672852,585
-69.6874999996785,-14.7291666668855,4.18349981307983,891
-69.0208333330065,-27.3125000003195,3.71849989891052,78
-69.2291666663415,-20.2291666669295,12.3923301696777,28
-69.2291666663415,-27.6875000003225,-3.37183308601379,137
-68.8124999996715,-21.3541666669385,4.27633285522461,56
-71.3124999996915,-16.3958333335655,5.62616682052612,307
-71.1041666663565,-16.2291666668975,3.83166694641113,411
-75.3124999997235,-13.8541666668785,10.564169883728,342
-68.4374999996685,-25.1041666669685,3.4386670589447,54
-67.7291666663295,-20.7291666669335,5.29283285140991,95
-75.8124999997275,-11.5208333335265,6.78066682815552,875
-70.4374999996845,-17.0208333335705,1.76600003242493,455
-78.1874999997465,-7.5625000001615,16.304500579834,625
-67.9791666663315,-26.0625000003095,10.0391702651978,45
-68.4791666663355,-20.5625000002655,4.84149980545044,85
-76.0624999997295,-11.1458333335235,6.17783403396606,934
-68.3541666663345,-18.2291666669135,6.39449977874756,333
-71.8124999996955,-13.9375000002125,7.86283302307129,898
-66.7291666663215,-23.6041666669565,7.98916721343994,101
-66.7291666663215,-21.7708333336085,7.08066701889038,136
-67.2291666663255,-20.3541666669305,8.21399974822998,154
-68.3541666663345,-24.8541666669665,7.40666723251343,33
-76.0208333330625,-11.0625000001895,6.41683292388916,980
-66.5624999996535,-23.1041666669525,7.58583402633667,125
-67.4374999996605,-20.6458333335995,7.98283290863037,134
-67.8958333329975,-24.9375000003005,7.66050004959106,48
-69.4374999996765,-14.9791666668875,5.29549980163574,891
-75.3958333330575,-11.7708333335285,9.74600028991699,829
-70.7708333330205,-15.5625000002255,3.01799988746643,817
-74.9374999997205,-13.6041666668765,6.07849979400635,692
-68.6041666663365,-27.6041666669885,4.12716722488403,95
-65.5208333329785,-24.4791666669635,10.5396699905396,259
-68.7291666663375,-24.6875000002985,7.32999992370605,27
-73.2291666663735,-14.1458333335475,6.57083320617676,920
-78.8541666664185,-1.5208333334465,4.97949981689453,648
-75.2708333330565,-12.6041666668685,6.65216684341431,750
-68.6041666663365,-17.8125000002435,6.91683292388916,388
-71.2291666663575,-15.6458333335595,1.90766704082489,656
-66.6458333329875,-25.5625000003055,8.2413330078125,108
-66.0624999996495,-24.9791666669675,13.5485000610352,177
-66.8541666663225,-19.7708333335925,8.8105001449585,135
-69.0208333330065,-28.6458333336635,3.4838330745697,111
-76.7708333330685,-9.8541666668465,8.64550018310547,884
-68.9791666663395,-25.3125000003035,6.65616703033447,38
-69.8541666663465,-15.8541666668945,9.39216613769531,836
-66.8958333329895,-24.6458333336315,7.07083320617676,91
-74.2708333330485,-14.1041666668805,5.88500022888184,809
-68.3958333330015,-25.7708333336405,4.66349983215332,51
-76.4374999997325,-11.1875000001905,2.76833295822144,949
-69.6874999996785,-28.3125000003275,4.49083280563354,93
-66.8124999996555,-25.0208333336345,7.05149984359741,99
-68.5208333330025,-25.4375000003045,2.72366690635681,54
-65.4374999996445,-22.4791666669475,9.86750030517578,284
-68.8958333330055,-25.4791666669715,6.48050022125244,30
-70.2708333330165,-16.4791666668995,3.66383290290833,610
-67.7708333329965,-18.1041666669125,7.10916709899902,338
-68.3124999996675,-17.8541666669105,7.65533304214478,360
-69.2291666663415,-18.7291666669175,3.01133298873901,261
-65.5208333329785,-23.7708333336245,12.3345003128052,232
-75.9791666663955,-10.5625000001855,5.27600002288818,1391
-68.6458333330035,-18.7708333335845,5.85099983215332,246
-70.0208333330145,-16.3541666668985,5.53749990463257,700
-67.3958333329935,-17.3125000002395,7.70183277130127,494
-72.3541666663665,-15.1041666668885,3.70416688919067,639
-71.0624999996895,-13.7708333335445,0.644500017166138,927
-68.3541666663345,-25.5208333336385,5.03016710281372,50
-70.0208333330145,-16.4375000002325,5.15083312988281,668
-71.3541666663585,-14.6041666668845,6.32016706466675,872
-69.9374999996805,-14.3958333335495,6.55399990081787,761
-70.3124999996835,-16.2291666668975,2.20216703414917,713
-67.3541666663265,-22.0625000002775,6.13883304595947,87
-68.6458333330035,-20.9375000002685,3.78449988365173,75
-71.2291666663575,-13.6875000002105,5.38016700744629,840
-68.2291666663335,-19.9791666669275,7.46250009536743,102
-67.2291666663255,-22.3125000002795,3.23600006103516,104
-66.0208333329825,-22.2291666669455,10.3346700668335,226
-69.3541666663425,-19.9791666669275,12.667329788208,27
-78.0208333330785,-8.5208333335025,9.18833446502686,488
-68.3958333330015,-25.6875000003065,5.6646671295166,46
-68.8124999996715,-18.8541666669185,1.28699994087219,281
-69.5208333330105,-17.7291666669095,4.08633279800415,321
-75.2291666663895,-12.0625000001975,11.981499671936,704
-68.1874999996665,-17.2291666669055,7.69933319091797,473
-67.2291666663255,-25.4791666669715,4.90483283996582,90
-73.2291666663735,-14.3958333335495,6.38466596603394,897
-66.5208333329865,-23.5208333336225,7.06599998474121,124
-70.9374999996885,-15.0208333335545,5.71250009536743,831
-77.0208333330705,-9.5208333335105,6.37233400344849,851
-65.8124999996475,-22.0625000002775,10.6158304214478,271
-67.3541666663265,-24.0208333336265,3.24600005149841,89
-69.6041666663445,-15.0625000002215,7.43783283233643,819
-68.3124999996675,-23.2291666669535,14.1348304748535,31
-69.4791666663435,-29.0208333336665,1.8934999704361,110
-67.4374999996605,-26.4375000003125,11.6990003585815,62
-78.3541666664145,-7.1875000001585,13.5503301620483,832
-68.4791666663355,-17.6458333335755,8.6961669921875,384
-67.9374999996645,-26.1041666669765,9.819167137146,46
-69.5624999996775,-18.1041666669125,3.91983294487,272
-68.8958333330055,-24.3541666669625,10.7193298339844,14
-67.3124999996595,-25.8541666669745,6.72200012207031,80
-69.8124999996795,-17.8541666669105,5.17500019073486,235
-75.9791666663955,-11.0208333335225,5.40033292770386,1061
-67.9374999996645,-23.7291666669575,10.0305004119873,46
-68.5208333330025,-21.3125000002715,3.53999996185303,68
-68.9791666663395,-20.1041666669285,1.45566701889038,123
-69.0208333330065,-17.6458333335755,6.48750019073486,391
-67.8124999996635,-18.2291666669135,7.7335000038147,307
-69.1874999996745,-20.3541666669305,11.5775003433228,31
-67.8541666663305,-25.6041666669725,0.115833297371864,93
-73.8958333330455,-15.3958333335575,7.22399997711182,448
-68.9374999996725,-19.7291666669255,3.62800002098083,137
-67.8124999996635,-23.5625000002895,5.47283411026001,64
-66.8541666663225,-20.0625000002615,9.00183296203613,129
-67.1874999996585,-22.2708333336125,-0.0353332906961441,130
-66.1458333329835,-24.2291666669615,7.11600017547607,145
-76.2291666663975,-10.3958333335175,10.7631702423096,909
-65.1874999996425,-22.1041666669445,7.27799987792969,330
-68.2708333330005,-20.6875000002665,4.02333402633667,92
-73.8958333330455,-13.8958333335455,14.4971704483032,739
-65.8124999996475,-22.1458333336115,10.1456699371338,264
-74.3958333330495,-14.8125000002195,7.11950016021729,635
-68.2291666663335,-21.9791666669435,6.60016679763794,54
-69.7291666663455,-15.6458333335595,9.5756664276123,907
-71.0208333330225,-15.0208333335545,5.15799999237061,845
-67.7291666663295,-27.1875000003185,15.1746702194214,79
-67.1041666663245,-20.8541666669345,9.27999973297119,100
-67.1874999996585,-22.7708333336165,3.3824999332428,98
-66.2708333329845,-24.8541666669665,7.54883289337158,160
-65.3541666663105,-23.4791666669555,13.1613302230835,245
-68.1041666663325,-24.3125000002955,3.21466708183289,60
-68.6874999996705,-27.3125000003195,3.31316709518433,81
-68.3958333330015,-17.3958333335735,9.03066635131836,423
-77.5208333330745,-9.6875000001785,4.86583280563354,592
-67.6041666663285,-21.5208333336065,6.24566698074341,77
-69.0624999996735,-16.8541666669025,8.68116664886475,590
-68.4374999996685,-27.7291666669895,2.58949995040894,117
-68.6458333330035,-28.4791666669955,7.40833282470703,129
-66.2708333329845,-21.6458333336075,9.29566669464111,196
-65.4374999996445,-22.9375000002845,9.10583305358887,235
-70.2291666663495,-17.0208333335705,4.17333316802979,449
-71.6458333330275,-15.6041666668925,5.97583293914795,484
-66.9374999996565,-20.5208333335985,9.7519998550415,123
-68.1874999996665,-17.4791666669075,9.06633377075195,397
-76.6458333330675,-10.3125000001835,6.30783319473267,922
-73.2708333330405,-14.4791666668835,6.97249984741211,875
-65.8541666663145,-22.9791666669515,10.7718296051025,182
-68.2708333330005,-27.3541666669865,5.25850009918213,88
-69.2708333330085,-17.2291666669055,7.97516679763794,434
-75.5208333330585,-11.9375000001965,9.16950035095215,808
-67.7291666663295,-22.3541666669465,2.82283306121826,79
-76.1458333330635,-10.0625000001815,8.54783344268799,1184
-67.1458333329915,-17.5625000002415,8.42816638946533,508
-66.3541666663185,-25.2708333336365,12.7231702804565,134
-70.7708333330205,-16.2708333335645,7.3101658821106,438
-69.4374999996765,-28.6458333336635,1.74566698074341,108
-68.7291666663375,-28.8125000003315,7.46316719055176,131
-66.9791666663235,-22.0208333336105,4.14516687393188,123
-72.2708333330325,-14.7708333335525,1.83266699314117,819
-78.1458333330795,-8.4375000001685,19.4025001525879,265
-69.7708333330125,-14.7708333335525,4.58300018310547,885
-67.5624999996615,-23.4375000002885,5.90049982070923,66
-69.2708333330085,-19.2708333335885,4.99066686630249,153
-69.0624999996735,-26.2291666669775,9.08733367919922,28
-70.3541666663505,-15.8125000002275,8.12033367156982,705
-67.4374999996605,-26.4791666669795,11.6128301620483,63
-66.7291666663215,-20.9375000002685,9.51949977874756,133
-78.5208333330825,-7.5208333334945,16.639669418335,508
-67.4374999996605,-23.9375000002925,3.59733295440674,81
-71.6458333330275,-16.3125000002315,14.5136699676514,77
-67.6458333329955,-25.5625000003055,10.0328302383423,51
-68.6874999996705,-25.4375000003045,5.94099998474121,38
-68.9791666663395,-20.4375000002645,4.26700019836426,80
-71.7708333330285,-14.5625000002175,4.30366706848145,923
-70.8124999996875,-16.6875000002345,12.5316696166992,165
-75.3958333330575,-13.0625000002055,3.13416695594788,693
-70.7708333330205,-15.3958333335575,2.82366704940796,871
-70.5624999996855,-17.0625000002375,3.77016711235046,389
-71.1041666663565,-16.1875000002305,2.36766695976257,479
-66.3124999996515,-21.6875000002745,4.16966676712036,192
-76.6874999997345,-10.5208333335185,3.86616706848145,875
-68.7291666663375,-16.9375000002365,8.83150005340576,557
-67.9791666663315,-24.6458333336315,6.78049993515015,48
-70.5208333330185,-15.8541666668945,4.93816709518433,771
-69.8541666663465,-14.3541666668825,4.65799999237061,850
-65.3541666663105,-22.9375000002845,10.5734996795654,235
-67.7291666663295,-19.3958333335895,8.46633338928223,186
-68.4791666663355,-23.3958333336215,14.0073299407959,25
-74.8124999997195,-12.4375000002005,9.80850028991699,857
-72.5208333330345,-15.5208333335585,1.23383295536041,575
-77.6874999997425,-9.1458333335075,12.8194999694824,469
-69.1874999996745,-15.0625000002215,5.27216720581055,905
-70.4374999996845,-15.6875000002265,7.29949998855591,773
-68.3958333330015,-22.3958333336135,11.3408298492432,32
-72.8541666663705,-14.3958333335495,7.99949979782104,858
-71.8541666663625,-15.1041666668885,0.896666705608368,790
-66.6041666663205,-24.5208333336305,7.03516721725464,111
-66.8958333329895,-23.8541666669585,5.6651668548584,98
-72.9791666663715,-13.8125000002115,16.5628299713135,1083
-68.5624999996695,-21.0208333336025,4.00566720962524,72
-75.2291666663895,-12.6875000002025,6.07800006866455,735
-66.9374999996565,-26.5625000003135,10.1549997329712,103
-66.9374999996565,-24.5208333336305,6.19666719436646,92
-69.3124999996755,-16.9375000002365,7.41949987411499,542
-73.0624999997055,-15.3125000002235,15.9370002746582,196
-65.4374999996445,-23.3958333336215,8.80949974060059,217
-68.2708333330005,-18.4791666669155,7.88666677474976,261
-67.8958333329975,-21.1041666669365,5.30133295059204,82
-66.1458333329835,-23.0625000002855,7.79549980163574,162
-66.9374999996565,-18.8541666669185,9.32933330535889,328
-68.1458333329995,-26.3125000003115,3.9925000667572,73
-75.7291666663935,-12.5208333335345,5.0703330039978,706
-66.9374999996565,-18.9791666669195,9.21766662597656,303
-75.4374999997245,-12.4791666668675,4.91099977493286,777
-68.8958333330055,-21.1041666669365,6.6710000038147,52
-68.0624999996655,-25.1458333336355,6.26216697692871,48
-67.7291666663295,-24.1875000002945,7.13683319091797,54
-65.8124999996475,-23.5625000002895,10.3636703491211,164
-76.4791666663995,-10.6875000001865,4.24716711044312,939
-68.7291666663375,-19.2291666669215,6.14249992370605,176
-66.4791666663195,-22.6875000002825,7.29033279418945,145
-72.3958333330335,-13.5208333335425,9.25800037384033,904
-67.8541666663305,-19.8958333335935,7.2103328704834,181
-67.6041666663285,-18.7291666669175,8.26949977874756,264
-66.9374999996565,-24.2708333336285,7.79433298110962,87
-71.8124999996955,-15.0625000002215,1.42499995231628,806
-65.5208333329785,-23.9375000002925,11.149169921875,264
-68.8958333330055,-19.1041666669205,4.18816709518433,210
-69.9374999996805,-15.0208333335545,8.11149978637695,748
-67.0624999996575,-21.9791666669435,3.60666704177856,121
-68.6041666663365,-26.1041666669765,2.65450000762939,66
-68.5208333330025,-23.1041666669525,12.0048303604126,25
-75.4374999997245,-13.3958333335415,14.4375,245
-73.8541666663785,-13.8958333335455,11.4701700210571,840
-68.8958333330055,-26.6875000003145,3.39566707611084,67
-73.8541666663785,-14.5625000002175,3.64616703987122,847
-66.9791666663235,-22.3958333336135,3.85183310508728,117
-73.1041666663725,-14.8541666668865,2.89883303642273,759
-69.6458333330115,-16.2708333335645,8.96916675567627,870
-68.4374999996685,-19.8125000002595,6.87066698074341,117
-65.2708333329765,-22.8125000002835,8.87466621398926,273
-66.7708333329885,-21.7708333336085,7.11416721343994,129
-67.3124999996595,-19.6458333335915,9.00066661834717,156
-68.3541666663345,-27.8541666669905,3.54999995231628,119
-76.8958333330695,-9.3958333335095,5.49166679382324,949
-67.0624999996575,-25.6875000003065,3.37350010871887,110
-70.1874999996825,-14.3958333335495,5.64949989318848,786
-68.3124999996675,-26.5208333336465,3.39499998092651,74
-77.5208333330745,-9.4791666668435,11.6381702423096,608
-66.9374999996565,-18.2708333335805,8.65133285522461,415
-67.9374999996645,-20.5208333335985,7.72933292388916,83
-69.1458333330075,-28.6041666669965,4.6623330116272,99
-67.8124999996635,-21.9791666669435,1.91483294963837,87
-72.1458333330315,-14.6458333335515,6.08349990844727,840
-71.8541666663625,-15.0208333335545,1.82183301448822,811
-70.9374999996885,-15.4791666668915,3.07100009918213,789
-69.2708333330085,-18.1041666669125,3.19149994850159,331
-68.2708333330005,-22.1875000002785,9.90983295440674,42
-67.8541666663305,-22.5208333336145,1.04900002479553,86
-69.6458333330115,-18.1875000002465,10.8076696395874,144
-69.2291666663415,-18.0208333335785,4.17350006103516,343
-71.5624999996935,-14.9375000002205,6.37433290481567,804
-75.8958333330615,-11.6041666668605,7.19700002670288,746
-69.1458333330075,-16.6041666669005,8.18850040435791,735
-68.3541666663345,-23.3125000002875,14.1800003051758,30
-68.2708333330005,-24.4375000002965,5.6643328666687,44
-68.1041666663325,-23.1458333336195,13.8520002365112,41
-72.8124999997035,-14.4791666668835,4.17600011825562,861
-73.7708333330445,-15.0208333335545,10.006329536438,518
-71.5624999996935,-14.4375000002165,4.21500015258789,923
-68.1874999996665,-18.5208333335825,7.89449977874756,260
-69.6041666663445,-14.3958333335495,7.35900020599365,831
-77.1041666664045,-9.9375000001805,4.33300018310547,732
-67.3958333329935,-25.5625000003055,4.43533277511597,85
-65.6458333329795,-23.6875000002905,6.85150003433228,196
-69.6041666663445,-14.7708333335525,4.59849977493286,891
-68.8958333330055,-17.4791666669075,8.32100009918213,413
-66.5624999996535,-23.0208333336185,6.27449989318848,132
-69.1458333330075,-25.9791666669755,6.33316707611084,33
-74.2291666663815,-13.4791666668755,9.08633327484131,898
-68.3124999996675,-19.7291666669255,7.49399995803833,122
-68.0208333329985,-17.1875000002385,8.65666675567627,432
-77.8541666664105,-8.0208333334985,7.96000003814697,1145
-66.8124999996555,-26.2291666669775,5.62433290481567,123
-70.7708333330205,-14.9791666668875,5.33400011062622,862
-68.2291666663335,-26.5208333336465,4.76033401489258,73
-71.0624999996895,-14.3958333335495,3.20333290100098,914
-67.3541666663265,-23.1458333336195,2.73916697502136,92
-70.5624999996855,-16.8541666669025,3.62949991226196,442
-66.9374999996565,-19.8958333335935,8.68483352661133,131
-68.9791666663395,-27.7291666669895,-0.60833328962326,131
-74.5624999997175,-12.9375000002045,10.3638296127319,841
-78.8958333330855,-1.5208333334465,5.53366708755493,640
-66.4374999996525,-24.2708333336285,5.40049982070923,134
-65.6874999996465,-24.1458333336275,7.10383319854736,190
-66.6458333329875,-25.1875000003025,1.92716705799103,141
-66.6041666663205,-24.8125000002995,6.78516721725464,111
-67.7291666663295,-25.9375000003085,8.28483295440674,57
-76.6458333330675,-10.8958333335215,3.64100003242493,821
-68.9374999996725,-18.6041666669165,6.7814998626709,245
-73.1874999997065,-14.6041666668845,4.83866596221924,863
-77.1041666664045,-9.6458333335115,3.94466710090637,881
-68.2291666663335,-24.2708333336285,8.89300060272217,35
-67.7708333329965,-19.7291666669255,6.59566688537598,145
-68.2708333330005,-25.6041666669725,5.10116720199585,53
-71.4374999996925,-15.3541666668905,4.95083284378052,681
-69.0624999996735,-19.0208333335865,0.132499992847443,251
-65.4791666663115,-23.7708333336245,14.1641702651978,321
-73.4374999997085,-13.8958333335455,6.15250015258789,949
-75.1874999997225,-13.1458333335395,1.90116703510284,780
-73.5208333330425,-15.7291666668935,12.8456697463989,118
-71.8124999996955,-14.9375000002205,3.45683288574219,815
-67.3124999996595,-18.8958333335855,8.49783325195312,273
-66.6041666663205,-23.1041666669525,7.76633405685425,120
-68.6874999996705,-24.0625000002935,10.4021701812744,21
-68.4374999996685,-18.2291666669135,5.32883310317993,353
-72.4791666663675,-14.8541666668865,0.750999987125397,779
-71.5208333330265,-14.9375000002205,5.8356671333313,820
-70.1458333330155,-17.3541666669065,10.7880001068115,166
-76.2708333330645,-11.4375000001925,3.31800007820129,1028
-68.0624999996655,-23.3125000002875,14.2186698913574,42
-68.1458333329995,-25.5625000003055,5.28450012207031,53
-72.1874999996985,-15.7291666668935,10.7091703414917,254
-68.5624999996695,-18.9791666669195,4.96816682815552,228
-66.3541666663185,-24.6875000002985,3.28333306312561,154
-66.4374999996525,-22.2708333336125,9.68283367156982,160
-73.1458333330395,-15.3958333335575,7.46933317184448,455
-70.5624999996855,-16.5625000002335,6.6623330116272,430
-66.6041666663205,-25.5625000003055,9.06683254241943,105
-74.9374999997205,-12.5208333335345,12.0791702270508,708
-66.8541666663225,-21.7291666669415,7.10683298110962,124
-69.2708333330085,-28.3958333336615,3.58933305740356,97
-70.5208333330185,-14.4791666668835,6.72300004959106,745
-75.0624999997215,-13.3541666668745,3.32249999046326,758
-66.4374999996525,-22.0625000002775,9.68900012969971,164
-65.5624999996455,-22.3125000002795,10.7648296356201,294
-67.5208333329945,-21.9791666669435,5.10150003433228,81
-67.4791666663275,-19.4791666669235,8.75,169
-69.7708333330125,-17.0208333335705,3.45000004768372,506
-67.6874999996625,-21.8541666669425,2.46433305740356,92
-68.9374999996725,-18.6458333335835,6.62750005722046,241
-69.6458333330115,-15.1041666668885,8.26233291625977,787
-76.9791666664035,-9.4375000001765,7.44216680526733,865
-76.3124999997315,-11.3958333335255,3.71483302116394,1003
-72.8541666663705,-14.1041666668805,3.83383297920227,952
-68.7291666663375,-26.3958333336455,3.13916707038879,66
-70.5208333330185,-15.5625000002255,4.15683317184448,900
-68.3124999996675,-19.1458333335875,7.8914999961853,187
-67.5208333329945,-18.7291666669175,8.55350017547607,273
-68.9791666663395,-27.7708333336565,-1.87333297729492,144
-68.4791666663355,-18.8541666669185,7.48999977111816,214
-68.3958333330015,-26.6041666669805,-0.184499993920326,98
-68.6041666663365,-25.6458333336395,5.06816720962524,43
-78.1874999997465,-7.3125000001595,15.8051700592041,734
-71.6041666663605,-13.5625000002095,7.26949977874756,792
-65.0208333329745,-22.6041666669485,13.288330078125,414
-69.7291666663455,-28.4791666669955,1.05833303928375,118
-68.5624999996695,-23.0625000002855,9.59850025177002,28
-74.0624999997135,-13.4791666668755,10.6129999160767,890
-68.8541666663385,-28.4375000003285,2.72766709327698,115
-74.3958333330495,-12.8541666668705,14.9538297653198,639
-67.0624999996575,-25.8958333336415,0.300166696310043,137
-69.6874999996785,-29.0625000003335,2.31783294677734,116
-65.0624999996415,-22.4791666669475,10.4823303222656,344
-65.3541666663105,-23.6875000002905,6.39900016784668,226
-66.9374999996565,-25.3958333336375,6.96916723251343,95
-68.4791666663355,-18.1458333335795,3.38116693496704,390
-68.6874999996705,-26.9375000003165,0.990666627883911,94
-71.3958333330255,-13.8541666668785,5.17749977111816,877
-67.3958333329935,-18.8125000002515,8.78983306884766,267
-73.2291666663735,-14.1458333335475,6.57083320617676,920
-69.5208333330105,-28.6458333336635,0.712499976158142,113
-71.8541666663625,-13.4791666668755,7.17383289337158,856
-76.3958333330655,-11.0625000001895,3.35949993133545,971
-70.1458333330155,-15.1041666668885,7.50016689300537,780
-67.5624999996615,-26.0625000003095,8.47633361816406,64
-66.7291666663215,-19.8125000002595,8.95266723632812,132
-70.5624999996855,-16.5625000002335,6.6623330116272,430
-70.2708333330165,-16.7291666669015,3.62350010871887,541
-68.0624999996655,-22.3541666669465,5.20233297348022,57
-72.2708333330325,-14.2708333335485,7.00649976730347,921
-69.1041666663405,-27.6041666669885,-0.301999986171722,110
-67.9374999996645,-17.8125000002435,8.12049961090088,345
-67.2708333329925,-25.5625000003055,6.85349988937378,78
-72.9374999997045,-15.0208333335545,2.56416702270508,696
-72.6874999997025,-14.7708333335525,1.39066696166992,788
-66.8541666663225,-25.2708333336365,5.78433322906494,106
-67.5208333329945,-18.8541666669185,7.92066717147827,259
-69.0624999996735,-25.3958333336375,6.006667137146,28
-77.9374999997445,-8.8958333335055,5.91066598892212,644
-69.1874999996745,-25.6041666669725,7.27216720581055,25
-71.1041666663565,-16.0208333335625,3.25683307647705,479
-73.8124999997115,-14.9375000002205,8.53133296966553,638
-69.2708333330085,-18.6458333335835,2.55399990081787,276
-66.2291666663175,-22.4791666669475,6.76149988174438,181
-68.3958333330015,-26.3958333336455,0.0646666586399078,103
-72.3958333330335,-13.8958333335455,7.74533319473267,930
-76.1458333330635,-11.8125000001955,3.32416701316833,844
-70.4791666663515,-14.0208333335465,5.47516679763794,787
-65.7291666663135,-22.1875000002785,10.2255001068115,279
-70.9374999996885,-15.4791666668915,3.07100009918213,789
-67.6041666663285,-22.2291666669455,2.12649989128113,92
-66.8958333329895,-22.5208333336145,4.47566699981689,120
-74.4791666663835,-14.8125000002195,8.98383331298828,568
-67.2291666663255,-19.3541666669225,8.88966655731201,194
-71.2708333330245,-16.2291666668975,4.52250003814697,362
-70.8124999996875,-16.5208333335665,13.0406703948975,187
-75.4374999997245,-12.0625000001975,9.00016689300537,822
-67.6874999996625,-25.4791666669715,6.59583282470703,63
-66.6458333329875,-23.9791666669595,5.39016723632812,118
-71.8124999996955,-14.0208333335465,8.49266624450684,900
-70.3958333330175,-15.1875000002225,7.18650007247925,800
-77.9374999997445,-8.1041666668325,8.13916683197021,1016
-69.6874999996785,-16.1041666668965,9.53083324432373,944
-68.2291666663335,-27.3541666669865,5.88933277130127,90
-68.9791666663395,-18.6041666669165,6.41833400726318,251
-68.8541666663385,-26.7708333336485,2.44116711616516,75
-69.7291666663455,-14.6041666668845,4.91333293914795,857
-69.0208333330065,-18.6041666669165,4.95516681671143,275
-75.9374999997285,-10.8125000001875,5.65283298492432,1219
-66.2291666663175,-26.1458333336435,1.16816699504852,201
-68.2708333330005,-17.9791666669115,6.54633283615112,357
-66.6458333329875,-22.5208333336145,5.14900016784668,139
-77.6041666664085,-9.0625000001735,3.45766711235046,818
-71.3541666663585,-13.6875000002105,8.08383369445801,707
-67.5624999996615,-18.6458333335835,8.58899974822998,278
-67.9791666663315,-23.6875000002905,10.6361703872681,43
-66.5624999996535,-21.0625000002695,9.21399974822998,151
-67.6874999996625,-25.4791666669715,6.59583282470703,63
-66.2708333329845,-21.6458333336075,9.29566669464111,196
-67.8958333329975,-24.5208333336305,9.4379997253418,43
-67.4791666663275,-22.1458333336115,4.58699989318848,87
-74.8124999997195,-12.4791666668675,12.810170173645,693
-78.3958333330815,-7.9375000001645,9.55900001525879,617
-65.3958333329775,-23.4375000002885,11.5036697387695,205
-68.7291666663375,-17.9791666669115,6.28266716003418,366
-69.3541666663425,-14.6458333335515,2.75066709518433,931
-67.7708333329965,-19.2708333335885,8.3725004196167,185
-66.2291666663175,-26.1041666669765,3.12949991226196,191
-65.3958333329775,-23.5208333336225,13.1316699981689,249
-66.3958333329855,-16.8125000002355,9.91233253479004,1057
-68.3541666663345,-20.3958333335975,5.62516593933105,89
-68.3958333330015,-17.5625000002415,8.81900024414062,393
-75.9791666663955,-10.5208333335185,5.17333316802979,1397
-67.5208333329945,-21.0208333336025,8.32633304595947,75
-69.3958333330095,-28.6458333336635,0.841666698455811,112
-65.3124999996435,-23.2708333336205,12.1283302307129,195
-68.8541666663385,-20.6875000002665,5.07183313369751,69
-73.9374999997125,-15.3125000002235,6.6399998664856,502
-73.1458333330395,-15.3541666668905,5.71833276748657,520
-69.0624999996735,-28.0208333336585,0.321833312511444,122
-66.8124999996555,-25.2291666669695,7.0616660118103,100
-75.7291666663935,-12.2708333335325,5.2664999961853,783
-70.8541666663545,-16.4791666668995,9.02166652679443,305
-66.3124999996515,-25.8958333336415,13.3321695327759,113
-75.6874999997265,-13.2291666668735,7.03700017929077,557
-66.8958333329895,-24.1458333336275,7.31766700744629,90
-76.0208333330625,-10.6875000001865,5.73116588592529,1302
-68.1874999996665,-24.8541666669665,5.23516702651978,46
-75.6458333330595,-12.6875000002025,4.5460000038147,679
-67.0624999996575,-26.0625000003095,2.42249989509583,122
-69.8541666663465,-14.7708333335525,7.45166683197021,750
-67.7291666663295,-22.1458333336115,3.09216690063477,82
-72.0624999996975,-15.1041666668885,2.18616700172424,723
-70.3541666663505,-15.3958333335575,8.63000011444092,706
-69.0208333330065,-16.7291666669015,8.62383365631104,647
-72.8541666663705,-13.9375000002125,8.4151668548584,949
-66.6041666663205,-25.6875000003065,5.54316711425781,139
-68.3124999996675,-24.6875000002985,5.01416683197021,45
-68.9374999996725,-17.4375000002405,7.93383407592773,428
-67.6041666663285,-18.5625000002495,8.39900016784668,279
-66.9791666663235,-25.3958333336375,7.02750015258789,87
-66.9791666663235,-25.8125000003075,3.49516701698303,118
-68.4374999996685,-17.8125000002435,8.06166553497314,361
-71.5208333330265,-16.4791666668995,15.3008298873901,54
-71.3124999996915,-15.1041666668885,2.48983311653137,855
-66.9374999996565,-21.2291666669375,9.25600147247314,111
-67.7291666663295,-21.6875000002745,4.00733280181885,80
-76.1874999997305,-12.6041666668685,9.60849952697754,372
-67.5208333329945,-19.1041666669205,8.51583290100098,220
-76.3124999997315,-11.4375000001925,3.27883291244507,1004
-69.1458333330075,-19.8958333335935,8.26333332061768,72
-76.2708333330645,-11.6875000001945,3.9909999370575,774
-69.0208333330065,-26.3958333336455,7.32933282852173,40
-69.6458333330115,-17.9375000002445,6.92166709899902,226
-71.4791666663595,-13.9791666668795,8.37566661834717,776
-67.7291666663295,-19.1458333335875,8.44099998474121,204
-68.7708333330045,-17.3958333335735,8.93200016021729,431
-69.0208333330065,-24.2291666669615,10.3684997558594,13
-77.2708333330725,-8.7291666668375,15.6794996261597,697
-68.2708333330005,-19.6875000002585,7.48516702651978,127
-68.2708333330005,-26.7291666669815,2.1623330116272,87
-67.4374999996605,-19.3125000002555,8.59466552734375,195
-70.9374999996885,-14.2291666668815,3.49383306503296,886
-66.4791666663195,-21.4791666669395,7.33616590499878,159
-70.3124999996835,-15.2708333335565,8.52533340454102,712
-68.8958333330055,-28.1041666669925,-0.351500004529953,121
-67.5624999996615,-25.6875000003065,5.71283292770386,72
-67.9374999996645,-26.6875000003145,4.84616708755493,85
-69.7291666663455,-16.8125000002355,7.8526668548584,487
-66.6874999996545,-22.9791666669515,5.91316699981689,124
-70.3958333330175,-13.8125000002115,5.51100015640259,864
-67.3958333329935,-24.5208333336305,9.30999946594238,60
-67.6874999996625,-25.8958333336415,8.885666847229,54
-76.1458333330635,-12.5208333335345,4.89183282852173,621
-74.2708333330485,-13.4375000002085,9.28333377838135,896
-72.4374999997005,-14.0208333335465,6.77716684341431,926
-73.5208333330425,-13.8541666668785,6.69166707992554,911
-75.1874999997225,-13.1875000002065,2.02250003814697,762
-70.7291666663535,-15.0625000002215,2.71283292770386,933
-67.6041666663285,-21.0208333336025,7.61700010299683,74
-69.6041666663445,-17.7291666669095,3.51049995422363,317
-67.7708333329965,-21.8541666669425,3.49933290481567,81
-71.0208333330225,-16.0208333335625,3.58599996566772,499
-66.2291666663175,-21.9791666669435,8.12516689300537,188
-67.6041666663285,-20.9791666669355,8.20633316040039,76
-68.2291666663335,-20.2291666669295,7.00250005722046,92
-76.6041666664005,-9.7291666668455,8.87049961090088,948
-76.7291666664015,-10.4791666668515,1.29216694831848,960
-68.1458333329995,-20.6041666669325,6.39249992370605,84
-66.8124999996555,-26.6458333336475,10.5345001220703,106
-70.0624999996815,-15.4375000002245,9.7805004119873,669
-73.3124999997075,-13.7708333335445,6.96383285522461,956
-67.8124999996635,-19.1458333335875,8.36283302307129,196
-66.8124999996555,-18.8125000002515,9.70049953460693,370
-67.3958333329935,-17.7291666669095,9.30766677856445,368
-69.1874999996745,-16.6458333335675,8.86783313751221,687
-72.1458333330315,-13.6041666668765,6.90283298492432,920
-72.8541666663705,-14.3958333335495,7.99949979782104,858
-72.1041666663645,-13.6458333335435,6.48833322525024,943
-68.4791666663355,-24.7291666669655,1.29216694831848,58
-69.0624999996735,-24.3958333336295,9.87899971008301,13
-67.9791666663315,-17.3541666669065,9.09766674041748,402
-68.4791666663355,-21.9791666669435,8.19550037384033,41
-71.2708333330245,-15.9791666668955,4.1313328742981,401
-69.3124999996755,-25.1458333336355,7.89766597747803,17
-68.9791666663395,-17.5625000002415,7.34333276748657,404
-69.2291666663415,-19.6041666669245,9.13633346557617,77
-75.8124999997275,-11.0625000001895,6.35750007629395,1075
-66.6458333329875,-19.5625000002575,6.75033283233643,168
-67.4791666663275,-23.3541666669545,3.40899991989136,82
-76.5624999997335,-10.9791666668555,2.45433306694031,929
-66.9374999996565,-23.5208333336225,6.7039999961853,94
-67.7291666663295,-23.3125000002875,3.99683308601379,74
-68.9791666663395,-17.4791666669075,7.93416595458984,413
-67.5624999996615,-26.2708333336445,8.70316696166992,68
-69.8958333330135,-16.6458333335675,5.26433277130127,607
-69.5624999996775,-16.0625000002295,9.76683330535889,1050
-68.2708333330005,-25.3125000003035,4.0223331451416,56
-69.2291666663415,-27.3958333336535,2.70099997520447,82
-67.3124999996595,-26.2291666669775,9.86066627502441,70
-69.4374999996765,-29.0208333336665,2.43066692352295,108
-68.6041666663365,-22.1041666669445,10.5555000305176,29
-78.1458333330795,-8.1041666668325,13.4134998321533,479
-71.9791666663635,-13.7708333335445,13.7991695404053,720
-69.2291666663415,-14.6875000002185,0.6828333735466,970
-67.2708333329925,-20.4375000002645,8.12399959564209,159
-69.1458333330075,-18.0625000002455,2.39733290672302,361
-70.5208333330185,-15.4791666668915,2.69700002670288,902
-67.2291666663255,-26.8541666669825,6.29850006103516,114
-72.9374999997045,-14.6875000002185,2.42166709899902,813
-66.3541666663185,-24.8541666669665,4.3353328704834,162
-74.6458333330515,-14.0208333335465,6.15999984741211,711
-69.8124999996795,-17.8958333335775,5.86800003051758,218
-68.6041666663365,-26.7708333336485,-1.95616698265076,117
-69.0208333330065,-19.0208333335865,0.202499896287918,252
-72.0208333330305,-14.3125000002155,8.94383335113525,938
-70.5624999996855,-14.1041666668805,3.19233298301697,890
-67.9791666663315,-26.3541666669785,8.20300006866455,57
-67.6874999996625,-17.3958333335735,8.31616687774658,408
-74.6041666663845,-13.8541666668785,3.93416690826416,796
-75.3124999997235,-11.6875000001945,7.7578330039978,995
-69.0208333330065,-21.5208333336065,10.2795000076294,23
-73.1458333330395,-13.8541666668785,5.79966688156128,968
-68.6874999996705,-19.8958333335935,5.37116718292236,113
-69.3124999996755,-18.6041666669165,1.3289999961853,279
-72.6458333330355,-14.4375000002165,2.86283302307129,881
-69.7708333330125,-14.9791666668875,7.90566682815552,758
-69.1041666663405,-25.5625000003055,5.59766721725464,32
-78.1458333330795,-8.3958333335015,18.9836692810059,288
-68.5624999996695,-27.1875000003185,-7.3435001373291,170
-66.7708333329885,-18.7291666669175,8.50183296203613,371
-68.3541666663345,-26.1875000003105,-0.460999995470047,93
-71.3124999996915,-14.0208333335465,4.16599988937378,921
-69.3124999996755,-24.2291666669615,14.3271703720093,6
-67.5624999996615,-23.3541666669545,5.24100017547607,72
-65.6874999996465,-24.6875000002985,9.29916667938232,226
-67.0208333329905,-19.9375000002605,8.58833312988281,130
-71.0624999996895,-15.7291666668935,3.53999996185303,592
-68.5624999996695,-26.7708333336485,-0.046000000089407,102
-66.9791666663235,-25.0625000003015,4.4854998588562,102
-66.1874999996505,-22.1458333336115,8.01483345031738,194
-67.5208333329945,-18.7291666669175,8.55350017547607,273
-68.8958333330055,-20.8541666669345,4.59299993515015,65
-68.4374999996685,-24.9791666669675,2.59850001335144,54
-78.3124999997475,-7.7291666668295,10.8883304595947,756
-76.9374999997365,-10.5625000001855,4.06783294677734,744
-72.8541666663705,-15.6458333335595,4.90783309936523,418
-76.4791666663995,-9.7291666668455,5.79133319854736,1118
-73.3958333330415,-14.1458333335475,6.2888331413269,935
-65.6458333329795,-23.0625000002855,8.17500019073486,211
-69.1874999996745,-14.8541666668865,2.87766695022583,943
-69.1041666663405,-16.6458333335675,8.64916706085205,699
-67.1458333329915,-24.7291666669655,7.67649984359741,79
-72.6458333330355,-13.9791666668795,5.75366687774658,971
-69.0624999996735,-15.2291666668895,5.68383312225342,922
-68.8124999996715,-26.9375000003165,3.07083296775818,86
-65.9791666663155,-23.9791666669595,5.37966680526733,168
-66.7708333329885,-22.3958333336135,5.04183292388916,130
-67.8541666663305,-20.9791666669355,7.83583307266235,69
-71.7708333330285,-13.3125000002075,7.6796669960022,765
-67.4374999996605,-22.3541666669465,3.6588339805603,91
-68.1041666663325,-19.3541666669225,7.28000020980835,175
-66.6874999996545,-24.6458333336315,8.00066661834717,100
-68.4791666663355,-27.8958333336575,0.980000019073486,123
-68.9791666663395,-15.1875000002225,11.2186698913574,864
-77.8958333330775,-8.9791666668395,11.0734996795654,382
-64.9791666663075,-23.0625000002855,12.1800003051758,343
-75.1041666663885,-11.9375000001965,7.04116678237915,991
-68.3124999996675,-27.1041666669845,1.17933297157288,101
-66.2708333329845,-23.5625000002895,6.68050003051758,144
-69.8124999996795,-28.4791666669955,0.172166600823402,126
-68.1041666663325,-26.9375000003165,4.8061671257019,86
-70.5208333330185,-16.8958333335695,3.08316707611084,456
-74.8958333330535,-14.3958333335495,15.3964996337891,174
-68.0208333329985,-20.2291666669295,6.90850019454956,149
-72.7291666663695,-13.8958333335455,5.55950021743774,949
-70.2708333330165,-16.5208333335665,3.68799996376038,594
-77.4791666664075,-9.8541666668465,3.97849988937378,606
-69.4791666663435,-14.6041666668845,2.91333293914795,935
-66.6041666663205,-19.8541666669265,6.41616678237915,154
-67.1458333329915,-19.5208333335905,8.51266670227051,168
-66.8124999996555,-19.9791666669275,8.46733379364014,131
-74.4791666663835,-12.6875000002025,8.65933322906494,972
-66.8541666663225,-24.4375000002965,6.08783292770386,97
-72.3541666663665,-15.6875000002265,5.81850004196167,376
-67.3124999996595,-26.6041666669805,9.44900035858154,82
-78.1041666664125,-7.3541666668265,14.7151699066162,816
-71.6458333330275,-14.3125000002155,8.04283332824707,976
-68.8958333330055,-24.9791666669675,7.44083404541016,38
-73.9791666663795,-14.3958333335495,7.1788330078125,817
-75.3541666663905,-13.6875000002105,7.62099981307983,515
-67.7708333329965,-19.9791666669275,7.2786660194397,171
-70.3541666663505,-15.2708333335565,7.75883293151855,767
-67.5208333329945,-25.9375000003085,7.48583316802979,71
-75.8958333330615,-12.0208333335305,4.93616676330566,796
-68.9374999996725,-26.3541666669785,7.1643328666687,41
-66.6874999996545,-21.5625000002735,8.1899995803833,138
-76.1041666663965,-11.7708333335285,3.60150003433228,876
-66.4374999996525,-26.7708333336485,13.0433301925659,138
-66.7708333329885,-19.8125000002595,8.99783325195312,131
-66.5624999996535,-23.6041666669565,6.19766712188721,125
-73.2708333330405,-15.5625000002255,7.54483318328857,389
-74.2708333330485,-15.0208333335545,15.2484998703003,162
-70.4374999996845,-15.1041666668885,5.76800012588501,868
-68.1041666663325,-22.6458333336155,6.74399995803833,50
-71.7291666663615,-13.5208333335425,10.1178302764893,635
-70.7291666663535,-16.2708333335645,7.84600019454956,435
-69.3124999996755,-28.8958333336655,3.65966701507568,107
-78.2708333330805,-8.2708333335005,7.73333406448364,662
-68.0624999996655,-21.7708333336085,0.774500012397766,90
-66.7291666663215,-24.4375000002965,5.14983320236206,112
-66.5624999996535,-17.0208333335705,6.38533306121826,941
-69.2708333330085,-15.0625000002215,6.54866600036621,879
-68.0624999996655,-21.6041666669405,5.21999979019165,66
-67.8958333329975,-22.9791666669515,7.07649993896484,54
-69.1874999996745,-27.6041666669885,2.10066699981689,99
-68.6458333330035,-18.8125000002515,4.93333292007446,252
-67.7291666663295,-24.7708333336325,9.2281665802002,116
-66.5624999996535,-23.6875000002905,6.63216686248779,122
-71.6041666663605,-15.0208333335545,5.50899982452393,785
-66.3958333329855,-26.1875000003105,5.86666679382324,163
-70.4791666663515,-16.6041666669005,3.82216691970825,527
-66.7708333329885,-21.6875000002745,7.72466707229614,128
-67.7291666663295,-25.7708333336405,10.4825000762939,47
-66.3541666663185,-24.3541666669625,6.48066711425781,132
-65.5208333329785,-23.0208333336185,9.4781665802002,216
-71.8124999996955,-14.8541666668865,2.99633288383484,846
-77.2708333330725,-8.8958333335055,11.1073303222656,706
-69.0624999996735,-16.7708333335685,8.6448335647583,630
-67.3124999996595,-25.1458333336355,5.14066600799561,82
-74.5624999997175,-14.3125000002155,4.9060001373291,700
-68.2291666663335,-20.7291666669335,4.260666847229,87
-76.0624999997295,-10.3541666668505,6.33983278274536,1340
-70.5624999996855,-13.9375000002125,5.24200010299683,807
-66.8958333329895,-26.5625000003135,10.5101699829102,97
-66.8958333329895,-19.1875000002545,9.5290002822876,244
-70.8541666663545,-16.5208333335665,8.06166553497314,323
-71.1874999996905,-15.3125000002235,2.38483309745789,798
-66.2708333329845,-25.2708333336365,13.7471704483032,150
-74.9791666663875,-12.7708333335365,7.54349994659424,813
-71.7708333330285,-15.7291666668935,3.5758330821991,488
-74.7291666663855,-13.3541666668745,2.69483304023743,864
-72.1874999996985,-13.7708333335445,11.484169960022,855
-75.0208333330545,-12.1875000001985,9.18033313751221,930
-70.7708333330205,-15.9791666668955,3.29099988937378,642
-67.8958333329975,-19.2708333335885,8.25166702270508,175
-67.2291666663255,-20.2708333335965,8.26383304595947,114
-69.4374999996765,-18.3958333335815,2.77783298492432,273
-69.4374999996765,-28.1041666669925,2.93899989128113,99
-68.8958333330055,-17.3958333335735,8.66616630554199,428
-67.8958333329975,-18.3125000002475,7.96649980545044,288
-69.4374999996765,-14.7708333335525,3.96516704559326,906
-67.1041666663245,-19.2291666669215,9.19950008392334,220
-65.9374999996485,-23.2708333336205,10.6780004501343,158
-76.1041666663965,-10.4375000001845,5.61766719818115,1356
-69.1874999996745,-24.5625000002975,9.48283386230469,14
-68.2291666663335,-23.9375000002925,12.0655002593994,30
-67.3541666663265,-21.9375000002765,6.88600015640259,84
-69.3124999996755,-25.4791666669715,9.81566619873047,15
-68.9374999996725,-25.5625000003055,6.65783405303955,30
-77.1874999997385,-9.1875000001745,5.93566703796387,902
-69.3541666663425,-20.1875000002625,14.5096702575684,15
-67.8541666663305,-21.7291666669415,1.91183304786682,88
-66.2708333329845,-25.8125000003075,14.5663299560547,112
-67.3958333329935,-17.1875000002385,8.68000030517578,502
-67.3541666663265,-25.6875000003065,1.57566702365875,108
-67.1458333329915,-22.8541666669505,4.47383308410645,96
-69.3541666663425,-19.1458333335875,6.4776668548584,140
-77.8541666664105,-9.3541666668425,4.50799989700317,610
-65.2291666663095,-23.1458333336195,7.26033306121826,249
-68.9791666663395,-28.9375000003325,5.90416717529297,112
-73.9791666663795,-14.4375000002165,6.53233289718628,803
-71.4374999996925,-14.7291666668855,7.12616682052612,842
-66.1874999996505,-21.4791666669395,8.55533313751221,201
-71.8541666663625,-15.9375000002285,5.98183298110962,331
-68.3958333330015,-23.6875000002905,13.096170425415,26
-72.6458333330355,-14.0208333335465,7.12616682052612,941
-71.5624999996935,-14.0208333335465,8.3236665725708,840
-72.8124999997035,-14.8125000002195,1.24950003623962,775
-66.8958333329895,-23.8541666669585,5.6651668548584,98
-71.4374999996925,-14.4791666668835,7.45599985122681,874
-76.5208333330665,-10.9791666668555,3.22950005531311,921
-68.3124999996675,-27.8125000003235,4.60799980163574,112
-67.3541666663265,-23.5625000002895,4.0703330039978,82
-69.2708333330085,-14.8541666668865,4.05016708374023,916
-74.5208333330505,-14.6458333335515,7.24450016021729,626
-67.1458333329915,-25.9791666669755,3.00799989700317,112
-67.2291666663255,-23.9375000002925,7.52716684341431,73
-71.6874999996945,-14.6041666668845,3.39416599273682,910
-66.3124999996515,-24.3958333336295,6.2413330078125,135
-69.3958333330095,-28.7291666669975,-2.15966701507568,136
-66.9791666663235,-25.6458333336395,2.80233311653137,118
-70.3541666663505,-14.0625000002135,4.3663330078125,843
-65.3124999996435,-22.4791666669475,6.07816600799561,291
-68.7708333330045,-23.9791666669595,10.6558303833008,18
-77.3541666664065,-9.5208333335105,2.26216697692871,796
-75.8958333330615,-12.0625000001975,5.56150007247925,768
-67.3541666663265,-18.4375000002485,9.05799961090088,314
-72.6458333330355,-13.7708333335445,4.85916709899902,981
-68.5208333330025,-24.3125000002955,6.52449989318848,33
-69.4374999996765,-18.3958333335815,2.77783298492432,273
-74.7708333330525,-13.3541666668745,2.93966698646545,846
-66.8541666663225,-24.3958333336295,4.19183301925659,109
-75.3124999997235,-12.2708333335325,8.52050018310547,840
-69.0624999996735,-15.1041666668885,6.29500007629395,921
-67.4791666663275,-26.3125000003115,11.2878303527832,59
-68.3124999996675,-22.7291666669495,9.80966663360596,36
-67.8124999996635,-17.8958333335775,8.44449996948242,333
-69.7708333330125,-17.6041666669085,1.9190000295639,360
-70.3124999996835,-14.8541666668865,7.18249988555908,743
-67.4374999996605,-23.4375000002885,5.1953330039978,73
-68.4374999996685,-19.6875000002585,7.24016714096069,122
-72.3124999996995,-13.9791666668795,5.91699981689453,956
-67.4791666663275,-22.3125000002795,2.76399993896484,94
-65.8124999996475,-22.0625000002775,10.6158304214478,271
-74.0624999997135,-15.3958333335575,11.6043300628662,237
-77.3124999997395,-9.8541666668465,3.56116700172424,686
-67.9374999996645,-22.3125000002795,0.372999906539917,88
-75.6874999997265,-12.8541666668705,3.65466690063477,656
-69.1041666663405,-25.5625000003055,5.59766721725464,32
-66.8958333329895,-25.0625000003015,4.2271671295166,113
-68.3958333330015,-21.3541666669385,6.70966720581055,59
-66.6041666663205,-24.6875000002985,7.74900007247925,104
-71.4374999996925,-14.1458333335475,7.18716716766357,843
-74.9791666663875,-12.9375000002045,3.78083300590515,830
-69.3958333330095,-25.4375000003045,11.8290004730225,11
-68.2291666663335,-22.3958333336135,8.72900009155273,43
-77.2708333330725,-9.1875000001745,4.95499992370605,909
-68.8124999996715,-24.0208333336265,9.64200019836426,19
-69.5208333330105,-18.4791666669155,9.75666618347168,147
-70.6874999996865,-14.6041666668845,5.67549991607666,813
-68.3541666663345,-22.9791666669515,13.5686702728271,30
-69.7708333330125,-16.1458333335635,7.52299976348877,871
-74.2708333330485,-15.1458333335555,13.7453298568726,195
-77.4374999997405,-9.3541666668425,2.01933288574219,827
-69.6041666663445,-29.0625000003335,-0.17316660284996,130
-66.1874999996505,-26.3541666669785,7.4763331413269,178
-65.9791666663155,-25.3958333336375,10.2168302536011,170
-68.7291666663375,-24.2708333336285,10.8304996490479,19
-69.5624999996775,-17.6875000002425,5.555832862854,299
-75.0208333330545,-12.5625000002015,8.97466659545898,809
-68.7291666663375,-24.6041666669645,7.78483295440674,24
-71.5624999996935,-14.3958333335495,4.23683309555054,927
-72.3124999996995,-14.1458333335475,7.9776668548584,932
-68.2708333330005,-20.6875000002665,4.02333402633667,92
-70.8958333330215,-16.2291666668975,3.58966708183289,495
-68.1874999996665,-26.2708333336445,0.540333271026611,91
-66.6874999996545,-23.2291666669535,7.48116683959961,113
-72.5208333330345,-13.8958333335455,11.5786695480347,965
-68.0624999996655,-21.6458333336075,5.32283401489258,65
-65.6458333329795,-21.9791666669435,11.6393299102783,323
-67.3958333329935,-19.9375000002605,8.1366662979126,168
-66.0624999996495,-21.6875000002745,9.1879997253418,223
-67.2291666663255,-23.1458333336195,5.00383281707764,84
-66.2291666663175,-25.1041666669685,12.9259996414185,157
-73.8541666663785,-13.4791666668755,17.5133304595947,714
-65.7708333329805,-25.1041666669685,12.46399974823,259
-77.3541666664065,-10.2291666668495,3.0326669216156,637
-67.0624999996575,-19.9791666669275,9.30366611480713,130
-67.6041666663285,-23.6875000002905,-0.382499992847443,98
-69.1041666663405,-19.2291666669215,3.18033289909363,191
-66.6041666663205,-19.8958333335935,5.72883319854736,156
-73.6458333330435,-13.8125000002115,9.45199966430664,894
-68.5624999996695,-27.9375000003245,3.57500004768372,108
-66.9374999996565,-24.8541666669665,7.77199983596802,86
-71.1874999996905,-14.8541666668865,6.46649980545044,817
-70.6041666663525,-14.9375000002205,7.20333290100098,745
-67.6874999996625,-22.1458333336115,3.52749991416931,82
-73.1874999997065,-13.8541666668785,4.90216684341431,974
-72.0624999996975,-15.3541666668905,3.08249998092651,625
-68.6874999996705,-20.7291666669335,6.12066698074341,65
-72.2291666663655,-14.4375000002165,6.6230001449585,893
-66.8541666663225,-20.8541666669345,9.74783325195312,125
-77.8124999997435,-9.3958333335095,4.80749988555908,609
-66.3958333329855,-19.3541666669225,5.10666704177856,199
-65.6041666663125,-23.0208333336185,8.76966667175293,211
-65.6458333329795,-24.5208333336305,7.65683317184448,218
-65.4791666663115,-22.6041666669485,9.70349979400635,261
-73.4791666663755,-13.9791666668795,7.20216703414917,920
-70.4374999996845,-17.0208333335705,1.76600003242493,455
-69.3124999996755,-18.5208333335825,3.39133310317993,282
-69.0208333330065,-20.2291666669295,3.40666699409485,96
-69.3124999996755,-27.5208333336545,1.4889999628067,98
-73.9791666663795,-13.5208333335425,6.97800016403198,931
-67.5624999996615,-25.3541666669705,2.33033299446106,93
-66.3541666663185,-16.8125000002355,14.91100025177,1289
-69.0208333330065,-28.1041666669925,-2.31049990653992,137
-67.1458333329915,-17.8958333335775,9.86600017547607,406
-78.1874999997465,-7.2291666668255,11.9613304138184,981
-67.2291666663255,-18.5208333335825,9.09549999237061,329
-67.1041666663245,-21.4791666669395,8.80966663360596,99
-69.9791666663475,-15.5208333335585,9.77716636657715,715
-67.6041666663285,-24.1458333336275,9.64566612243652,54
-68.1458333329995,-23.6875000002905,13.9103298187256,38
-68.8541666663385,-17.1041666669045,8.94099998474121,503
-65.1874999996425,-22.3541666669465,7.37783288955688,325
-71.9374999996965,-14.1875000002145,5.7578330039978,983
-76.1041666663965,-10.3958333335175,6.42783403396606,1310
-70.4791666663515,-16.5208333335665,3.52850008010864,558
-71.0624999996895,-16.6875000002345,13.2959995269775,112
-69.2708333330085,-29.1875000003345,4.23649978637695,111
-73.4791666663755,-14.2291666668815,8.90166664123535,890
-75.9791666663955,-11.6041666668605,6.30649995803833,760
-71.3541666663585,-15.6041666668925,4.11733293533325,563
-71.4374999996925,-13.7291666668775,6.95533323287964,794
-65.1874999996425,-22.9375000002845,4.89449977874756,277
-68.3541666663345,-23.7291666669575,12.9223299026489,28
-66.4791666663195,-20.1875000002625,9.25316715240479,164
-77.7708333330765,-8.4791666668355,7.59933280944824,818
-71.0624999996895,-13.8125000002115,2.23066711425781,900
-68.8124999996715,-27.7291666669895,-5.49599981307983,177
-67.5624999996615,-17.2708333335725,7.8518328666687,454
-67.3958333329935,-22.0208333336105,6.74866676330566,82
-65.6041666663125,-23.5208333336225,7.36516714096069,197
-74.6874999997185,-12.8958333335375,10.5853300094604,821
-66.8958333329895,-18.9791666669195,9.33100032806396,311
-75.5624999997255,-12.6458333335355,2.89933300018311,751
-69.9374999996805,-16.6458333335675,3.61199998855591,628
-67.8541666663305,-20.1458333335955,7.04933309555054,163
-67.8958333329975,-22.7708333336165,2.06699991226196,75
-76.6874999997345,-9.6041666668445,9.31166553497314,871
-75.3958333330575,-11.8125000001955,10.6344995498657,733
-70.6041666663525,-15.9375000002285,7.11883401870728,669
-74.0624999997135,-15.2708333335565,12.028829574585,279
-67.0208333329905,-24.1041666669605,8.57983303070068,80
-71.6874999996945,-14.0625000002135,7.26766681671143,897
-77.8541666664105,-8.3958333335015,3.83100008964539,1054
-68.7708333330045,-17.6458333335755,7.42866706848145,404
-70.5208333330185,-16.0625000002295,4.17000007629395,698
-66.7708333329885,-21.8541666669425,5.44850015640259,133
-71.6041666663605,-13.8541666668785,5.82133293151855,919
-70.8541666663545,-15.8958333335615,2.3451669216156,661
-67.3124999996595,-17.3541666669065,7.93200016021729,506
-75.6874999997265,-11.4791666668595,8.98449993133545,716
-78.6458333330835,-7.0208333334905,11.3575000762939,784
-66.7708333329885,-23.2708333336205,7.26016712188721,109
-74.3541666663825,-13.5208333335425,6.2020001411438,889
-70.0624999996815,-15.2291666668895,9.30466747283936,692
-68.0208333329985,-21.2708333336045,5.06083297729492,75
-75.5624999997255,-12.1875000001985,6.02250003814697,826
-69.1458333330075,-26.5625000003135,6.45133304595947,40
-66.8958333329895,-18.8125000002515,9.48433303833008,349
-69.1458333330075,-20.9375000002685,13.9233303070068,15
-67.4791666663275,-18.8125000002515,8.73050022125244,267
-69.1458333330075,-16.6458333335675,8.74466705322266,696
-66.8541666663225,-23.0208333336185,3.54116702079773,122
-66.5208333329865,-19.3541666669225,5.44433307647705,197
-76.5208333330665,-10.4375000001845,6.43416595458984,954
-67.4791666663275,-22.8125000002835,3.98433303833008,81
-76.8541666664025,-10.0625000001815,4.42033290863037,861
-66.1874999996505,-23.8541666669585,10.2558298110962,141
-69.1874999996745,-20.0625000002615,9.87283325195312,51
-66.7708333329885,-21.9791666669435,5.91116714477539,135
-70.2708333330165,-15.8958333335615,6.22066688537598,784
-71.8541666663625,-14.9375000002205,3.74616694450378,799
-67.0208333329905,-20.1458333335955,9.35550022125244,125
-68.1874999996665,-19.8541666669265,6.73233318328857,118
-69.9791666663475,-14.4375000002165,5.85633277893066,785
-76.1874999997305,-12.6458333335355,9.78899955749512,358
-67.4374999996605,-18.9375000002525,8.30483341217041,252
-76.8541666664025,-10.7708333335205,9.4258337020874,623
-67.7708333329965,-22.9791666669515,1.14433300495148,81
-75.3124999997235,-12.6041666668685,5.91750001907349,746
-70.2708333330165,-16.8958333335695,3.4375,487
-69.8124999996795,-16.1041666668965,8.11216640472412,870
-73.6041666663765,-15.0208333335545,6.78200006484985,662
-67.6041666663285,-20.7708333336005,8.43883323669434,78
-69.0208333330065,-15.3958333335575,9.4238338470459,939
-77.0208333330705,-10.6875000001865,1.76716697216034,763
-77.7291666664095,-9.3125000001755,7.25983285903931,537
-74.2708333330485,-14.0208333335465,6.88149976730347,805
-72.2291666663655,-15.2708333335565,1.66583299636841,658
-69.4791666663435,-28.3541666669945,0.93533331155777,115
-68.5208333330025,-19.6041666669245,5.27133321762085,144
-68.8541666663385,-18.9791666669195,2.34150004386902,250
-67.3541666663265,-22.6041666669485,3.35899996757507,91
-67.0624999996575,-22.9791666669515,4.28000020980835,102
-69.9374999996805,-16.1875000002305,8.38049983978271,744
-77.4791666664075,-9.6875000001785,8.84166622161865,619
-66.4791666663195,-25.3958333336375,8.07900047302246,142
-68.6458333330035,-19.2708333335885,7.19799995422363,156
-72.9374999997045,-14.9791666668875,3.45516705513,700
-68.8124999996715,-26.0208333336425,4.58799982070923,48
-65.3958333329775,-22.2708333336125,10.3843297958374,322
-68.3958333330015,-26.3125000003115,2.61050009727478,85
-65.7708333329805,-22.6041666669485,10.5723304748535,226
-66.6041666663205,-23.6041666669565,5.93900012969971,121
-76.5624999997335,-11.3125000001915,2.37100005149841,878
-69.1041666663405,-19.1041666669205,3.64283299446106,206
-67.9791666663315,-19.1041666669205,8.19833374023438,239
-75.8124999997275,-12.3541666668665,8.01949977874756,614
-65.6458333329795,-22.6041666669485,10.8428297042847,241
-69.0624999996735,-27.1875000003185,3.60516691207886,76
-68.9374999996725,-21.7291666669415,8.67566680908203,28
-69.3541666663425,-18.6875000002505,2.98650002479553,255
-76.7291666664015,-11.0208333335225,2.67650008201599,811
-68.4374999996685,-23.5625000002895,14.1651697158813,25
-65.1874999996425,-23.3541666669545,6.37333297729492,258
-66.9374999996565,-26.7708333336485,7.79449987411499,124
-67.9374999996645,-19.1875000002545,8.28433322906494,183
-68.2708333330005,-24.9375000003005,6.01683282852173,42
-65.9791666663155,-21.7708333336085,11.2661695480347,245
-70.3541666663505,-14.3958333335495,4.48299980163574,847
-77.9791666664115,-8.6875000001705,19.0335006713867,276
-71.6458333330275,-14.6458333335515,4.97399997711182,897
-67.4374999996605,-24.1458333336275,5.66533279418945,73
-67.2291666663255,-17.8541666669105,9.67983341217041,392
-68.4791666663355,-17.5625000002415,8.89466667175293,397
-66.1041666663165,-22.3125000002795,9.30749988555908,208
-75.0208333330545,-11.9375000001965,5.993332862854,1029
-70.1874999996825,-16.6458333335675,1.97933304309845,591
-74.7291666663855,-13.5625000002095,8.64000034332275,758
-74.0208333330465,-14.5208333335505,4.21833276748657,814
-72.0624999996975,-13.8958333335455,11.6151695251465,851
-67.3541666663265,-26.7291666669815,6.40216684341431,100
-70.2708333330165,-14.6041666668845,6.45666694641113,772
-67.6874999996625,-19.0208333335865,8.3216667175293,222
-65.1458333329755,-23.3958333336215,7.77666711807251,261
-69.5624999996775,-16.3958333335655,7.38816690444946,797
-67.4791666663275,-25.9791666669755,9.33516693115234,61
-67.9374999996645,-26.5625000003135,0.906166672706604,102
-67.1874999996585,-26.4791666669795,7.7960000038147,93
-65.8124999996475,-21.9791666669435,11.6370000839233,284
-68.5624999996695,-20.0625000002615,5.0310001373291,108
-67.4791666663275,-17.9375000002445,9.0944995880127,332
-71.1874999996905,-16.5208333335665,4.26133298873901,348
-69.3958333330095,-28.3125000003275,1.84150004386902,106
-67.2291666663255,-19.1458333335875,8.88000011444092,232
-65.7291666663135,-23.2708333336205,6.69083404541016,200
-68.6874999996705,-25.9375000003085,5.50216722488403,47
-74.4791666663835,-13.6041666668765,10.2946701049805,789
-68.7291666663375,-17.4375000002405,9.01716709136963,419
-74.1874999997145,-15.3541666668905,13.4346704483032,161
-66.7708333329885,-20.8958333336015,9.61200046539307,130
-66.6874999996545,-26.2708333336445,4.87949991226196,138
-73.2291666663735,-15.5208333335585,15.4703302383423,122
-68.9374999996725,-27.1875000003185,3.26166701316833,77
-67.5208333329945,-26.5208333336465,11.6216697692871,62
-69.6458333330115,-14.5625000002175,5.74249982833862,822
-67.3541666663265,-22.3541666669465,5.45966720581055,85
-66.8541666663225,-21.3125000002715,9.04883289337158,121
-68.2708333330005,-25.8958333336415,4.79300022125244,56
-74.2291666663815,-13.4791666668755,9.08633327484131,898
-68.5208333330025,-23.8541666669585,13.7641696929932,22
-68.3958333330015,-22.0625000002775,6.04383277893066,48
-68.5624999996695,-23.6041666669565,14.2410001754761,22
-67.3541666663265,-21.0208333336025,8.12283325195312,86
-68.3124999996675,-22.0625000002775,6.00116682052612,50
-67.5624999996615,-20.2291666669295,7.579833984375,162
-68.0208333329985,-18.7291666669175,7.94116687774658,239
-75.6874999997265,-13.1458333335395,8.04866695404053,525
-67.8958333329975,-23.6875000002905,8.38599967956543,50
-67.6874999996625,-20.9791666669355,8.18883323669434,72
-70.1458333330155,-17.6041666669085,9.91349983215332,146
-67.8958333329975,-23.4375000002885,9.88500022888184,47
-66.6874999996545,-26.5625000003135,8.00949954986572,127
-74.4374999997165,-14.9791666668875,13.4568300247192,239
-76.4791666663995,-11.5208333335265,2.7664999961853,874
-66.6041666663205,-21.7291666669415,5.26999998092651,154
-65.7291666663135,-22.6458333336155,10.8315000534058,225
-75.3541666663905,-11.8958333335295,11.4068298339844,694
-76.2291666663975,-12.0625000001975,5.0149998664856,660
-66.6874999996545,-20.9375000002685,9.57266616821289,138
-77.6458333330755,-9.9791666668475,9.63749980926514,479
-73.1041666663725,-14.6458333335515,2.73566699028015,843
-68.8958333330055,-20.1875000002625,4.93966722488403,89
-71.3541666663585,-15.1458333335555,3.19333291053772,828
-77.1041666664045,-9.6041666668445,4.4438328742981,860
-68.8958333330055,-27.1041666669845,1.52049994468689,89
-69.6874999996785,-29.0208333336665,2.09949994087219,119
-71.6041666663605,-16.3125000002315,13.4201698303223,99
-68.5624999996695,-17.3958333335735,9.46500015258789,420
-68.5208333330025,-20.1041666669285,2.32683300971985,128
-66.2708333329845,-24.5625000002975,2.79666709899902,165
-68.3541666663345,-19.2708333335885,7.39583301544189,163
-74.7291666663855,-14.6875000002185,13.4099998474121,246
-68.0624999996655,-23.7291666669575,13.5100002288818,40
-68.2708333330005,-24.6041666669645,3.53383302688599,54
-69.2708333330085,-28.1041666669925,1.91266703605652,100
-76.0624999997295,-10.7291666668535,5.37333297729492,1236
-66.9791666663235,-25.0208333336345,5.26766681671143,98
-67.5208333329945,-18.9375000002525,8.19349956512451,246
-66.0208333329825,-24.4791666669635,6.76949977874756,169
-68.9374999996725,-28.7708333336645,3.43083310127258,121
-73.7708333330445,-14.1041666668805,7.06983280181885,911
-67.0624999996575,-22.9375000002845,3.61649990081787,106
-67.9374999996645,-24.2291666669615,8.43933296203613,44
-68.0208333329985,-21.8125000002755,2.5090000629425,80
-67.2708333329925,-17.4375000002405,7.83650016784668,504
-76.5624999997335,-9.6041666668445,5.65850019454956,1060
-69.1874999996745,-25.6875000003065,8.18516635894775,22
-73.9791666663795,-13.9791666668795,6.87716722488403,894
-67.6458333329955,-26.1041666669765,6.44116592407227,71
-70.8541666663545,-16.7708333335685,17.5599994659424,65
-74.8541666663865,-12.8125000002035,7.89266681671143,826
-69.1041666663405,-26.7708333336485,5.64416599273682,49
-76.4791666663995,-10.6458333335195,4.81083297729492,933
-69.2291666663415,-20.2708333335965,12.1234998703003,28
-68.6458333330035,-27.0208333336505,-0.85616672039032,156
-68.1458333329995,-26.1458333336435,4.08099985122681,66
-71.6041666663605,-15.2708333335565,3.67583298683167,740
-67.1874999996585,-21.0208333336025,8.50066661834717,95
-68.5208333330025,-17.9375000002445,6.09033298492432,375
-66.1874999996505,-22.3541666669465,6.12033319473267,190
-67.9791666663315,-19.1458333335875,8.32549953460693,213
-77.0624999997375,-9.6875000001785,4.25449991226196,859
-66.5208333329865,-24.1458333336275,3.71633291244507,135
-67.6874999996625,-18.3541666669145,8.31483364105225,298
-71.9374999996965,-15.8125000002275,2.6470000743866,484
-66.6041666663205,-25.7291666669735,6.03550004959106,134
-69.7291666663455,-16.1458333335635,8.92016696929932,898
-77.8124999997435,-8.5208333335025,9.00983333587646,596
-74.5208333330505,-12.5625000002015,9.69466686248779,925
-72.8124999997035,-15.0625000002215,2.55900001525879,685
-68.7291666663375,-26.6041666669805,1.47933304309845,78
-70.1041666663485,-15.3958333335575,9.67300033569336,661
-69.0208333330065,-20.3541666669305,4.53783321380615,80
-67.4374999996605,-21.6041666669405,6.54150009155273,86
-66.8124999996555,-26.4791666669795,9.5823335647583,104
-77.7708333330765,-9.1041666668405,16.1391696929932,378
-69.9791666663475,-17.5625000002415,8.56683254241943,196
-70.8958333330215,-14.2291666668815,2.49799990653992,919
-67.6041666663285,-21.1875000002705,5.00533294677734,90
-75.5208333330585,-13.6458333335435,11.5941696166992,294
-68.6041666663365,-27.2291666669855,-4.09266710281372,137
-65.8124999996475,-24.6458333336315,13.102499961853,228
-69.4791666663435,-16.7291666669015,4.72249984741211,641
-71.9791666663635,-14.8541666668865,3.11966705322266,814
-66.8958333329895,-23.5208333336225,6.53950023651123,96
-66.9374999996565,-22.3541666669465,3.79966688156128,122
-71.0624999996895,-13.6875000002105,1.9646669626236,938
-77.7291666664095,-9.1875000001745,15.5053300857544,423
-66.7291666663215,-19.6041666669245,8.64566707611084,153
-69.5208333330105,-17.8541666669105,2.46650004386902,331
-68.2708333330005,-20.5208333335985,7.12783288955688,76
-66.6041666663205,-21.7708333336085,3.89366698265076,157
-73.7291666663775,-13.9375000002125,12.1693296432495,875
-68.9791666663395,-16.8958333335695,8.78266716003418,573
-78.8541666664185,-1.5625000001135,5.6085000038147,740
-76.6041666664005,-9.4375000001765,7.22166681289673,982
-76.4791666663995,-11.6458333335275,5.77783298492432,608
-68.9791666663395,-21.2708333336045,10.0284996032715,29
-68.4374999996685,-22.9375000002845,12.7676696777344,28
-67.1458333329915,-26.3125000003115,4.2810001373291,117
-72.3958333330335,-13.5625000002095,12.1274995803833,905
-75.8124999997275,-12.7291666668695,7.89166688919067,542
-68.5208333330025,-22.9791666669515,10.5636701583862,27
-71.1874999996905,-14.7708333335525,6.28649997711182,836
-75.9374999997285,-11.2708333335245,5.96433401107788,934
-66.8124999996555,-21.4791666669395,8.06433296203613,126
-70.1874999996825,-15.3541666668905,8.60583305358887,712
-65.5624999996455,-22.6458333336155,9.90516662597656,250
-69.1458333330075,-20.4375000002645,10.7188301086426,35
-68.6041666663365,-22.1458333336115,10.8723297119141,29
-74.6041666663845,-13.5625000002095,9.85750007629395,820
-72.1458333330315,-14.7291666668855,3.42333292961121,820
-74.9374999997205,-14.3125000002155,11.6391696929932,335
-67.1458333329915,-20.3541666669305,8.39833354949951,165
-69.4374999996765,-20.1041666669285,15.346170425415,13
-67.0624999996575,-19.8541666669265,8.61083316802979,136
-68.9791666663395,-25.3958333336375,5.12983322143555,34
-71.5624999996935,-13.8958333335455,5.1855001449585,902
-68.5624999996695,-25.3125000003035,1.98716700077057,58
-65.8958333329815,-23.2291666669535,10.7034997940063,163
-78.0624999997455,-7.6458333334955,14.9040002822876,769
-74.5624999997175,-14.7291666668855,8.76599979400635,581
-75.9374999997285,-12.2291666668655,2.70600008964539,818
-68.0624999996655,-21.1875000002705,7.00066709518433,66
-67.6041666663285,-23.5208333336225,5.46866703033447,67
-65.9791666663155,-23.2291666669535,10.3223304748535,160
-68.0624999996655,-22.9791666669515,13.4919996261597,43
-69.0208333330065,-24.1041666669605,11.8921699523926,12
-70.5208333330185,-14.9375000002205,7.27150011062622,750
-69.7708333330125,-18.0208333335785,6.21666717529297,202
-69.1041666663405,-25.4791666669715,6.34533309936523,27
-66.0208333329825,-24.3125000002955,8.6336669921875,154
-75.1874999997225,-12.8958333335375,3.42833304405212,747
-70.7708333330205,-15.2291666668895,2.3840000629425,900
-66.9791666663235,-18.7291666669175,9.17983341217041,349
-75.4791666663915,-12.5625000002015,4.02733278274536,760
-69.0208333330065,-19.3541666669225,3.14100003242493,178
-68.0624999996655,-21.1875000002705,7.00066709518433,66
-67.8124999996635,-26.9791666669835,10.5915002822876,78
-76.0208333330625,-11.5208333335265,5.11483287811279,888
-68.6041666663365,-18.3958333335815,7.55816698074341,278
-68.7291666663375,-25.8541666669745,3.51200008392334,51
-71.8541666663625,-14.7291666668855,3.23833298683167,866
-67.9791666663315,-27.0625000003175,4.60583400726318,101
-66.3124999996515,-22.4375000002805,7.7519998550415,165
-72.8124999997035,-13.8541666668785,9.61849975585938,991
-67.9791666663315,-22.0208333336105,2.8836669921875,75
-74.6458333330515,-13.0625000002055,8.0625,884
-66.6041666663205,-20.5208333335985,9.87533283233643,151
-68.8958333330055,-17.1458333335715,8.87683391571045,492
-70.0624999996815,-17.2708333335725,6.15466594696045,320
-78.0624999997455,-8.3541666668345,15.248330116272,344
-70.1458333330155,-16.0208333335625,5.97083282470703,792
-66.8124999996555,-20.2708333335965,8.72049999237061,136
-65.8124999996475,-24.5625000002975,11.2281703948975,186
-75.3541666663905,-12.2291666668655,8.77566719055176,839
-68.1041666663325,-24.3958333336295,3.28816699981689,60
-68.4791666663355,-22.1458333336115,9.93400001525879,35
-72.8541666663705,-14.6458333335515,2.34966707229614,827
-67.2291666663255,-21.9791666669435,2.90816688537598,118
-72.0208333330305,-13.4791666668755,8.77066707611084,804
-71.9791666663635,-14.3958333335495,7.40350008010864,947
-75.1041666663885,-12.0208333335305,8.15349960327148,949
-69.8541666663465,-14.9375000002205,8.43866634368896,717
-66.6458333329875,-24.7291666669655,7.72933292388916,102
-75.6041666663925,-12.6875000002025,3.91183304786682,697
-65.7291666663135,-24.2708333336285,7.21750020980835,182
-67.9374999996645,-20.4375000002645,7.80533313751221,84
-71.8541666663625,-14.7708333335525,3.18533301353455,859
-68.6041666663365,-23.5208333336225,13.9861698150635,21
-69.3541666663425,-17.9791666669115,2.8911669254303,328
-73.1041666663725,-14.7708333335525,4.79066705703735,783
-76.6458333330675,-10.6458333335195,2.77083301544189,935
-75.9374999997285,-10.8125000001875,5.65283298492432,1219
-71.6041666663605,-14.1458333335475,8.9060001373291,858
-76.1041666663965,-12.8541666668705,15.9688301086426,126
-69.2708333330085,-19.6875000002585,10.2188301086426,61
-66.3958333329855,-26.3125000003115,5.07416677474976,160
-65.5624999996455,-23.2708333336205,10.5216703414917,189
-70.0208333330145,-16.1875000002305,8.15333366394043,708
-74.7708333330525,-12.5208333335345,7.95916700363159,882
-69.4374999996765,-16.4791666668995,8.33783340454102,782
-68.4374999996685,-27.3125000003195,1.46000003814697,101
-74.7708333330525,-12.9375000002045,6.5231671333313,857
-67.2708333329925,-23.2708333336205,6.02133321762085,77
-74.0624999997135,-14.6875000002185,7.73033285140991,734
-76.6458333330675,-9.5625000001775,5.80566692352295,1043
-74.4374999997165,-12.9375000002045,13.8489999771118,669
-68.1874999996665,-27.8125000003235,8.1245002746582,108
-74.7708333330525,-14.2291666668815,5.80516719818115,646
-69.2708333330085,-24.5208333336305,13.2639999389648,8
-67.0624999996575,-25.3958333336375,6.9229998588562,94
-75.8541666663945,-12.4791666668675,7.21566677093506,617
-66.7708333329885,-19.8125000002595,8.99783325195312,131
-70.9791666663555,-16.2291666668975,4.91849994659424,429
-68.3124999996675,-17.8541666669105,7.65533304214478,360
-67.5208333329945,-17.7708333335765,8.7616662979126,349
-68.9791666663395,-28.6041666669965,2.99833297729492,114
-65.1041666663085,-23.1458333336195,8.4888334274292,267
-71.1458333330235,-14.3958333335495,5.59700012207031,840
-66.3541666663185,-21.8541666669425,8.6681661605835,179
-69.6041666663445,-16.8541666669025,4.72766590118408,570
-70.3124999996835,-15.8541666668945,6.03066682815552,786
-69.7291666663455,-16.0625000002295,9.37483310699463,924
-67.2708333329925,-21.8125000002755,6.57266712188721,91
-67.6041666663285,-25.6041666669725,10.3929996490479,51
-68.3124999996675,-22.4375000002805,9.84049987792969,37
-68.4791666663355,-24.3958333336295,7.1100001335144,33
-68.7708333330045,-16.8958333335695,8.78416633605957,570
-69.7291666663455,-16.0625000002295,9.37483310699463,924
-70.0208333330145,-15.8958333335615,8.1899995803833,768
-65.3124999996435,-22.2708333336125,9.33833312988281,324
-66.8541666663225,-23.5208333336225,6.1104998588562,100
-67.1041666663245,-23.0625000002855,4.96649980545044,94
-69.1458333330075,-19.7291666669255,5.93366718292236,107
-70.4791666663515,-16.6458333335675,3.9288330078125,512
-71.1458333330235,-15.6041666668925,3.90916705131531,613
-78.4791666664155,-7.7708333334965,17.8368301391602,350
-68.2708333330005,-20.9791666669355,6.4143328666687,72
-66.4791666663195,-22.2708333336125,8.49783325195312,155
-67.7708333329965,-24.2291666669615,5.95566701889038,59
-69.1041666663405,-17.8541666669105,5.23333406448364,377
-66.6458333329875,-21.3541666669385,8.6473331451416,141
-71.5624999996935,-13.4791666668755,9.97783279418945,609
-67.6458333329955,-21.8541666669425,2.80800008773804,91
-66.7291666663215,-26.3958333336455,7.21483278274536,124
-67.9374999996645,-19.2291666669215,8.239333152771,179
-67.1458333329915,-22.9791666669515,4.85500001907349,91
-69.3958333330095,-17.9791666669115,4.135666847229,308
-65.6874999996465,-22.7708333336165,10.6534996032715,215
-67.3541666663265,-21.7291666669415,7.70650005340576,84
-66.8124999996555,-20.6875000002665,9.94649982452393,127
-74.2708333330485,-13.1041666668725,16.6826705932617,516
-66.8958333329895,-20.6041666669325,9.78283309936523,125
-69.5208333330105,-14.7291666668855,3.46466708183289,921
-67.3541666663265,-27.1041666669845,7.27266693115234,115
-67.6458333329955,-19.3541666669225,8.40416717529297,187
-67.7708333329965,-24.5208333336305,7.91566705703735,49
-71.7291666663615,-15.8125000002275,2.69583296775818,492
-71.1874999996905,-15.3958333335575,2.74049997329712,761
-71.9374999996965,-13.9375000002125,9.40250015258789,860
-74.8124999997195,-12.6041666668685,5.95800018310547,907
-78.1874999997465,-8.3125000001675,11.9394998550415,372
-70.1458333330155,-13.9791666668795,3.82516694068909,885
-66.4374999996525,-24.1041666669605,5.42866706848145,133
-69.4374999996765,-17.9375000002445,5.08416700363159,293
-78.4374999997485,-7.3125000001595,12.8963298797607,746
-65.2708333329765,-22.4791666669475,7.25266599655151,299
-67.0624999996575,-24.6875000002985,8.05266666412354,79
-68.1458333329995,-25.5625000003055,5.28450012207031,53
-73.1874999997065,-14.9375000002205,2.79949998855591,737
-67.2291666663255,-22.7291666669495,3.47166705131531,95
-72.7708333330365,-14.7708333335525,1.39600002765656,792
-68.6458333330035,-23.8125000002915,11.7906703948975,20
-67.1041666663245,-18.6041666669165,9.01216697692871,347
-67.0624999996575,-21.1041666669365,9.1448335647583,102
-66.4374999996525,-22.7708333336165,7.24983406066895,146
-67.0624999996575,-24.1875000002945,6.82016706466675,86
-77.4374999997405,-9.7708333335125,8.93599987030029,645
-68.7708333330045,-28.8541666669985,7.2020001411438,127
-74.5208333330505,-13.3541666668745,6.36399984359741,894
-69.4791666663435,-29.1875000003345,-0.342833310365677,130
-68.1874999996665,-17.1875000002385,8.26183319091797,464
-67.8958333329975,-21.9791666669435,2.71083307266235,79
-73.5624999997095,-14.3958333335495,4.267333984375,936
-66.2708333329845,-26.2291666669775,3.24116706848145,189
-67.2291666663255,-24.2708333336285,6.60616683959961,78
-69.9791666663475,-14.4791666668835,5.17866706848145,825
-68.0624999996655,-19.6458333335915,5.95116710662842,149
-74.7708333330525,-12.8958333335375,7.10633277893066,853
-66.8958333329895,-21.6458333336075,7.80299997329712,118
-68.3124999996675,-19.5625000002575,7.625,131
-67.8958333329975,-23.4791666669555,9.73116683959961,47
-68.7291666663375,-24.6458333336315,7.54150009155273,25
-75.4374999997245,-12.7708333335365,4.16200017929077,675
-76.6874999997345,-10.1041666668485,7.49866676330566,905
-66.6874999996545,-25.0208333336345,6.43766689300537,108
-68.3958333330015,-22.9791666669515,13.7679996490479,28
-68.6874999996705,-25.3958333336375,6.26166677474976,37
-71.1458333330235,-16.0625000002295,4.96583318710327,411
-69.3124999996755,-20.1875000002625,13.9291696548462,19
-67.6458333329955,-23.1458333336195,2.13883304595947,83
-70.3958333330175,-13.8958333335455,1.5978330373764,935
-67.0208333329905,-26.5208333336465,1.35466694831848,163
-76.1458333330635,-11.8958333335295,3.07816696166992,826
-66.9374999996565,-23.3958333336215,5.92283296585083,98
-73.1041666663725,-13.9791666668795,13.0521697998047,962
-69.2708333330085,-25.3958333336375,9.50316715240479,15
-68.9374999996725,-24.4791666669635,11.1711702346802,13
-67.6458333329955,-27.1458333336515,14.4353303909302,85
-76.0624999997295,-11.3541666668585,5.44283294677734,899
-67.1041666663245,-26.4375000003125,3.59916710853577,124
-75.7291666663935,-12.1875000001985,6.10966682434082,788
-66.8958333329895,-24.9791666669675,2.41416692733765,122
-68.3541666663345,-27.5208333336545,1.55499994754791,112
-68.8541666663385,-21.7291666669415,6.07350015640259,42
-67.3958333329935,-25.5208333336385,4.67716598510742,85
-71.4374999996925,-13.5208333335425,8.72883319854736,671
-71.8541666663625,-13.9791666668795,10.6686697006226,829
-70.0208333330145,-15.7708333335605,9.63883304595947,687
-66.2708333329845,-23.4375000002885,8.63766670227051,137
-75.4791666663915,-11.9791666668635,9.66216659545898,772
-77.3124999997395,-9.8958333335135,4.58599996566772,621
-71.9374999996965,-13.9375000002125,9.40250015258789,860
-76.3541666663985,-10.2708333335165,13.1145000457764,778
-67.9374999996645,-17.3125000002395,9.11016654968262,404
-76.4791666663995,-11.0625000001895,2.8136670589447,939
-68.2708333330005,-23.0208333336185,13.8633298873901,33
-75.5208333330585,-12.5208333335345,4.44799995422363,756
-69.8958333330135,-28.6458333336635,1.59216701984406,109
-65.6874999996465,-21.9791666669435,11.3798303604126,313
-69.6458333330115,-15.1458333335555,8.33766746520996,795
-66.8124999996555,-23.9375000002925,7.44649982452393,95
-65.6041666663125,-22.2708333336125,10.8225002288818,293
-72.8958333330375,-14.7291666668855,2.42166709899902,797
-69.2291666663415,-26.1875000003105,9.20083332061768,30
-73.7708333330445,-15.3958333335575,7.61016702651978,445
-74.5208333330505,-12.6875000002025,10.4355001449585,876
-78.1041666664125,-7.9791666668315,9.99533367156982,864
-68.7708333330045,-24.1041666669605,10.9464998245239,18
-69.6041666663445,-15.1458333335555,8.71300029754639,792
-69.5624999996775,-16.9375000002365,3.57633304595947,564
-72.6041666663685,-15.4375000002245,3.07383298873901,539
-74.2291666663815,-15.2708333335565,16.038330078125,82
-69.7708333330125,-14.4791666668835,5.73600006103516,813
-68.6458333330035,-27.0208333336505,-0.85616672039032,156
-70.3958333330175,-14.5625000002175,6.06416702270508,784
-78.0208333330785,-8.4791666668355,11.002329826355,359
-73.9374999997125,-13.9375000002125,10.2931699752808,861
-66.6041666663205,-19.2708333335885,4.94150018692017,207
-76.0624999997295,-11.6875000001945,4.02199983596802,902
-74.6458333330515,-12.8125000002035,9.92650032043457,848
-67.4791666663275,-18.4791666669155,8.65933322906494,306
-76.6874999997345,-9.5208333335105,7.30100011825562,972
-74.3541666663825,-15.0208333335545,14.5956697463989,179
-67.7291666663295,-24.3958333336295,9.02533340454102,49
-74.2291666663815,-13.0208333335385,15.3386697769165,621
-74.8958333330535,-12.9791666668715,6.36383295059204,818
-68.5624999996695,-18.3125000002475,6.85933399200439,312
-67.5624999996615,-20.7708333336005,8.49116706848145,104
-66.6041666663205,-25.4791666669715,7.67500019073486,115
-68.2291666663335,-27.6875000003225,5.50366687774658,113
-71.3958333330255,-15.8958333335615,3.40849995613098,444
-70.8958333330215,-14.6875000002185,5.55399990081787,846
-76.9374999997365,-9.6041666668445,5.26633405685425,895
-66.5208333329865,-23.6875000002905,7.19716596603394,122
-76.7708333330685,-10.6875000001865,6.7271671295166,734
-69.9791666663475,-15.3958333335575,8.8120002746582,756
-67.9791666663315,-19.7708333335925,7.20699977874756,132
-73.5208333330425,-14.9375000002205,6.55833292007446,702
-68.7291666663375,-19.8958333335935,3.60549998283386,125
-67.9374999996645,-20.6041666669325,7.82933282852173,91
-68.9374999996725,-27.2708333336525,0.762833416461945,96
-67.3541666663265,-24.0625000002935,4.30216598510742,83
-76.9374999997365,-9.0208333335065,10.0306701660156,934
-73.3958333330415,-15.5625000002255,9.20300006866455,317
-73.2708333330405,-14.6041666668845,4.76183319091797,854
-67.9791666663315,-25.6458333336395,2.57283306121826,73
-65.8541666663145,-24.4375000002965,10.7588300704956,178
-67.9791666663315,-19.0625000002535,8.22516632080078,214
-66.0208333329825,-22.1458333336115,10.3113298416138,229
-73.9791666663795,-15.0625000002215,10.6236696243286,443
-66.6458333329875,-19.7291666669255,8.52583312988281,144
-68.8541666663385,-27.2291666669855,0.963666677474976,96
-66.6458333329875,-19.6041666669245,8.18416690826416,159
-69.1041666663405,-24.1041666669605,11.8479995727539,12
-77.4791666664075,-9.4791666668435,7.42399978637695,648
-69.5624999996775,-17.0208333335705,5.33433294296265,496
-72.8541666663705,-14.3958333335495,7.99949979782104,858
-67.7708333329965,-24.8125000002995,9.16199970245361,147
-76.0624999997295,-10.6875000001865,5.52683401107788,1268
-69.3958333330095,-28.6875000003305,-0.557166695594788,123
-68.0208333329985,-23.2708333336205,13.9678297042847,45
-67.8541666663305,-18.0208333335785,7.41183280944824,335
-76.1458333330635,-12.0625000001975,4.83983278274536,691
-66.9791666663235,-24.9375000003005,7.37516689300537,87
-73.8124999997115,-13.6875000002105,9.66683292388916,872
-66.1041666663165,-22.6458333336155,9.57849979400635,183
-65.6874999996465,-22.0208333336105,11.542329788208,314
-77.1874999997385,-8.6458333335035,6.9311671257019,1001
-71.3958333330255,-15.6041666668925,5.17600011825562,527
-76.3541666663985,-11.3958333335255,3.28083300590515,1028
-66.1041666663165,-22.4791666669475,9.9680004119873,195
-76.3958333330655,-10.6875000001865,5.09666681289673,923
-66.5624999996535,-19.9791666669275,5.37750005722046,157
-70.0624999996815,-17.4375000002405,10.1870002746582,176
-67.1874999996585,-18.7708333335845,8.97949981689453,302
-73.8958333330455,-14.3958333335495,7.8686671257019,838
-66.0624999996495,-21.9791666669435,9.86416625976562,223
-67.0208333329905,-20.9791666669355,9.39133358001709,104
-70.1458333330155,-16.7291666669015,3.9779999256134,556
-70.7708333330205,-14.7708333335525,6.84416723251343,754
-67.8958333329975,-23.5625000002895,10.636830329895,46
-67.6458333329955,-17.7708333335765,8.74583339691162,345
-68.8958333330055,-17.0208333335705,8.62416553497314,536
-69.6041666663445,-16.1458333335635,9.56933307647705,996
-69.0624999996735,-27.6458333336555,-0.0223334208130836,116
-68.1041666663325,-21.9791666669435,2.43683290481567,72
-69.8541666663465,-17.6041666669085,1.82716703414917,347
-68.2708333330005,-25.6875000003065,3.44416689872742,61
-67.7708333329965,-25.6875000003065,9.33083343505859,48
-66.1041666663165,-24.2291666669615,6.1481671333313,153
-67.6874999996625,-21.5208333336065,4.16033315658569,88
-68.2291666663335,-22.1458333336115,6.85816717147827,48
-68.9374999996725,-17.6041666669085,7.16750001907349,402
-69.7708333330125,-14.4375000002165,5.89400005340576,796
-75.0208333330545,-13.3541666668745,3.73566699028015,770
-68.6041666663365,-24.7708333336325,3.1096670627594,45
-66.9791666663235,-22.6875000002825,2.80083298683167,118
-74.9791666663875,-13.8125000002115,4.6855001449585,692
-66.9374999996565,-26.1875000003105,3.97833299636841,124
-68.5208333330025,-26.9375000003165,-1.78116703033447,118
-76.2708333330645,-11.5625000001935,2.47316694259644,969
-67.7291666663295,-20.5625000002655,8.14716625213623,86
-70.6458333330195,-16.2291666668975,4.15816688537598,573
-72.2291666663655,-14.1041666668805,8.27799987792969,961
-66.0624999996495,-25.0625000003015,13.6988296508789,176
-66.8541666663225,-25.6041666669725,6.13199996948242,104
-67.7291666663295,-26.7291666669815,6.06183290481567,89
-66.3124999996515,-24.8958333336335,6.62916707992554,164
-67.4791666663275,-17.1041666669045,8.09650039672852,521
-68.9374999996725,-19.7291666669255,3.62800002098083,137
-64.9791666663075,-23.1458333336195,11.931170463562,323
-73.4374999997085,-14.9791666668875,5.37683296203613,712
-65.2708333329765,-23.6875000002905,9.08666706085205,246
-67.2291666663255,-19.7708333335925,9.06850147247314,156
-76.1874999997305,-12.0625000001975,4.32266712188721,705
-67.3124999996595,-21.6875000002745,7.53083276748657,86
-67.6874999996625,-27.0208333336505,11.2180004119873,86
-68.4374999996685,-28.0625000003255,2.76866698265076,122
-69.5208333330105,-28.6875000003305,1.35950005054474,113
-68.6041666663365,-23.8958333336255,13.5541696548462,19
-67.3958333329935,-24.5625000002975,9.28899955749512,60
-66.3958333329855,-21.9791666669435,8.11783313751221,170
-67.5208333329945,-18.8125000002515,8.06283283233643,263
-65.3124999996435,-23.0208333336185,10.520170211792,230
-68.2708333330005,-21.5208333336065,6.74233293533325,56
-68.6458333330035,-28.0208333336585,-0.87583327293396,133
-70.3541666663505,-16.5208333335665,5.26399993896484,543
-66.3124999996515,-26.5208333336465,10.2819995880127,167
-77.3541666664065,-9.0625000001735,14.7816696166992,716
-68.6041666663365,-25.0208333336345,7.78299999237061,29
-77.3541666664065,-8.9375000001725,15.1086702346802,650
-67.8124999996635,-21.8541666669425,3.35466694831848,80
-74.9374999997205,-13.1458333335395,3.1470000743866,831
-65.6041666663125,-22.2291666669455,11.2188301086426,304
-77.1874999997385,-8.8541666668385,17.9273300170898,717
-67.0624999996575,-19.6875000002585,8.49100017547607,148
-67.6458333329955,-25.8541666669745,7.07616710662842,66
-65.4791666663115,-22.0208333336105,13.0186700820923,345
-73.7708333330445,-14.5625000002175,4.56850004196167,871
-71.9791666663635,-14.5625000002175,4.74383401870728,896
-66.2291666663175,-25.7291666669735,13.7738304138184,121
-68.7708333330045,-20.2708333335965,4.54566717147827,91
-68.8958333330055,-17.5625000002415,7.69216680526733,405
-68.7708333330045,-17.9791666669115,5.12233304977417,378
-67.8958333329975,-25.6458333336395,0.133833304047585,91
-70.3541666663505,-16.4791666668995,5.06416702270508,563
-69.5624999996775,-18.1041666669125,3.91983294487,272
-75.0624999997215,-12.5625000002015,6.98850011825562,815
-70.9791666663555,-16.3125000002315,4.04316711425781,439
-74.5624999997175,-14.7708333335525,9.4511661529541,543
-68.5208333330025,-23.3541666669545,13.9195003509521,23
-70.5624999996855,-15.5208333335585,3.09666705131531,890
-67.7291666663295,-23.8125000002915,2.26550006866455,77
-69.3958333330095,-18.4375000002485,3.17783308029175,274
-68.8541666663385,-17.1041666669045,8.94099998474121,503
-69.3541666663425,-28.2708333336605,1.24916696548462,107
-70.2291666663495,-17.1875000002385,5.69883298873901,345
-71.1874999996905,-16.2708333335645,2.03150010108948,463
-69.2708333330085,-14.6875000002185,1.5789999961853,962
-69.1458333330075,-27.4791666669875,3.35066699981689,99
-72.6874999997025,-15.1458333335555,2.20966696739197,654
-75.3124999997235,-13.7708333335445,10.7513303756714,349
-67.0208333329905,-22.0625000002775,3.9386670589447,119
-72.0624999996975,-13.7291666668775,8.17300033569336,903
-68.1041666663325,-25.3958333336375,6.58699989318848,49
-74.9791666663875,-12.1041666668645,7.40716600418091,1007
-71.6041666663605,-14.8125000002195,4.40266704559326,862
-66.3541666663185,-25.8958333336415,12.8521699905396,115
-70.6041666663525,-16.3125000002315,3.92666602134705,581
-69.3958333330095,-19.6458333335915,12.3978300094604,38
-74.0208333330465,-15.2708333335565,10.2046699523926,376
-68.5624999996695,-25.0208333336345,5.33833312988281,41
-69.1458333330075,-27.9375000003245,-0.261999994516373,120
-68.5624999996695,-20.6041666669325,5.07616710662842,80
-69.1458333330075,-26.0625000003095,4.80749988555908,39
-66.9374999996565,-22.0208333336105,4.40133285522461,120
-69.1041666663405,-25.0208333336345,7.17049980163574,26
-76.0624999997295,-12.1458333335315,4.27683401107788,719
-74.1041666663805,-13.3125000002075,7.20366716384888,949
-66.1041666663165,-23.5208333336225,10.4525003433228,146
-71.8124999996955,-15.8125000002275,1.52999997138977,524
-69.5208333330105,-17.9375000002445,5.77199983596802,270
-67.6874999996625,-18.8125000002515,8.00633335113525,250
-66.8958333329895,-18.6458333335835,9.17233371734619,389
-67.5624999996615,-17.1041666669045,9.06366634368896,497
-67.1874999996585,-25.1458333336355,7.48283290863037,77
-74.3541666663825,-14.5208333335505,8.01533317565918,679
-77.6874999997425,-9.2708333335085,14.9125003814697,483
-74.4374999997165,-13.8541666668785,7.04383277893066,783
-75.6041666663925,-11.9375000001965,7.51883316040039,851
-68.7291666663375,-26.3125000003115,3.83083295822144,62
-67.5624999996615,-18.1041666669125,9.00883388519287,319
-66.5208333329865,-21.9791666669435,8.21633338928223,150
-69.6458333330115,-15.8541666668945,9.72133445739746,1024
-66.9791666663235,-20.9791666669355,9.48583316802979,108
-73.9374999997125,-13.6458333335435,10.2318296432495,875
-69.2708333330085,-18.0625000002455,3.687833070755,331
-67.5208333329945,-17.1875000002385,10.7510004043579,479
-68.0208333329985,-22.6041666669485,4.20533323287964,59
-70.7291666663535,-16.5625000002335,4.42216682434082,447
-69.5208333330105,-29.0625000003335,1.46399998664856,120
-67.3124999996595,-21.3541666669385,8.41383361816406,91
-65.7291666663135,-22.7708333336165,10.7065000534058,210
-68.7708333330045,-24.4375000002965,10.1196699142456,19
-71.0624999996895,-15.8541666668945,3.50183296203613,534
-65.2291666663095,-23.3541666669545,6.72366714477539,248
-72.6458333330355,-15.8125000002275,10.890830039978,192
-68.6874999996705,-27.9791666669915,-2.35916709899902,144
-72.8958333330375,-13.8541666668785,9.71350002288818,971
-66.4791666663195,-20.1875000002625,9.25316715240479,164
-68.2708333330005,-21.1458333336035,6.58316707611084,69
-68.1041666663325,-21.5208333336065,0.594500005245209,94
-73.5624999997095,-14.6458333335515,4.29949998855591,871
-71.2708333330245,-15.0625000002215,2.89983296394348,859
-67.0208333329905,-18.7291666669175,9.06566715240479,345
-77.4791666664075,-8.6458333335035,11.5438299179077,604
-78.4791666664155,-7.4791666668275,15.0858297348022,599
-75.6041666663925,-13.0625000002055,6.62550020217896,597
-69.7291666663455,-17.3958333335735,4.60066699981689,352
-67.6041666663285,-21.5208333336065,6.24566698074341,77
-72.7708333330365,-14.1458333335475,7.9611668586731,907
-67.8958333329975,-18.2708333335805,7.93266677856445,296
-67.0624999996575,-26.8958333336495,5.44199991226196,135
-70.2708333330165,-15.4791666668915,9.2810001373291,650
-69.8541666663465,-16.0208333335625,8.73950004577637,855
-69.3124999996755,-28.3958333336615,3.20316696166992,100
-70.4374999996845,-14.2708333335485,4.7888331413269,829
-66.1874999996505,-21.7291666669415,12.1648302078247,213
-66.6041666663205,-21.8125000002755,3.44383311271667,159
-68.3124999996675,-26.3541666669785,0.928833425045013,98
-70.9791666663555,-14.4375000002165,1.26150000095367,950
-67.7708333329965,-23.1041666669525,3.47116708755493,71
-68.1458333329995,-23.5208333336225,14.0678300857544,38
-68.2708333330005,-27.1041666669845,1.2684999704361,102
-71.4791666663595,-15.8541666668945,3.7008330821991,442
-70.8124999996875,-15.4791666668915,2.04949998855591,831
-69.4791666663435,-17.7291666669095,3.50233292579651,339
-68.5208333330025,-26.5625000003135,0.953000009059906,83
-67.3958333329935,-18.6041666669165,8.7698335647583,305
-66.8124999996555,-24.3125000002955,2.73850011825562,119
-67.1458333329915,-20.2708333335965,8.33100032806396,145
-68.7291666663375,-24.5625000002975,8.28750038146973,24
-73.9791666663795,-14.2708333335485,10.6455001831055,787
-68.1458333329995,-20.8541666669345,5.94783401489258,79
-66.9791666663235,-21.5208333336065,8.38049983978271,111
-68.0208333329985,-19.1458333335875,8.16066646575928,198
-68.6041666663365,-26.1041666669765,2.65450000762939,66
-65.4791666663115,-22.9791666669515,9.79716682434082,221
-75.1458333330555,-12.1458333335315,10.8178300857544,775
-69.3124999996755,-18.6458333335835,1.53633296489716,272
-68.5208333330025,-21.9791666669435,8.89833354949951,37
-74.0208333330465,-15.2708333335565,10.2046699523926,376
-67.5624999996615,-20.4375000002645,7.6186671257019,158
-76.9374999997365,-10.3958333335175,1.47749996185303,836
-68.6458333330035,-20.9791666669355,3.01866698265076,80
-68.1874999996665,-28.7291666669975,15.0513296127319,131
-68.0208333329985,-25.2291666669695,4.79449987411499,58
-66.8124999996555,-22.3958333336135,4.69833278656006,128
-65.1874999996425,-22.6875000002825,12.8765001296997,328
-67.8124999996635,-18.8541666669185,8.34566688537598,234
-68.7708333330045,-19.9375000002605,3.05283308029175,123
-77.8541666664105,-8.7291666668375,8.1245002746582,583
-66.6874999996545,-25.8958333336415,5.33416700363159,126
-72.1041666663645,-13.9791666668795,10.5271701812744,879
-69.9374999996805,-17.6458333335755,8.82950019836426,179
-67.1874999996585,-20.8541666669345,9.02783298492432,96
-67.3958333329935,-25.8541666669745,8.14116668701172,70
-76.9791666664035,-9.6041666668445,4.60799980163574,915
-69.1041666663405,-19.8958333335935,7.41116714477539,81
-69.3541666663425,-14.8541666668865,5.63483285903931,868
-68.7291666663375,-27.5625000003215,1.38733303546906,101
-66.0624999996495,-25.1458333336355,12.2600002288818,162
-70.6458333330195,-15.0208333335545,3.99316692352295,914
-68.7291666663375,-20.8958333336015,2.67000007629395,80
-65.7708333329805,-23.3125000002875,9.78016662597656,176
-66.3124999996515,-19.4375000002565,5.47033309936523,198
-73.6041666663765,-13.6458333335435,8.76266670227051,964
-69.4374999996765,-14.6041666668845,1.92383301258087,965
-71.9374999996965,-15.7291666668935,0.871833324432373,582
-76.8124999997355,-9.7291666668455,8.70250034332275,838
-70.3541666663505,-14.2291666668815,3.89583301544189,864
-74.8124999997195,-13.1041666668725,4.12516593933105,855
-67.5208333329945,-22.7291666669495,2.58533310890198,87
-66.6041666663205,-23.3125000002875,7.95333290100098,116
-71.2708333330245,-15.1458333335555,2.62883305549622,836
-69.3958333330095,-28.3958333336615,2.11816692352295,104
-66.8958333329895,-24.5625000002975,4.114333152771,106
-65.9374999996485,-25.1875000003025,11.4248304367065,171
-69.3541666663425,-28.6041666669965,0.125833302736282,119
-76.1041666663965,-11.2291666668575,4.88716697692871,1012
-76.5208333330665,-9.8541666668465,7.89300012588501,999
-66.3124999996515,-23.3958333336215,9.18316745758057,133
-69.5208333330105,-28.3958333336615,0.653999924659729,119
-67.8124999996635,-18.4375000002485,8.05949974060059,282
-65.3958333329775,-23.3541666669545,11.9575004577637,197
-66.3124999996515,-25.1041666669685,8.55416679382324,154
-74.6041666663845,-14.1875000002145,5.21433401107788,707
-71.4791666663595,-14.6041666668845,6.2020001411438,888
-68.9791666663395,-26.9375000003165,4.56266689300537,62
-66.0624999996495,-25.3125000003035,11.7498302459717,160
-78.0624999997455,-7.6875000001625,15.3489999771118,707
-76.6041666664005,-11.6041666668605,3.84266710281372,739
-71.3958333330255,-13.8125000002115,4.6399998664856,902
-67.8541666663305,-21.1875000002705,7.37400007247925,69
-68.6041666663365,-27.2291666669855,-4.09266710281372,137
-69.2291666663415,-19.8958333335935,10.0311698913574,54
-68.5624999996695,-28.0208333336585,4.40516710281372,110
-67.2708333329925,-23.9375000002925,6.59133291244507,73
-70.2708333330165,-13.8958333335455,4.90183401107788,866
-70.7291666663535,-13.7708333335445,2.83200001716614,901
-74.9791666663875,-12.0208333335305,8.31683254241943,1005
-65.6874999996465,-22.5625000002815,10.9778299331665,242
-68.0624999996655,-22.7708333336165,9.93599987030029,44
-77.0624999997375,-9.8125000001795,3.55583310127258,872
-68.6874999996705,-17.3541666669065,9.25933361053467,436
-67.9791666663315,-25.6458333336395,2.57283306121826,73
-69.3124999996755,-26.3125000003115,9.31416702270508,26
-66.6458333329875,-19.5208333335905,6.42500019073486,174
-74.8958333330535,-12.9375000002045,5.7786660194397,833
-73.3124999997075,-13.8125000002115,6.2786660194397,979
-66.0208333329825,-22.3541666669465,10.2174997329712,222
-67.7708333329965,-22.3958333336135,2.14333295822144,81
-78.0624999997455,-8.3125000001675,16.9598293304443,380
-68.0624999996655,-19.5208333335905,7.34250020980835,163
-68.7291666663375,-28.7291666669975,9.52849960327148,133
-66.0208333329825,-25.2708333336365,11.0156698226929,164
-67.9374999996645,-26.1458333336435,9.66816711425781,49
-69.0624999996735,-19.2291666669215,3.07483291625977,194
-71.1458333330235,-15.4791666668915,2.76633310317993,727
-66.1458333329835,-21.6875000002745,8.2321662902832,205
-68.4791666663355,-27.7708333336565,2.42483305931091,117
-65.5624999996455,-23.5208333336225,5.13966703414917,218
-67.3958333329935,-25.5208333336385,4.67716598510742,85
-67.1041666663245,-21.7708333336085,6.84683322906494,103
-75.6874999997265,-12.9375000002045,4.97016716003418,625
-76.7291666664015,-10.6041666668525,2.72633290290833,856
-72.9374999997045,-14.8541666668865,2.83383297920227,752
-66.9374999996565,-25.4791666669715,5.82450008392334,98
-70.6874999996865,-14.3958333335495,4.77600002288818,838
-71.0208333330225,-14.3125000002155,3.52349996566772,889
-68.5624999996695,-24.2291666669615,6.97283315658569,31
-65.6458333329795,-23.5625000002895,7.96766710281372,187
-71.1874999996905,-13.5625000002095,3.50733304023743,898
-68.5208333330025,-27.8958333336575,2.69566702842712,113
-67.9791666663315,-24.3125000002955,8.18283367156982,45
-68.5208333330025,-21.5208333336065,1.10016703605652,79
-69.6458333330115,-17.9791666669115,7.30933284759521,216
-68.8541666663385,-20.8958333336015,4.22816705703735,66
-72.5624999997015,-15.5625000002255,-0.160833299160004,600
-67.2291666663255,-18.8125000002515,8.91833305358887,284
-68.8124999996715,-20.2291666669295,5.58833312988281,85
-67.0208333329905,-20.7291666669335,9.39883327484131,105
-69.3124999996755,-18.2708333335805,2.94233298301697,311
-68.4374999996685,-23.3958333336215,14.2473297119141,26
-67.3958333329935,-22.6041666669485,3.82966709136963,88
-69.3124999996755,-25.5208333336385,10.0301704406738,14
-66.6458333329875,-25.8958333336415,4.4375,134
-72.7708333330365,-14.2291666668815,4.38450002670288,912
-66.7708333329885,-24.1875000002945,4.51983404159546,112
-69.3124999996755,-26.2291666669775,9.69733333587646,24
-75.3124999997235,-13.5208333335425,9.47299957275391,487
-71.1041666663565,-16.2708333335645,4.14683294296265,395
-67.1041666663245,-19.2291666669215,9.19950008392334,220
-70.3124999996835,-15.8958333335615,4.82350015640259,805
-73.9791666663795,-13.3958333335415,7.34933280944824,949
-75.4791666663915,-13.4791666668755,14.8315000534058,205
-68.7708333330045,-26.8125000003155,1.76666700839996,86
-73.6874999997105,-15.6041666668925,9.77016639709473,264
-77.4791666664075,-8.5625000001695,15.9514999389648,621
-76.1041666663965,-10.6458333335195,6.12033319473267,1258
-67.9374999996645,-25.3125000003035,6.43833303451538,53
-70.3541666663505,-16.6458333335675,4.9606671333313,512
-68.6041666663365,-26.8958333336495,2.88000011444092,83
-68.0208333329985,-21.9375000002765,2.60216689109802,80
-68.6874999996705,-23.7291666669575,10.3946695327759,21
-65.5208333329785,-23.0625000002855,9.36516666412354,215
-66.1874999996505,-25.1875000003025,14.5291700363159,170
-67.5624999996615,-17.7708333335765,8.86400032043457,347
-72.0624999996975,-14.8958333335535,4.07633399963379,768
-67.6458333329955,-22.0625000002775,3.86733293533325,82
-72.9374999997045,-14.3125000002155,9.65566635131836,885
-71.2708333330245,-13.8958333335455,4.08983278274536,878
-66.2708333329845,-22.2708333336125,7.89183282852173,178
-67.9791666663315,-20.0625000002615,6.96866703033447,152
-65.4374999996445,-23.9791666669595,14.274169921875,444
-69.0624999996735,-17.6041666669085,6.90233278274536,385
-68.5624999996695,-19.6041666669245,5.2508339881897,146
-78.3124999997475,-7.9791666668315,7.73699998855591,898
-66.2291666663175,-25.9375000003085,10.7629995346069,143
-75.4374999997245,-13.4791666668755,9.88433361053467,449
-69.0624999996735,-26.4375000003125,8.00833320617676,35
-67.0208333329905,-23.6041666669565,5.12183284759521,96
-71.8124999996955,-14.6875000002185,2.98200011253357,882
-65.5208333329785,-22.0208333336105,12.6630001068115,343
-65.9374999996485,-24.7291666669655,10.1254997253418,171
-71.6874999996945,-13.5625000002095,8.36316680908203,749
-65.6874999996465,-24.1041666669605,6.73899984359741,193
-72.4791666663675,-15.0625000002215,1.93666696548462,688
-67.5624999996615,-26.6875000003145,8.37166690826416,186
-68.8541666663385,-24.9791666669675,7.51833295822144,31
-67.9374999996645,-22.3541666669465,-0.0356666408479214,92
-68.7291666663375,-17.6041666669085,7.35066699981689,415
-75.1458333330555,-12.5625000002015,6.33516597747803,793
-66.0208333329825,-24.0208333336265,7.34100008010864,155
-69.3124999996755,-28.7291666669975,3.08949995040894,107
-69.6041666663445,-18.1041666669125,6.35416698455811,218
-69.0208333330065,-17.6041666669085,6.8046669960022,395
-75.5208333330585,-13.3958333335415,9.23483371734619,500
-67.3958333329935,-21.4375000002725,7.52683305740356,82
-64.9791666663075,-22.4375000002805,9.881667137146,365
-74.5624999997175,-15.0208333335545,15.6063299179077,105
-71.7708333330285,-15.6458333335595,9.42300033569336,373
-69.5624999996775,-28.9375000003325,0.293999999761581,122
-77.6458333330755,-9.8958333335135,8.39550018310547,509
-66.8124999996555,-19.2708333335885,9.61883354187012,234
-66.1874999996505,-21.8541666669425,11.3268299102783,209
-69.1874999996745,-27.0208333336505,2.44883298873901,69
-73.1874999997065,-14.2708333335485,6.72516679763794,912
-78.1041666664125,-8.3125000001675,18.1421699523926,353
-67.1458333329915,-25.4791666669715,6.36233282089233,85
-69.4374999996765,-29.2708333336685,1.84016704559326,131
-67.4791666663275,-19.8125000002595,8.11849975585938,166
-72.9791666663715,-14.1875000002145,6.36283302307129,923
-70.1041666663485,-15.0625000002215,7.5460000038147,771
-72.3541666663665,-15.0625000002215,2.66816711425781,677
-73.5208333330425,-13.6041666668765,7.42350006103516,974
-71.9374999996965,-14.9375000002205,2.24233293533325,806
-66.4791666663195,-20.6041666669325,9.64700031280518,163
-69.2708333330085,-27.7708333336565,3.06466698646545,89
-70.6041666663525,-16.8958333335695,3.26683306694031,436
-71.4791666663595,-14.2708333335485,5.59266710281372,908
-77.4374999997405,-9.1875000001745,6.73850011825562,762
-69.3958333330095,-17.8125000002435,4.27500009536743,333
-76.3124999997315,-10.0208333335145,13.340669631958,843
-72.1874999996985,-13.6875000002105,10.568169593811,833
-72.2291666663655,-13.6875000002105,15.2778301239014,870
-66.6041666663205,-24.6041666669645,7.69366693496704,105
-66.4374999996525,-26.3541666669785,5.03749990463257,164
-75.8958333330615,-10.8958333335215,5.96433401107788,1190
-68.4374999996685,-19.0625000002535,7.11766719818115,194
-66.8124999996555,-20.2708333335965,8.72049999237061,136
-67.8958333329975,-27.3125000003195,11.4548301696777,95
-68.1874999996665,-26.8541666669825,1.53450000286102,99
-70.7291666663535,-14.0625000002135,1.75533294677734,925
-74.8958333330535,-13.5625000002095,5.87099981307983,716
-66.8541666663225,-21.9375000002765,0.229666694998741,160
-67.8541666663305,-18.2291666669135,7.73166704177856,304
-70.0624999996815,-14.2291666668815,4.57883310317993,840
-77.6874999997425,-9.7291666668455,5.09066677093506,573
-65.9374999996485,-22.1458333336115,10.4721698760986,246
-68.6458333330035,-23.6041666669565,12.7583303451538,20
-69.2708333330085,-19.8541666669265,11.6968297958374,40
-69.1874999996745,-18.3541666669145,3.13700008392334,322
-70.7291666663535,-16.6458333335675,11.939169883728,205
-76.0208333330625,-10.5208333335185,4.88800001144409,1348
-68.4374999996685,-20.3541666669305,6.09666681289673,92
-69.3958333330095,-24.5625000002975,15.1773300170898,6
-69.3958333330095,-24.3541666669625,14.252329826355,6
-67.2708333329925,-20.2708333335965,8.21016693115234,127
-67.1041666663245,-20.7708333336005,9.33100032806396,109
-67.4374999996605,-25.3125000003035,9.73233318328857,57
-68.4374999996685,-27.2291666669855,0.120833300054073,107
-71.1458333330235,-15.1875000002225,3.39633297920227,839
-67.1041666663245,-25.3125000003035,6.98050022125244,93
-70.2708333330165,-14.1041666668805,3.13783311843872,895
-67.3541666663265,-19.5208333335905,8.44033336639404,167
-68.9791666663395,-17.4791666669075,7.93416595458984,413
-74.6874999997185,-13.9375000002125,4.44150018692017,747
-67.4791666663275,-20.1041666669285,7.73883295059204,169
-77.8541666664105,-8.3958333335015,3.83100008964539,1054
-68.4791666663355,-25.3541666669705,1.41649997234344,61
-66.8541666663225,-23.0208333336185,3.54116702079773,122
-69.9374999996805,-17.5625000002415,5.66283321380615,262
-70.6874999996865,-14.6458333335515,5.27566719055176,842
-66.7708333329885,-22.0208333336105,6.01233291625977,132
-69.3958333330095,-28.4791666669955,2.56916689872742,106
-69.0208333330065,-27.0208333336505,6.1478328704834,57
-71.4791666663595,-13.9791666668795,8.37566661834717,776
-66.9374999996565,-26.3541666669785,6.54199981689453,114
-70.9791666663555,-15.6041666668925,3.63350009918213,690
-70.6874999996865,-14.0208333335465,2.69233298301697,901
-69.9791666663475,-16.4791666668995,6.04166698455811,642
-68.2708333330005,-21.1041666669365,5.4763331413269,72
-69.8124999996795,-16.2291666668975,8.04100036621094,789
-74.6874999997185,-14.2291666668815,5.07233285903931,682
-67.5208333329945,-20.8125000002675,8.60999965667725,98
-76.5624999997335,-9.7291666668455,6.65333318710327,1031
-69.2708333330085,-26.3958333336455,7.26550006866455,33
-68.5208333330025,-21.3541666669385,4.16200017929077,62
-67.6041666663285,-25.2291666669695,6.75083303451538,64
-71.6458333330275,-14.8125000002195,4.96299982070923,853
-69.1458333330075,-25.5625000003055,6.49049997329712,27
-69.1874999996745,-17.8541666669105,4.10733318328857,376
-67.6458333329955,-19.6458333335915,8.22366619110107,148
-76.1874999997305,-11.0208333335225,6.19483280181885,921
-65.7708333329805,-23.1041666669525,9.52716636657715,189
-68.8541666663385,-28.0625000003255,-1.13933300971985,136
-68.3541666663345,-17.7708333335765,8.11200046539307,367
-69.2708333330085,-27.6458333336555,1.09066700935364,108
-67.6874999996625,-20.6875000002665,6.34000015258789,93
-68.6041666663365,-21.7708333336085,8.82966709136963,37
-78.2708333330805,-7.1041666668245,11.0895004272461,1039
-72.1041666663645,-13.7708333335445,15.0983295440674,789
-68.0208333329985,-26.1875000003105,10.1176700592041,46
-67.5624999996615,-17.8541666669105,8.90783309936523,337
-71.5208333330265,-14.4791666668835,6.32416677474976,912
-74.8958333330535,-12.9791666668715,6.36383295059204,818
-66.2291666663175,-21.7708333336085,12.3031702041626,207
-75.1041666663885,-12.0625000001975,7.48816680908203,973
-66.6041666663205,-25.5208333336385,8.6966667175293,106
-70.2291666663495,-14.6041666668845,5.90516710281372,799
-66.9791666663235,-23.1458333336195,6.27783298492432,97
-66.9791666663235,-25.3541666669705,7.06983280181885,85
-67.8541666663305,-22.4375000002805,1.05050003528595,84
-68.8124999996715,-18.4375000002485,6.76933288574219,286
-71.4374999996925,-14.5208333335505,7.11816596984863,874
-68.1458333329995,-20.1041666669285,6.91050004959106,106
-76.8958333330695,-9.9791666668475,5.34266710281372,801
-74.8124999997195,-13.4791666668755,5.57516717910767,771
-69.2291666663415,-20.3125000002635,12.600830078125,26
-68.1041666663325,-18.8125000002515,8.02833366394043,229
-69.7291666663455,-28.4375000003285,-0.927333414554596,131
-66.6874999996545,-20.7291666669335,10.0690002441406,139
-75.9791666663955,-10.6041666668525,6.32183313369751,1392
-66.2708333329845,-23.9791666669595,9.17566680908203,134
-71.8541666663625,-13.3958333335415,9.09816646575928,702
-77.2291666664055,-9.0625000001735,6.76533317565918,847
-69.2291666663415,-19.1458333335875,5.52416706085205,166
-73.4791666663755,-15.1458333335555,5.30016708374023,653
-65.9791666663155,-23.3541666669545,9.69366645812988,159
-66.3124999996515,-21.6041666669405,8.35349941253662,181
-68.6458333330035,-17.1875000002385,9.23716640472412,477
-74.1458333330475,-13.2291666668735,12.9611701965332,778
-67.2708333329925,-19.3958333335895,8.87283325195312,188
-78.2291666664135,-7.5625000001615,14.0369997024536,700
-69.0208333330065,-24.3958333336295,8.68333339691162,16
-72.6458333330355,-14.2708333335485,5.25216722488403,901
-68.4374999996685,-23.3541666669545,13.9744997024536,26
-68.9791666663395,-27.3125000003195,2.78666710853577,86
-74.7708333330525,-14.1458333335475,4.43650007247925,694
-66.1874999996505,-22.1458333336115,8.01483345031738,194
-66.9374999996565,-18.4791666669155,7.30816698074341,379
-68.3958333330015,-25.1875000003025,2.79466700553894,56
-67.5624999996615,-18.1458333335795,9.02516746520996,315
-73.8541666663785,-14.7291666668855,4.14016723632812,801
-66.8541666663225,-21.7708333336085,6.75600004196167,126
-66.4791666663195,-20.2291666669295,9.03916645050049,162
-78.3124999997475,-7.9375000001645,7.84100008010864,928
-69.0624999996735,-20.1875000002625,5.7268328666687,81
-77.6041666664085,-9.1875000001745,8.74383354187012,584
-68.7291666663375,-25.0625000003015,3.15433311462402,46
-67.6874999996625,-22.1041666669445,3.09483289718628,84
-68.9374999996725,-19.4791666669235,2.30833292007446,176
-70.0624999996815,-14.0625000002135,4.56650018692017,871
-70.5208333330185,-13.8125000002115,7.03283309936523,818
-67.0208333329905,-18.3125000002475,9.71916675567627,396
-66.3958333329855,-26.1458333336435,6.37266683578491,169
-67.7291666663295,-18.4375000002485,8.25833320617676,285
-67.4374999996605,-23.8958333336255,4.72550010681152,76
-67.7708333329965,-21.2708333336045,6.60533285140991,72
-73.8124999997115,-15.3958333335575,7.4288330078125,453
-70.7291666663535,-14.3958333335495,5.2810001373291,818
-72.9791666663715,-15.5625000002255,16.0443305969238,117
-66.4791666663195,-22.8958333336175,4.90133285522461,145
-76.9791666664035,-10.2291666668495,3.87683296203613,714
-68.1041666663325,-21.2708333336045,6.03566694259644,69
-68.6041666663365,-20.6041666669325,6.09333276748657,70
-69.8541666663465,-16.3541666668985,7.22149991989136,717
-72.1874999996985,-13.7708333335445,11.484169960022,855
-65.7291666663135,-22.8958333336175,10.1788301467896,202
-70.2291666663495,-13.9375000002125,5.58266687393188,840
-72.9791666663715,-14.1041666668805,3.98233294487,949
-69.5624999996775,-17.9375000002445,6.90466690063477,244
-70.1874999996825,-15.8125000002275,8.99849987030029,647
-68.6041666663365,-21.3958333336055,6.45650005340576,51
-75.9374999997285,-12.7708333335365,15.5328302383423,192
-67.0624999996575,-20.8125000002675,8.6788330078125,104
-76.7708333330685,-10.1458333335155,5.21750020980835,853
-68.3541666663345,-19.9375000002605,4.87566709518433,125
-67.5208333329945,-20.6041666669325,7.87816715240479,133
-76.7708333330685,-9.2708333335085,7.83783292770386,937
-75.8958333330615,-12.3958333335335,4.75366687774658,700
-68.9374999996725,-28.8541666669985,3.75416707992554,116
-72.0208333330305,-15.5208333335585,5.20933294296265,484
-70.9374999996885,-15.6041666668925,4.20683288574219,696
-66.1458333329835,-24.7708333336325,7.58933401107788,153
-71.7708333330285,-13.3958333335415,7.82516717910767,764
-69.2291666663415,-26.1041666669765,7.18149995803833,29
-68.1041666663325,-26.1041666669765,4.93266677856445,64
-75.9791666663955,-10.4375000001845,6.49233293533325,1455
-70.1458333330155,-17.3125000002395,9.69766616821289,205
-68.1041666663325,-26.6041666669805,3.4838330745697,85
-68.1458333329995,-18.7708333335845,7.99633407592773,231
-74.8958333330535,-12.1041666668645,10.255669593811,964
-65.4374999996445,-22.5208333336145,9.62683296203613,280
-66.7291666663215,-21.2708333336045,8.73266696929932,133
-70.7291666663535,-16.2291666668975,8.16733360290527,437
-66.8124999996555,-23.3541666669545,5.91216707229614,111
-69.4791666663435,-28.3958333336615,1.69116699695587,109
-68.4374999996685,-27.3958333336535,-0.542666614055634,111
-68.6041666663365,-24.7708333336325,3.1096670627594,45
-75.4791666663915,-12.5208333335345,4.71400022506714,758
-68.1458333329995,-19.0625000002535,7.88466691970825,207
-66.9791666663235,-25.8541666669745,3.44083309173584,118
-68.1874999996665,-17.4375000002405,8.93516635894775,401
-74.3958333330495,-13.4791666668755,7.55683279037476,877
-66.7291666663215,-20.1875000002625,6.72049999237061,146
-66.9374999996565,-26.1458333336435,3.28500008583069,127
-67.4374999996605,-20.8958333336015,8.74250030517578,81
-65.6874999996465,-23.8125000002915,7.07566690444946,192
-76.5624999997335,-11.1458333335235,2.79733300209045,862
-67.3124999996595,-22.6041666669485,3.59150004386902,93
-71.0208333330225,-16.1875000002305,4.77549982070923,428
-68.6041666663365,-19.8541666669265,5.6328330039978,117
-66.3541666663185,-25.5208333336385,14.9610004425049,136
-71.3958333330255,-16.1041666668965,6.11350011825562,327
-67.3541666663265,-24.6875000002985,8.29549980163574,67
-67.4374999996605,-24.0625000002935,4.75166702270508,78
-70.2708333330165,-15.6875000002265,9.12100028991699,638
-66.2291666663175,-25.1458333336355,12.7213296890259,161
-77.7708333330765,-9.3958333335095,3.22716689109802,698
-72.3958333330335,-13.7708333335445,7.48616600036621,953
-69.8541666663465,-14.4791666668835,4.93216705322266,841
-66.6041666663205,-23.1875000002865,7.91883277893066,119
-71.3124999996915,-14.4791666668835,5.31349992752075,905
-69.1041666663405,-20.3125000002635,7.70233297348022,61
-68.1874999996665,-26.2291666669775,2.73116707801819,80
-67.4791666663275,-20.4375000002645,7.69133281707764,158
-70.4374999996845,-14.1875000002145,3.57083296775818,875
-66.7708333329885,-26.5625000003135,10.3590002059937,106
-77.1874999997385,-10.3541666668505,11.8673295974731,497
-67.3541666663265,-20.0625000002615,8.07966709136963,160
-67.0624999996575,-20.3541666669305,8.59333324432373,169
-74.1458333330475,-15.1458333335555,13.247670173645,236
-66.5624999996535,-25.1041666669685,2.08866691589355,152
-68.0208333329985,-21.2291666669375,6.02600002288818,69
-78.0208333330785,-8.1041666668325,11.5121698379517,605
-68.3541666663345,-19.3125000002555,6.47049999237061,168
-67.0624999996575,-20.0625000002615,8.70549964904785,122
-68.0624999996655,-22.9375000002845,13.1618299484253,42
-67.1458333329915,-19.1458333335875,9.0493335723877,239
-68.3958333330015,-22.3125000002795,11.3360004425049,33
-77.4791666664075,-8.7291666668375,8.86316680908203,736
-75.6874999997265,-11.6041666668605,7.94133281707764,836
-67.7708333329965,-20.8541666669345,6.78299999237061,81
-66.7708333329885,-22.5208333336145,3.81083297729492,128
-67.6041666663285,-19.3541666669225,8.48166656494141,184
-68.3958333330015,-27.8541666669905,2.08116698265076,126
-68.9374999996725,-24.4375000002965,10.9218301773071,13
-66.8541666663225,-22.6041666669485,3.83500003814697,123
-70.5624999996855,-15.2708333335565,6.43400001525879,853
-66.8958333329895,-20.5208333335985,9.82699966430664,129
-67.4791666663275,-25.8541666669745,7.72333288192749,70
-68.6874999996705,-18.6041666669165,7.06066703796387,255
-67.2708333329925,-24.6875000002985,6.81466722488403,77
-73.5208333330425,-14.8541666668865,7.6883339881897,716
-69.6041666663445,-17.1458333335715,6.23250007629395,423
-73.2708333330405,-15.4375000002245,16.3059997558594,114
-74.2708333330485,-14.6875000002185,5.72416687011719,696
-77.2708333330725,-9.0625000001735,7.95166683197021,836
-66.3541666663185,-19.7291666669255,5.33166599273682,172
-67.5624999996615,-22.4791666669475,4.5939998626709,79
-69.9791666663475,-15.1041666668885,8.68833446502686,731
-70.4374999996845,-15.8541666668945,5.05816698074341,787
-76.8541666664025,-10.7291666668535,9.27449989318848,670
-75.1458333330555,-12.4791666668675,7.44133281707764,812
-68.5624999996695,-17.8125000002435,7.22100019454956,381
-65.4374999996445,-22.7708333336165,7.85066699981689,249
-72.7708333330365,-15.7708333335605,6.4748330116272,315
-68.0208333329985,-19.3125000002555,7.63266706466675,180
-69.3124999996755,-17.1875000002385,7.45616722106934,447
-66.1041666663165,-25.1875000003025,13.493670463562,160
-76.8124999997355,-10.2291666668495,4.30016708374023,870
-76.8124999997355,-11.3125000001915,12.1899995803833,331
-65.2708333329765,-23.3958333336215,7.92666721343994,231
-75.4791666663915,-13.4375000002085,13.9608297348022,261
-74.0208333330465,-13.2708333335405,12.0988302230835,853
-68.4374999996685,-17.6458333335755,8.53866672515869,385
-67.9791666663315,-19.1458333335875,8.32549953460693,213
-70.6874999996865,-15.3958333335575,1.869500041008,890
-67.4791666663275,-17.8958333335775,9.09500026702881,335
-67.1041666663245,-24.0208333336265,8.47616672515869,78
-66.8958333329895,-25.3125000003035,6.8986668586731,94
-74.4374999997165,-12.8125000002035,16.2014999389648,564
-72.5208333330345,-13.8958333335455,11.5786695480347,965
-68.6874999996705,-25.1041666669685,6.53249979019165,33
-76.9791666664035,-10.7708333335205,6.18066596984863,664
-67.0208333329905,-19.5208333335905,8.76916694641113,168
-65.7708333329805,-25.2708333336365,13.7933301925659,233
-73.3124999997075,-15.0208333335545,8.76583290100098,578
-77.5624999997415,-9.9791666668475,8.44499969482422,533
-78.5624999997495,-6.8958333334895,8.84516620635986,1056
-67.3958333329935,-19.7291666669255,8.51016616821289,167
-66.6041666663205,-22.7708333336165,4.33066701889038,139
-76.4791666663995,-10.1041666668485,7.69066715240479,1050
-66.4374999996525,-26.1458333336435,4.93900012969971,173
-73.5624999997095,-13.9375000002125,7.98449993133545,899
-68.3541666663345,-23.7291666669575,12.9223299026489,28
-74.6874999997185,-14.0208333335465,5.90766716003418,708
-65.8958333329815,-24.6041666669645,9.32450008392334,170
-69.3124999996755,-17.5625000002415,7.7185001373291,340
-66.1041666663165,-23.6041666669565,10.4554996490479,145
-66.9374999996565,-19.3541666669225,9.44066619873047,207
-68.3958333330015,-26.0208333336425,5.12083292007446,54
-66.4791666663195,-21.0208333336025,8.89883327484131,159
-67.8958333329975,-20.6041666669325,7.83150005340576,103
-73.5208333330425,-15.5625000002255,10.378999710083,256
-75.4374999997245,-11.8541666668625,10.1134996414185,759
-68.3541666663345,-27.8958333336575,3.17366695404053,125
-68.2291666663335,-27.6458333336555,5.6018328666687,113
-68.3958333330015,-24.0625000002935,9.76650047302246,29
-68.1041666663325,-18.1458333335795,7.52883291244507,317
-67.8124999996635,-17.6041666669085,8.54533290863037,363
-65.8958333329815,-23.8541666669585,9.14500045776367,162
-65.9374999996485,-22.6875000002825,9.77366638183594,198
-69.1874999996745,-18.0208333335785,3.49000000953674,355
-76.1874999997305,-11.2708333335245,5.66099977493286,873
-70.7291666663535,-15.1458333335555,2.61116695404053,924
-75.9791666663955,-11.3958333335255,5.63483285903931,917
-65.3541666663105,-23.8541666669585,12.8423299789429,372
-71.1041666663565,-16.4791666668995,1.82683300971985,439
-68.1041666663325,-22.9791666669515,13.823169708252,42
-72.6041666663685,-14.4791666668835,4.10416698455811,867
-66.1458333329835,-23.7291666669575,10.0366697311401,143
-66.4791666663195,-23.0625000002855,6.44016599655151,135
-68.6874999996705,-26.6875000003145,3.1556670665741,78
-67.6458333329955,-26.8125000003155,5.41300010681152,97
-69.9791666663475,-15.9791666668955,8.83699989318848,761
-67.6458333329955,-22.8125000002835,3.6741669178009,77
-65.8124999996475,-24.6041666669645,12.4746704101562,215
-66.7708333329885,-26.2708333336445,5.46199989318848,130
-68.6874999996705,-23.3541666669545,10.9693298339844,21
-71.6458333330275,-15.7708333335605,2.16750001907349,536
-73.0624999997055,-15.3958333335575,13.7626695632935,243
-68.3124999996675,-23.8541666669585,12.1265001296997,28
-68.1874999996665,-22.3958333336135,7.60433292388916,46
-67.4374999996605,-17.1875000002385,9.64566612243652,484
-76.1041666663965,-11.4791666668595,4.18733310699463,973
-65.5208333329785,-24.2291666669615,12.1256704330444,342
-67.0208333329905,-22.8541666669505,2.46883296966553,115
-67.7291666663295,-19.5625000002575,7.1258339881897,156
-74.3541666663825,-14.9791666668875,12.3675003051758,317
-66.9791666663235,-23.7291666669575,5.09800004959106,97
-69.6041666663445,-15.8541666668945,9.81483364105225,1056
-68.8124999996715,-24.4791666669635,10.4540004730225,18
-69.3541666663425,-19.2708333335885,8.52516746520996,100
-74.4791666663835,-14.4791666668835,5.3133339881897,692
-67.4374999996605,-19.6458333335915,8.930832862854,160
-71.1041666663565,-14.9375000002205,5.8973331451416,830
-68.9374999996725,-21.2708333336045,8.20716667175293,37
-65.5624999996455,-23.7708333336245,9.24349975585938,204
-68.8124999996715,-24.5208333336305,10.3395004272461,18
-68.3958333330015,-20.6041666669325,4.60566711425781,88
-67.3958333329935,-21.9375000002765,7.13666677474976,82
-74.1041666663805,-14.1041666668805,5.1473331451416,861
-70.6041666663525,-16.6458333335675,2.86433291435242,503
-67.8124999996635,-18.1458333335795,7.34616708755493,325
-66.7708333329885,-20.5208333335985,9.36916637420654,133
-66.3124999996515,-23.3125000002875,9.12849998474121,138
-67.1874999996585,-26.5208333336465,7.23883295059204,100
-65.7708333329805,-23.9791666669595,6.86916589736938,178
-74.7291666663855,-14.3125000002155,6.35383319854736,634
-71.6458333330275,-15.3125000002235,3.62566709518433,720
-66.3124999996515,-19.7708333335925,6.95883321762085,182
-73.8541666663785,-13.7708333335445,10.721170425415,879
-66.7708333329885,-25.1041666669685,7.59783411026001,98
-67.3958333329935,-25.0208333336345,8.8633337020874,63
-72.4374999997005,-14.6041666668845,1.42299997806549,861
-68.3124999996675,-18.8958333335855,7.84383296966553,212
-68.2708333330005,-23.4375000002885,13.9230003356934,32
-66.1874999996505,-24.4791666669635,5.90799999237061,148
-74.5624999997175,-14.5208333335505,7.88800001144409,619
-68.9374999996725,-27.1041666669845,3.3828330039978,77
-68.8124999996715,-24.6875000002985,9.10700035095215,21
-69.0624999996735,-24.6875000002985,10.8186702728271,13
-72.0624999996975,-15.0208333335545,1.61466705799103,773
-75.0624999997215,-13.7708333335445,5.67583322525024,642
-68.5208333330025,-22.7708333336165,10.1668300628662,28
-72.8541666663705,-14.3958333335495,7.99949979782104,858
-69.0624999996735,-28.5625000003295,3.20016694068909,112
-69.5624999996775,-16.4791666668995,7.44366598129272,723
-68.6458333330035,-25.1875000003025,5.80649995803833,36
-69.3541666663425,-25.4791666669715,11.1160001754761,12
-67.1874999996585,-26.5208333336465,7.23883295059204,100
-65.7291666663135,-24.3125000002955,7.32533311843872,181
-67.6458333329955,-19.8958333335935,7.30983400344849,128
-67.4791666663275,-17.1041666669045,8.09650039672852,521
-68.0208333329985,-24.8541666669665,9.5228328704834,51
-70.0208333330145,-17.3541666669065,2.88549995422363,381
-77.9791666664115,-8.8958333335055,3.95933294296265,730
-71.9374999996965,-15.1875000002225,1.83816695213318,737
-68.5624999996695,-19.1458333335875,4.66083288192749,212
-76.5624999997335,-11.3958333335255,5.49783277511597,700
-67.8541666663305,-24.0625000002935,2.875333070755,68
-67.3124999996595,-18.7291666669175,8.83866691589355,288
-67.1041666663245,-19.2708333335885,9.19299983978271,213
-68.1458333329995,-19.5208333335905,7.02349996566772,177
-66.6874999996545,-19.3958333335895,6.66750001907349,191
-72.3958333330335,-14.4375000002165,3.750333070755,881
-72.4374999997005,-15.7708333335605,13.668999671936,163
-73.9791666663795,-15.5625000002255,13.6423301696777,116
-74.4791666663835,-14.7708333335525,7.87383317947388,613
-67.8958333329975,-21.3958333336055,3.06166696548462,87
-71.1874999996905,-15.1041666668885,3.45600008964539,848
-70.9791666663555,-15.8125000002275,2.77383303642273,622
-69.1458333330075,-27.6041666669885,0.275000005960464,107
-68.4374999996685,-20.7708333336005,4.99249982833862,78
-76.4791666663995,-10.0625000001815,9.20166683197021,1005
-68.3124999996675,-27.1041666669845,1.17933297157288,101
-69.7708333330125,-17.1041666669045,3.14183306694031,482
-66.3124999996515,-23.0625000002855,8.09949970245361,146
-67.0208333329905,-25.5208333336385,5.75066709518433,95
-72.9791666663715,-14.4375000002165,3.77950000762939,885
-74.1458333330475,-13.9375000002125,5.39633321762085,886
-67.2291666663255,-22.3541666669465,3.6949999332428,102
-68.0624999996655,-20.3125000002635,7.04483413696289,104
-67.5624999996615,-24.6041666669645,9.4771671295166,73
-69.6041666663445,-18.3541666669145,9.86516666412354,152
-68.3958333330015,-21.6875000002745,2.33983302116394,70
-67.9374999996645,-22.3958333336135,0.639500081539154,84
-67.1458333329915,-25.2708333336365,6.30450010299683,83
-68.1874999996665,-20.9375000002685,5.2751669883728,80
-75.8958333330615,-11.6041666668605,7.19700002670288,746
-67.8124999996635,-25.2291666669695,3.65300011634827,71
-66.8124999996555,-23.2291666669535,5.635666847229,112
-68.2708333330005,-28.6458333336635,14.121000289917,114
-74.0208333330465,-15.3958333335575,11.3543300628662,249
-68.1041666663325,-17.7708333335765,7.38633298873901,368
-67.8958333329975,-26.6875000003145,6.78249979019165,78
-69.9791666663475,-15.4791666668915,9.40716552734375,734
-67.8541666663305,-26.3541666669785,5.56099987030029,75
-73.7708333330445,-13.7708333335445,16.8724994659424,716
-67.0624999996575,-25.1458333336355,7.19233322143555,83
-66.9791666663235,-19.2291666669215,9.36649990081787,227
-68.3541666663345,-19.1041666669205,7.42600011825562,187
-67.6458333329955,-26.5625000003135,7.96166706085205,82
-65.6041666663125,-22.6458333336155,10.3824996948242,242
-69.7708333330125,-14.9791666668875,7.90566682815552,758
-77.1874999997385,-8.6041666668365,8.84249973297119,893
-66.9791666663235,-19.8125000002595,8.40199947357178,137
-68.5208333330025,-26.8541666669825,3.41149997711182,77
-67.9374999996645,-25.4791666669715,3.04233288764954,72
-70.2291666663495,-14.3958333335495,5.22349977493286,804
-67.3958333329935,-18.7708333335845,8.84249973297119,273
-69.2291666663415,-17.9791666669115,3.71499991416931,350
-76.6041666664005,-10.4375000001845,4.29133319854736,953
-70.0624999996815,-15.4375000002245,9.7805004119873,669
-68.4374999996685,-21.8958333336095,4.08066701889038,59
-68.2291666663335,-22.4791666669475,7.4064998626709,44
-67.1041666663245,-19.1041666669205,9.15133380889893,252
-66.7291666663215,-23.1458333336195,7.04516696929932,116
-68.9374999996725,-26.4791666669795,6.09416723251343,47
-69.2708333330085,-27.6875000003225,0.411666691303253,110
-66.1458333329835,-26.2708333336445,8.25749969482422,178
-65.7291666663135,-22.8125000002835,10.6979999542236,209
-66.5208333329865,-22.8541666669505,4.56400012969971,145
-78.4374999997485,-7.7708333334965,17.3700008392334,389
-67.0208333329905,-22.3125000002795,2.84566688537598,121
-69.1041666663405,-25.8541666669745,4.75099992752075,39
-68.0208333329985,-26.8541666669825,2.93650007247925,97
-71.4791666663595,-14.8125000002195,7.09950017929077,836
-69.3541666663425,-29.3541666670025,4.81316709518433,108
-67.6874999996625,-20.5625000002655,8.05983352661133,85
-75.5624999997255,-11.8958333335295,8.57233333587646,826
-70.3541666663505,-15.6458333335595,8.55749988555908,699
-67.9791666663315,-24.7291666669655,8.84266662597656,41
-69.3958333330095,-28.6041666669965,1.91100001335144,107
-69.0624999996735,-24.1458333336275,11.2263298034668,12
-65.8541666663145,-22.5208333336145,8.37100028991699,223
-66.8541666663225,-24.3541666669625,4.53266716003418,105
-67.6874999996625,-21.2291666669375,5.56766700744629,83
-67.2708333329925,-22.3958333336135,4.16266679763794,95
-69.1458333330075,-17.9375000002445,4.37449979782104,366
-68.4791666663355,-24.1458333336275,8.99149990081787,28
-71.3541666663585,-14.3125000002155,6.0475001335144,882
-69.1874999996745,-24.3958333336295,11.7041702270508,10
-68.8124999996715,-17.4791666669075,8.46966552734375,417
-68.1458333329995,-21.9375000002765,2.80100011825562,71
-70.6041666663525,-15.3125000002235,3.77816700935364,926
-73.5208333330425,-14.7708333335525,5.91499996185303,813
-73.5208333330425,-15.4791666668915,8.84749984741211,368
-67.8958333329975,-23.6458333336235,9.35949993133545,48
-68.3541666663345,-26.3541666669785,0.7868332862854,93
-71.1041666663565,-15.6875000002265,3.06383299827576,621
-70.6458333330195,-15.2291666668895,5.13649988174438,912
-74.5208333330505,-12.9375000002045,11.8573303222656,775
-76.6041666664005,-9.9791666668475,7.20033407211304,955
-69.3958333330095,-17.9375000002445,4.482666015625,307
-78.3124999997475,-7.8125000001635,13.0223302841187,585
-68.9791666663395,-25.1041666669685,7.53033399581909,31
-69.0208333330065,-20.3541666669305,4.53783321380615,80
-68.5208333330025,-28.5625000003295,12.2988300323486,127
-68.8124999996715,-27.4375000003205,0.469666689634323,99
-67.8541666663305,-24.7291666669655,9.24633312225342,118
-67.1874999996585,-24.6875000002985,8.14966678619385,74
-66.9374999996565,-22.5208333336145,2.97966694831848,120
-78.4791666664155,-7.0208333334905,8.99050045013428,1030
-66.3124999996515,-26.6041666669805,13.0159997940063,135
-68.3124999996675,-22.6458333336155,8.87966632843018,37
-68.2291666663335,-19.1875000002545,7.42283296585083,189
-66.8958333329895,-25.4791666669715,6.72416687011719,96
-77.1041666664045,-9.6458333335115,3.94466710090637,881
-67.1874999996585,-20.3125000002635,8.28133296966553,128
-77.6874999997425,-9.1041666668405,9.95683288574219,510
-67.7291666663295,-25.1041666669685,8.21933364868164,52
-67.4374999996605,-26.8958333336495,4.52683401107788,114
-66.6874999996545,-25.8125000003075,5.69350004196167,120
-68.0624999996655,-22.1458333336115,4.19083309173584,66
-76.2291666663975,-12.2708333335325,11.6941699981689,327
-72.4791666663675,-15.5625000002255,2.15799999237061,531
-68.5624999996695,-25.4375000003045,1.10883295536041,62
-74.3124999997155,-15.1875000002225,14.6204996109009,139
-68.1874999996665,-27.1041666669845,4.2413330078125,89
-67.3958333329935,-22.8958333336175,4.38899993896484,83
-69.1874999996745,-24.3958333336295,11.7041702270508,10
-71.8541666663625,-14.8541666668865,2.72033309936523,839
-71.9791666663635,-14.5208333335505,5.51966714859009,910
-67.5624999996615,-19.8125000002595,7.69700002670288,130
-71.4374999996925,-14.7291666668855,7.12616682052612,842
-67.9374999996645,-24.9375000003005,9.10366630554199,43
-68.5624999996695,-17.3541666669065,9.37233352661133,426
-74.4374999997165,-13.6041666668765,10.3610000610352,804
-70.8541666663545,-14.3541666668825,3.96250009536743,872
-66.7291666663215,-19.2291666669215,9.34016704559326,247
-65.0208333329745,-23.1875000002865,7.84383296966553,293
-67.7708333329965,-26.6041666669805,6.71716690063477,80
-71.4791666663595,-13.7291666668775,5.42266702651978,867
-65.9374999996485,-25.0208333336345,8.96500015258789,182
-66.2291666663175,-26.1041666669765,3.12949991226196,191
-71.3124999996915,-14.3958333335495,5.93800020217896,887
-67.8958333329975,-18.7291666669175,8.14766693115234,244
-68.5624999996695,-27.1458333336515,-6.68599987030029,168
-67.9374999996645,-25.4791666669715,3.04233288764954,72
-70.2708333330165,-14.1458333335475,3.91400003433228,864
-65.3541666663105,-23.6875000002905,6.39900016784668,226
-69.1874999996745,-18.2708333335805,1.64633297920227,332
-77.2708333330725,-9.0208333335065,9.57400035858154,750
-75.1874999997225,-13.9375000002125,6.86416721343994,543
-67.2708333329925,-18.7291666669175,8.94900035858154,295
-68.7291666663375,-28.2708333336605,2.63083291053772,117
-70.2708333330165,-17.1458333335715,6.15799999237061,341
-71.6874999996945,-15.8958333335615,4.51266717910767,406
-70.2291666663495,-15.8541666668945,7.93100023269653,708
-74.5624999997175,-12.5625000002015,9.23349952697754,920
-69.1041666663405,-16.6458333335675,8.64916706085205,699
-70.8124999996875,-16.2708333335645,3.27766704559326,530
-67.7708333329965,-22.3958333336135,2.14333295822144,81
-68.3541666663345,-18.3541666669145,7.85949993133545,282
-66.7291666663215,-22.6875000002825,4.62116718292236,130
-65.9374999996485,-22.1875000002785,10.4053297042847,242
-67.7291666663295,-17.7291666669095,8.67866706848145,348
-75.4374999997245,-12.3958333335335,5.76933288574219,797
-66.5208333329865,-21.5208333336065,7.15500020980835,157
-74.4791666663835,-14.2708333335485,5.31216716766357,716
-68.4374999996685,-20.5208333335985,6.49533319473267,79
-71.6874999996945,-15.1875000002225,5.17199993133545,708
-68.1041666663325,-21.6041666669405,4.57266712188721,66
-78.5624999997495,-6.8541666668225,10.0298299789429,1048
-74.5624999997175,-14.3541666668825,5.59450006484985,676
-68.8124999996715,-18.3541666669145,4.96549987792969,339
-74.4791666663835,-12.6875000002025,8.65933322906494,972
-68.4791666663355,-22.3125000002795,12.1459999084473,29
-68.1458333329995,-17.7291666669095,7.77250003814697,370
-71.3541666663585,-15.1041666668885,2.36733293533325,853
-70.5208333330185,-15.8541666668945,4.93816709518433,771
-67.1874999996585,-17.8958333335775,9.79766654968262,396
-67.6458333329955,-19.4375000002565,8.52683353424072,172
-69.0624999996735,-16.3541666668985,8.19266700744629,871
-66.1041666663165,-22.9375000002845,5.83900022506714,185
-69.6458333330115,-16.0208333335625,9.68283367156982,997
-66.9791666663235,-18.5208333335825,9.39083290100098,391
-67.4374999996605,-17.5625000002415,8.0004997253418,425
-77.6041666664085,-8.6458333335035,13.72350025177,518
-66.3124999996515,-19.6458333335915,5.81500005722046,181
-76.9791666664035,-10.2708333335165,2.45199990272522,797
-67.8958333329975,-23.8958333336255,7.44216680526733,54
-68.1874999996665,-19.6458333335915,7.49200010299683,137
-65.8124999996475,-24.7291666669655,8.56550025939941,184
-73.9374999997125,-13.6458333335435,10.2318296432495,875
-65.9374999996485,-23.4791666669555,10.5461702346802,156
-75.6458333330595,-11.6458333335275,8.59299945831299,788
-68.6041666663365,-18.8125000002515,6.77766704559326,229
-65.2708333329765,-22.9375000002845,8.94266700744629,251
-73.0624999997055,-14.8958333335535,2.92283296585083,745
-65.6458333329795,-23.2708333336205,7.73950004577637,202
-65.7708333329805,-24.9375000003005,10.3059997558594,228
-68.3541666663345,-17.4375000002405,9.19166660308838,406
-68.5208333330025,-26.0208333336425,3.57666707038879,59
-72.1041666663645,-15.9375000002285,6.8435001373291,283
-75.4791666663915,-12.2291666668655,6.56733322143555,830
-69.1874999996745,-28.2291666669935,3.5998330116272,94
-67.6458333329955,-24.8541666669665,9.21216678619385,111
-68.6041666663365,-20.9791666669355,4.07583284378052,73
-68.4374999996685,-24.0208333336265,9.1468334197998,28
-68.8541666663385,-24.1458333336275,8.88249969482422,20
-66.6458333329875,-26.6041666669805,5.99183320999146,147
-67.8541666663305,-27.3125000003195,13.0223302841187,86
-69.4791666663435,-24.4375000002965,15.4995002746582,6
-66.5208333329865,-24.6041666669645,7.08633279800415,114
-75.0208333330545,-13.8541666668785,5.17500019073486,662
-74.1874999997145,-15.3958333335575,13.7911701202393,135
-75.8541666663945,-11.8125000001955,5.94316720962524,823
-76.6041666664005,-10.4791666668515,5.38633298873901,899
-68.4374999996685,-18.4375000002485,7.72749996185303,267
-70.0624999996815,-14.1875000002145,3.77150011062622,876
-68.2291666663335,-18.5208333335825,7.89366722106934,257
-68.7708333330045,-24.7708333336325,7.65766716003418,24
-66.3958333329855,-26.3125000003115,5.07416677474976,160
-69.3958333330095,-28.3958333336615,2.11816692352295,104
-75.2708333330565,-13.6875000002105,8.44333362579346,500
-74.9374999997205,-14.0208333335465,8.91333293914795,525
-70.9791666663555,-16.0208333335625,3.18016695976257,534
-66.5208333329865,-25.1041666669685,6.19316720962524,130
-68.6041666663365,-20.0625000002615,3.74200010299683,117
-69.4374999996765,-14.9375000002205,6.03316593170166,857
-76.8958333330695,-10.7291666668535,4.27733278274536,710
-68.2708333330005,-19.4375000002565,7.00683307647705,180
-67.1458333329915,-24.3958333336295,7.87349987030029,77
-68.1458333329995,-24.5208333336305,5.17566680908203,48
-77.8541666664105,-8.2708333335005,10.6341695785522,601
-66.8124999996555,-20.4375000002645,9.694167137146,132
-66.9374999996565,-25.0625000003015,1.99816703796387,126
-67.1458333329915,-18.8125000002515,8.99316692352295,304
-75.8541666663945,-11.9375000001965,4.91450023651123,858
-69.1874999996745,-19.2291666669215,5.74200010299683,155
-68.5624999996695,-23.1458333336195,10.91100025177,26
-73.8541666663785,-13.5208333335425,14.7600002288818,784
-71.2708333330245,-13.8958333335455,4.08983278274536,878
-68.2291666663335,-18.1875000002465,6.57450008392334,328
-68.8541666663385,-17.5625000002415,7.76983404159546,409
-70.0624999996815,-15.6458333335595,9.75166606903076,657
-76.0208333330625,-12.7708333335365,12.8804998397827,256
-73.4374999997085,-14.9791666668875,5.37683296203613,712
-68.3958333330015,-23.3125000002875,14.1398296356201,30
-73.6041666663765,-14.8541666668865,4.56300020217896,790
-76.6874999997345,-10.5625000001855,2.85016703605652,909
-73.1041666663725,-14.7708333335525,4.79066705703735,783
-68.1874999996665,-21.8958333336095,3.47116708755493,65
-70.5208333330185,-15.0625000002215,6.02683401107788,852
-68.6041666663365,-21.6875000002745,8.13850021362305,39
-68.1874999996665,-17.3958333335735,8.76416683197021,413
-66.0624999996495,-24.3125000002955,8.8120002746582,150
-68.8124999996715,-19.9791666669275,4.77733278274536,106
-70.8124999996875,-14.1458333335475,1.45500004291534,939
-75.2291666663895,-13.0208333335385,3.20883297920227,724
-70.1874999996825,-17.1041666669045,2.37050008773804,457
-74.9791666663875,-13.1041666668725,2.58333301544189,836
-71.3541666663585,-15.7291666668935,4.28049993515015,486
-67.1874999996585,-24.6041666669645,8.03183364868164,75
-67.7291666663295,-18.6458333335835,8.20633316040039,267
-75.5208333330585,-13.0625000002055,4.23683404922485,648
-69.2291666663415,-14.9791666668875,5.44733285903931,893
-65.8541666663145,-22.6041666669485,9.55000019073486,219
-75.3124999997235,-13.3958333335415,5.83033323287964,639
-69.7291666663455,-16.4375000002325,5.00966596603394,725
-70.3541666663505,-15.3541666668905,8.5508337020874,715
-77.3958333330735,-8.4791666668355,17.024169921875,688
-68.2708333330005,-22.2708333336125,10.3094997406006,40
-70.3958333330175,-14.8958333335535,7.46466684341431,747
-72.1041666663645,-13.6041666668765,6.72200012207031,930
-69.3958333330095,-16.4791666668995,8.59916687011719,808
-66.7708333329885,-22.0625000002775,6.12449979782104,131
-68.6874999996705,-25.7708333336405,3.33100008964539,51
-70.2291666663495,-16.0208333335625,3.33750009536743,801
-70.9374999996885,-14.7708333335525,5.4088339805603,850
-75.6458333330595,-12.1458333335315,5.47499990463257,825
-66.6041666663205,-20.3958333335975,9.08633327484131,153
-73.4374999997085,-15.5625000002255,9.64783382415771,297
-68.9374999996725,-25.9375000003085,3.85033297538757,44
-70.6041666663525,-15.3125000002235,3.77816700935364,926
-68.4374999996685,-21.1458333336035,0.948499917984009,91
-76.2708333330645,-12.3125000001995,14.585000038147,234
-67.3541666663265,-20.7708333336005,8.80866622924805,86
-66.3124999996515,-26.5625000003135,11.868670463562,148
-69.6874999996785,-14.6875000002185,3.84933400154114,906
-78.2291666664135,-8.2708333335005,7.46449995040894,695
-67.5208333329945,-17.8541666669105,8.98116683959961,335
-68.5208333330025,-17.8125000002435,7.56599998474121,375
-72.2291666663655,-14.6041666668845,6.34933280944824,844
-73.3541666663745,-15.3958333335575,7.83699989318848,458
-74.8124999997195,-12.6041666668685,5.95800018310547,907
-68.8541666663385,-27.8125000003235,-3.28916692733765,159
-68.6041666663365,-21.2708333336045,3.49383306503296,70
-72.6041666663685,-14.3958333335495,4.60333299636841,880
-65.7291666663135,-21.9791666669435,10.8625001907349,294
-69.4791666663435,-29.2708333336685,0.283833414316177,133
-65.3958333329775,-22.2291666669455,10.6455001831055,328
-70.6874999996865,-15.7291666668935,5.41883277893066,770
-67.7708333329965,-18.0208333335785,5.73400020599365,369
-67.8124999996635,-23.7708333336245,6.57016706466675,59
-71.2291666663575,-14.5208333335505,5.4433331489563,878
-67.5624999996615,-23.9791666669595,4.42083311080933,72
-67.2708333329925,-21.4791666669395,8.64900016784668,85
-66.4374999996525,-26.6041666669805,8.16450023651123,185
-66.9374999996565,-26.2291666669775,4.84999990463257,120
-68.5624999996695,-19.7291666669255,5.34916687011719,135
-70.1874999996825,-15.1041666668885,8.53183364868164,714
-66.9374999996565,-22.8125000002835,3.499666929245,117
-70.3958333330175,-17.2291666669055,7.67850017547607,241
-74.1874999997145,-13.9375000002125,5.18716716766357,874
-67.6041666663285,-22.6041666669485,2.56833291053772,83
-67.6041666663285,-17.9791666669115,8.92450046539307,325
-66.7708333329885,-26.6458333336475,10.4604997634888,108
-66.3958333329855,-21.2708333336045,7.22949981689453,170
-75.6874999997265,-12.9375000002045,4.97016716003418,625
-67.1458333329915,-26.0208333336425,1.88716697692871,123
-67.7291666663295,-18.2291666669135,7.69600009918213,316
-68.3541666663345,-19.8125000002595,7.09566688537598,117
-69.8541666663465,-17.7708333335765,4.53649997711182,258
-68.8958333330055,-21.0208333336025,4.95933294296265,62
-71.9791666663635,-15.3125000002235,3.30266690254211,643
-74.5208333330505,-14.1458333335475,5.36816596984863,729
-68.3958333330015,-19.8125000002595,6.97749996185303,118
-78.3541666664145,-7.1041666668245,12.3133296966553,903
-69.9791666663475,-15.5625000002255,9.83533382415771,707
-75.4791666663915,-12.1041666668645,8.70049953460693,810
-69.3958333330095,-19.2708333335885,9.3774995803833,86
-67.3958333329935,-25.3125000003035,6.28833293914795,73
-70.9374999996885,-16.8125000002355,15.7565002441406,66
-67.8958333329975,-20.1041666669285,7.02683305740356,160
-67.1458333329915,-23.9375000002925,8.3348331451416,74
-67.6458333329955,-21.2291666669375,5.04566717147827,88
-67.3124999996595,-18.8958333335855,8.49783325195312,273
-72.5624999997015,-15.3125000002235,1.84466695785522,606
-71.3958333330255,-16.3125000002315,3.26666688919067,378
-66.4374999996525,-24.4375000002965,4.11266708374023,132
-67.7291666663295,-18.6875000002505,8.3216667175293,261
-68.4791666663355,-22.7708333336165,9.65283298492432,30
-68.2708333330005,-25.8958333336415,4.79300022125244,56
-68.1041666663325,-21.0625000002695,6.85283279418945,71
-68.6458333330035,-20.8541666669345,5.43783283233643,68
-66.8124999996555,-18.8958333335855,9.77216625213623,354
-67.3124999996595,-18.6875000002505,8.87666702270508,294
-74.9791666663875,-13.5208333335425,4.41883277893066,739
-68.7291666663375,-25.3541666669705,6.67983293533325,31
-69.0208333330065,-20.3541666669305,4.53783321380615,80
-65.0624999996415,-23.0625000002855,6.88233280181885,292
-71.6041666663605,-14.7291666668855,6.91599988937378,860
-73.4374999997085,-14.8125000002195,6.40333318710327,784
-66.8124999996555,-19.2291666669215,9.63249969482422,246
-71.6874999996945,-13.3958333335415,7.8813328742981,762
-67.7291666663295,-26.5208333336465,8.1738338470459,72
-66.6874999996545,-24.9791666669675,6.21549987792969,109
-67.7291666663295,-21.1458333336035,6.97233295440674,73
-76.6041666664005,-10.8958333335215,2.39849996566772,891
-70.2291666663495,-14.3958333335495,5.22349977493286,804
-73.1874999997065,-15.5625000002255,14.6671695709229,137
-68.3124999996675,-27.0208333336505,-3.44883298873901,153
-70.3958333330175,-15.1458333335555,8.0396671295166,735
-73.8958333330455,-15.2708333335565,7.74266719818115,485
-72.3541666663665,-14.6458333335515,3.2826669216156,834
-68.2291666663335,-23.1458333336195,13.7650003433228,36
-69.1041666663405,-20.0625000002615,6.10066699981689,84
-75.3124999997235,-13.5208333335425,9.47299957275391,487
-66.1458333329835,-22.5208333336145,9.55366706848145,188
-69.3541666663425,-18.3541666669145,3.70549988746643,286
-70.3124999996835,-15.5625000002255,9.01183319091797,665
-66.5624999996535,-25.9375000003085,5.67133283615112,145
-67.8124999996635,-19.0208333335865,8.43883323669434,213
-75.5624999997255,-13.1458333335395,9.23566627502441,528
-68.7708333330045,-20.0625000002615,2.97950005531311,115
-72.3541666663665,-14.0208333335465,6.07450008392334,961
-73.6874999997105,-15.2291666668895,8.56316661834717,474
-65.7291666663135,-22.0208333336105,11.2386703491211,301
-73.5208333330425,-14.2708333335485,8.510666847229,882
-65.6041666663125,-24.0208333336265,9.27566623687744,229
-69.3541666663425,-19.5208333335905,11.9631700515747,47
-72.6041666663685,-15.5208333335585,-1.65916705131531,658
-69.9791666663475,-15.9375000002285,8.05933380126953,798
-69.0624999996735,-18.1875000002465,3.40916705131531,352
-75.6041666663925,-12.8541666668705,3.34483289718628,670
-71.4791666663595,-15.4375000002245,4.59916687011719,635
-71.6458333330275,-16.3125000002315,14.5136699676514,77
-70.9791666663555,-15.9375000002285,3.01699995994568,571
-75.7708333330605,-11.2708333335245,8.1986665725708,817
-77.0624999997375,-10.2291666668495,8.83850002288818,646
-69.9791666663475,-14.6875000002185,5.29083299636841,848
-65.8124999996475,-22.3125000002795,9.88116645812988,250
-66.0208333329825,-23.6041666669565,10.3915004730225,151
-68.6041666663365,-20.4791666669315,6.3211669921875,74
-66.1041666663165,-22.6875000002825,9.54899978637695,182
-74.0208333330465,-14.0208333335465,5.0911660194397,900
-68.9791666663395,-25.6458333336395,6.91216707229614,31
-66.9374999996565,-21.5625000002735,8.29650020599365,114
-66.8124999996555,-19.8125000002595,8.88500022888184,131
-77.2708333330725,-8.6458333335035,17.8213291168213,744
-76.2291666663975,-11.1875000001905,4.97366714477539,971
-69.1458333330075,-26.3958333336455,8.69733333587646,32
-67.8124999996635,-24.3125000002955,3.89666700363159,68
-66.3124999996515,-25.5208333336385,13.1618299484253,137
-74.3958333330495,-12.7291666668695,12.3575000762939,793
-65.6041666663125,-24.0625000002935,9.11766719818115,218
-69.6458333330115,-28.6458333336635,-0.0148333003744483,119
-76.7708333330685,-10.8125000001875,4.04300022125244,771
-72.7291666663695,-15.6458333335595,3.05283308029175,476
-68.6874999996705,-23.0625000002855,8.77383327484131,26
-69.9791666663475,-16.8541666669025,3.63433289527893,541
-67.5624999996615,-19.1875000002545,8.48149967193604,208
-70.8958333330215,-14.3958333335495,3.24049997329712,913
-75.1041666663885,-13.3958333335415,3.03533291816711,744
-75.0624999997215,-12.5625000002015,6.98850011825562,815
-77.1874999997385,-9.2708333335085,8.03266620635986,796
-68.0624999996655,-17.7291666669095,7.74016714096069,367
-66.8541666663225,-21.6458333336075,7.90199995040894,120
-73.1041666663725,-13.8958333335455,12.6098299026489,1000
-68.3958333330015,-21.1875000002705,3.32800006866455,78
-78.1041666664125,-7.9791666668315,9.99533367156982,864
-68.0208333329985,-25.8541666669745,7.37783288955688,51
-68.4374999996685,-25.0208333336345,2.36066699028015,55
-74.4791666663835,-12.5625000002015,8.38866710662842,959
-74.6874999997185,-14.6041666668845,9.1448335647583,532
-69.5208333330105,-18.0625000002455,2.75483298301697,303
-77.4791666664075,-9.2708333335085,0.0171666909009218,962
-66.3958333329855,-24.2708333336285,7.19950008392334,130
-68.3124999996675,-20.3125000002635,5.47933292388916,91
-76.5624999997335,-9.9375000001805,6.6395001411438,993
-67.5624999996615,-19.1458333335875,8.48783302307129,216
-65.3541666663105,-22.8958333336175,9.83899974822998,243
-66.9791666663235,-22.2291666669455,4.74983406066895,113
-67.6874999996625,-19.3125000002555,8.46183300018311,186
-65.4374999996445,-22.7291666669495,8.17583274841309,253
-70.4374999996845,-15.0625000002215,6.74016714096069,806
-70.7708333330205,-14.6875000002185,6.66849994659424,772
-77.7708333330765,-8.8125000001715,4.45949983596802,808
-72.4791666663675,-14.0208333335465,6.62283277511597,933
-66.0208333329825,-22.9375000002845,10.0448303222656,176
-77.7291666664095,-8.5625000001695,7.23983287811279,793
-67.4791666663275,-21.4791666669395,7.06683301925659,79
-69.2291666663415,-27.8541666669905,4.32233285903931,82
-69.5208333330105,-17.2708333335725,5.73433399200439,407
-68.5208333330025,-23.2291666669535,14.1138296127319,23
-65.5208333329785,-22.0625000002775,11.949330329895,340
-68.6041666663365,-28.2708333336605,6.00883293151855,112
-76.3124999997315,-12.0208333335305,3.40466690063477,740
-67.2291666663255,-23.3958333336215,4.57200002670288,86
-68.1874999996665,-19.9791666669275,7.15950012207031,115
-67.8958333329975,-20.7291666669335,7.73799991607666,76
-66.8124999996555,-19.1041666669205,9.66666698455811,281
-67.3124999996595,-22.8541666669505,3.71700000762939,90
-76.2708333330645,-10.3541666668505,7.40816688537598,1130
-68.6458333330035,-24.5208333336305,6.50166702270508,28
-68.6458333330035,-24.9375000003005,5.80083322525024,35
-71.6874999996945,-14.6041666668845,3.39416599273682,910
-75.8124999997275,-13.0625000002055,4.32716703414917,605
-73.5208333330425,-14.8958333335535,6.64216709136963,720
-68.8124999996715,-17.1041666669045,9.14716625213623,499
-74.0624999997135,-14.1875000002145,8.03250026702881,824
-70.6041666663525,-15.9375000002285,7.11883401870728,669
-73.6874999997105,-13.6041666668765,10.3421697616577,950
-75.8124999997275,-12.5625000002015,3.49266695976257,718
-71.5624999996935,-15.0625000002215,4.03900003433228,813
-66.9791666663235,-19.9375000002605,8.98149967193604,130
-73.3958333330415,-14.8125000002195,6.79616689682007,773
-68.0624999996655,-19.1041666669205,7.99200010299683,185
-72.2291666663655,-15.3125000002235,0.390333294868469,683
-70.1874999996825,-16.9791666669035,3.18183398246765,482
-67.9374999996645,-18.5625000002495,8.09183311462402,263
-69.1041666663405,-19.7708333335925,6.30816698074341,98
-69.3541666663425,-29.2291666670015,4.46083402633667,112
-66.4791666663195,-26.6875000003145,10.1208295822144,175
-69.2291666663415,-18.7291666669175,3.01133298873901,261
-65.9374999996485,-25.3958333336375,11.2558298110962,174
-74.6874999997185,-12.6041666668685,13.4103298187256,669
-70.1041666663485,-16.9791666669035,0.643333315849304,535
-71.1874999996905,-13.7708333335445,1.38699996471405,944
-67.3541666663265,-26.1041666669765,9.34099960327148,69
-70.2291666663495,-14.9375000002205,7.29866695404053,750
-70.4374999996845,-15.5208333335585,6.00116682052612,876
-78.3958333330815,-7.0208333334905,10.6409997940063,990
-70.5208333330185,-14.7708333335525,5.35666704177856,842
-67.9374999996645,-24.3958333336295,4.37216711044312,62
-67.3124999996595,-21.7708333336085,7.23316717147827,86
-74.7291666663855,-14.0625000002135,5.13199996948242,703
-72.7708333330365,-14.6458333335515,1.60083305835724,830
-78.4374999997485,-6.9791666668235,8.34766674041748,1122
-66.5208333329865,-23.6458333336235,7.00799989700317,123
-69.0624999996735,-18.3958333335815,-1.2775000333786,357
-73.8958333330455,-15.2291666668895,10.5838298797607,370
-75.3124999997235,-12.2291666668655,8.3343334197998,867
-77.9374999997445,-7.8541666668305,12.6806697845459,836
-66.5208333329865,-23.4791666669555,6.65083312988281,126
-74.9791666663875,-14.3958333335495,16.8470001220703,100
-69.6458333330115,-14.8541666668865,6.73916721343994,808
-66.2291666663175,-22.1458333336115,7.18966722488403,185
-71.5208333330265,-15.9375000002285,1.52900004386902,511
-66.7708333329885,-23.3958333336215,7.71483278274536,105
-66.9374999996565,-24.4375000002965,6.66783285140991,91
-67.4791666663275,-21.3125000002715,8.05216693878174,77
-66.9374999996565,-25.2291666669695,6.58199977874756,94
-65.8124999996475,-23.3125000002875,10.4914999008179,167
-68.6458333330035,-26.2291666669775,2.70300006866455,66
-72.3124999996995,-15.2708333335565,5.86850023269653,519
-71.3541666663585,-14.2291666668815,6.92833280563354,830
-67.1874999996585,-23.9791666669595,8.30633354187012,74
-70.1041666663485,-14.4791666668835,4.49116706848145,843
-67.7708333329965,-24.6041666669645,9.01366710662842,47
-66.9374999996565,-18.9375000002525,9.23283386230469,315
-76.1458333330635,-10.1041666668485,10.5950002670288,1061
-69.3124999996755,-27.5625000003215,3.21983289718628,77
-66.3541666663185,-24.1458333336275,7.36199998855591,134
-76.9374999997365,-10.7291666668535,3.94549989700317,705
-69.0208333330065,-19.1875000002545,2.59400010108948,206
-72.6041666663685,-13.9375000002125,5.1953330039978,952
-69.2708333330085,-26.2291666669775,8.69133377075195,28
-76.7291666664015,-11.4791666668595,5.38633298873901,627
-70.0624999996815,-16.3958333335655,4.10816717147827,699
-68.9791666663395,-26.4791666669795,6.881667137146,42
-68.0208333329985,-18.5625000002495,7.97249984741211,260
-75.9374999997285,-10.6458333335195,8.37199974060059,1146
-68.6458333330035,-25.9375000003085,4.22816705703735,52
-68.8958333330055,-17.1041666669045,8.78866672515869,507
-68.4791666663355,-22.1041666669445,9.05116653442383,37
-67.8541666663305,-18.8125000002515,8.24966621398926,237
-69.9791666663475,-16.9791666669035,4.24483299255371,492
-67.3958333329935,-17.7291666669095,9.30766677856445,368
-68.8958333330055,-24.1041666669605,8.3551664352417,20
-71.4374999996925,-15.6458333335595,4.3183331489563,529
-70.6874999996865,-15.9791666668955,6.81983280181885,619
-71.2291666663575,-16.5208333335665,5.38333320617676,307
-66.6458333329875,-19.6458333335915,8.61800003051758,151
-70.7708333330205,-16.7291666669015,16.0346698760986,94
-68.4374999996685,-21.9791666669435,7.50649976730347,45
-69.1041666663405,-24.5625000002975,10.4106702804565,12
-68.2291666663335,-26.1041666669765,3.30733299255371,70
-69.0624999996735,-27.1041666669845,5.7649998664856,62
-75.1458333330555,-13.6875000002105,5.21250009536743,651
-67.3958333329935,-19.8125000002595,8.26850032806396,165
-67.1041666663245,-18.7291666669175,8.97649955749512,329
-70.5624999996855,-15.8541666668945,6.04933309555054,749
-75.7291666663935,-13.1458333335395,6.80916595458984,555
-70.2291666663495,-16.3125000002315,5.05683279037476,667
-66.5624999996535,-20.4791666669315,9.94799995422363,156
-68.4791666663355,-19.3958333335895,7.24233293533325,149
-67.2291666663255,-24.3541666669625,5.80916595458984,82
-72.2291666663655,-15.7708333335605,14.6583299636841,151
-74.2708333330485,-14.3125000002155,5.15833282470703,768
-70.4791666663515,-14.3125000002155,4.0063328742981,855
-71.4374999996925,-14.8541666668865,6.81216716766357,820
-77.4374999997405,-9.2708333335085,1.71949994564056,927
-66.3541666663185,-25.4791666669715,15.1826696395874,133
-71.0208333330225,-15.3958333335575,2.69083309173584,798
-71.9374999996965,-13.8125000002115,12.2311697006226,747
-68.2291666663335,-24.1041666669605,11.3784999847412,29
-68.3958333330015,-27.4791666669875,1.44799995422363,107
-72.5208333330345,-13.8541666668785,8.2078332901001,954
-73.4791666663755,-15.2708333335565,6.06150007247925,568
-71.5624999996935,-15.7708333335605,2.03800010681152,541
-70.8958333330215,-16.0208333335625,2.82666707038879,579
-72.6874999997025,-14.8125000002195,2.0491669178009,765
-74.2291666663815,-14.2291666668815,5.52966594696045,799
-66.7291666663215,-24.9791666669675,7.56583309173584,100
-77.5624999997415,-8.8958333335055,2.16149997711182,996
-68.3958333330015,-23.9375000002925,9.79483318328857,28
-66.8124999996555,-23.9791666669595,7.60166597366333,95
-74.1874999997145,-14.2291666668815,5.13450002670288,811
-72.1458333330315,-13.8125000002115,12.6413297653198,835
-72.1041666663645,-14.6875000002185,4.08033323287964,835
-73.8958333330455,-13.6041666668765,8.31233310699463,903
-68.5624999996695,-19.2708333335885,7.4921669960022,155
-68.7291666663375,-25.2291666669695,6.86366701126099,32
-67.7291666663295,-21.7708333336085,3.84716701507568,82
-72.4791666663675,-14.3541666668825,5.12183284759521,883
-76.7708333330685,-10.9791666668555,5.47533321380615,716
-70.0624999996815,-17.6875000002425,12.2533302307129,100
-65.6874999996465,-22.4791666669475,10.9416704177856,254
-69.2291666663415,-15.3125000002235,7.3061671257019,911
-74.3541666663825,-13.0625000002055,14.2014999389648,666
-71.0624999996895,-13.8958333335455,2.67716693878174,892
-71.8124999996955,-14.9375000002205,3.45683288574219,815
-68.1041666663325,-25.8125000003075,9.17500019073486,40
-65.8541666663145,-23.6875000002905,10.3333301544189,161
-67.6458333329955,-21.1875000002705,5.9433331489563,83
-69.7708333330125,-15.8958333335615,9.57283306121826,906
-68.8541666663385,-16.7708333335685,8.58766746520996,630
-78.0624999997455,-7.4375000001605,16.4860000610352,717
-66.1874999996505,-25.8958333336415,9.00466632843018,173
-68.2291666663335,-23.8958333336255,13.1391696929932,32
-71.1041666663565,-13.6875000002105,0.487833291292191,972
-67.8958333329975,-25.3958333336375,5.25283288955688,60
-67.3124999996595,-23.9375000002925,5.65899991989136,77
-72.3124999996995,-13.7708333335445,8.38700008392334,938
-69.1041666663405,-20.8125000002675,11.7795000076294,25
-66.1874999996505,-26.2291666669775,8.35233306884766,174
-68.6041666663365,-26.7708333336485,-1.95616698265076,117
-67.1041666663245,-20.1875000002625,8.7901668548584,156
-77.3124999997395,-10.1875000001825,5.44233322143555,573
-70.1041666663485,-15.2291666668895,9.17033290863037,690
-71.9374999996965,-13.3958333335415,8.87766647338867,744
-69.0208333330065,-25.1875000003025,6.38216686248779,38
-69.9791666663475,-17.1041666669045,3.21950006484985,461
-65.6041666663125,-23.7708333336245,7.91216707229614,198
-66.6458333329875,-20.6041666669325,10.0516700744629,144
-76.0624999997295,-11.1875000001905,5.50050020217896,992
-66.8124999996555,-26.5208333336465,10.5459995269775,102
-76.7291666664015,-11.1875000001905,3.83733296394348,742
-68.2708333330005,-20.5208333335985,7.12783288955688,76
-66.0208333329825,-24.3125000002955,8.6336669921875,154
-70.6874999996865,-14.6041666668845,5.67549991607666,813
-78.3124999997475,-7.5208333334945,11.6803302764893,791
-67.6041666663285,-27.1458333336515,12.4898300170898,99
-66.3958333329855,-21.4791666669395,7.98400020599365,171
-67.4374999996605,-17.8958333335775,9.13733291625977,338
-67.9374999996645,-22.9375000002845,8.8725004196167,49
-66.1041666663165,-21.6875000002745,8.51900005340576,214
-72.1458333330315,-13.3125000002075,13.5618295669556,586
-67.9791666663315,-18.8125000002515,8.10299968719482,235
-67.4374999996605,-26.9791666669835,4.78133296966553,116
-75.2708333330565,-13.1458333335395,2.90199995040894,725
-70.8124999996875,-14.5625000002175,3.28783297538757,910
-73.2708333330405,-14.6458333335515,4.60366678237915,850
-77.5624999997415,-9.4375000001765,11.9946699142456,572
-65.8124999996475,-22.8125000002835,10.837329864502,200
-69.3541666663425,-20.3541666669305,15.4416704177856,13
-73.8958333330455,-15.3125000002235,6.31633281707764,512
-70.4374999996845,-14.9375000002205,7.45833301544189,747
-69.5208333330105,-17.4791666669075,7.11199998855591,326
-66.0624999996495,-24.4375000002965,5.06750011444092,173
-67.5624999996615,-21.1458333336035,6.81966686248779,81
-65.2291666663095,-22.8958333336175,9.39016628265381,267
-69.8124999996795,-14.8541666668865,8.24783325195312,727
-67.8541666663305,-20.5208333335985,7.82733297348022,95
-72.8958333330375,-13.8958333335455,14.5446701049805,1050
-67.6458333329955,-25.6458333336395,10.4925003051758,52
-71.8958333330295,-14.9791666668875,2.12933301925659,802
-66.7708333329885,-19.8541666669265,8.78316688537598,130
-66.9791666663235,-22.4375000002805,4.51933288574219,112
-67.8124999996635,-27.2291666669855,13.7325000762939,82
-73.8958333330455,-13.3541666668745,12.3076696395874,871
-74.2291666663815,-14.4375000002165,5.38783311843872,754
-69.1874999996745,-26.3958333336455,8.79833316802979,31
-67.5208333329945,-24.3958333336295,9.68783378601074,64
-69.1041666663405,-26.9791666669835,6.28049993515015,55
-77.7291666664095,-9.5208333335105,8.14150047302246,547
-68.9374999996725,-24.4791666669635,11.1711702346802,13
-68.1874999996665,-20.0208333335945,7.15283298492432,115
-75.3541666663905,-11.6875000001945,8.65466690063477,958
-68.5624999996695,-26.9791666669835,1.25933301448822,97
-65.8541666663145,-23.0208333336185,10.7655000686646,179
-67.0208333329905,-19.3125000002555,9.14966678619385,208
-66.9374999996565,-19.1458333335875,9.36466693878174,254
-69.1041666663405,-28.0208333336585,1.51766705513,109
-71.6458333330275,-13.8541666668785,5.64983320236206,913
-67.5208333329945,-18.6458333335835,8.6031665802002,283
-66.2708333329845,-23.6041666669565,7.66633319854736,142
-68.4374999996685,-27.3125000003195,1.46000003814697,101
-70.2708333330165,-14.9375000002205,7.13899993896484,768
-69.3958333330095,-20.0625000002615,14.4601697921753,16
-66.5624999996535,-21.2708333336045,8.27783298492432,150
-73.8958333330455,-14.4375000002165,4.22100019454956,867
-68.6458333330035,-26.0625000003095,4.11350011825562,55
-68.5624999996695,-17.9791666669115,6.65133285522461,365
-73.3541666663745,-14.5625000002175,4.96783304214478,896
-74.3124999997155,-13.1458333335395,12.7931699752808,742
-78.8124999997515,-1.4375000001125,1.82749998569489,626
-66.3124999996515,-22.8541666669505,5.30800008773804,164
-72.7708333330365,-14.8125000002195,1.32000005245209,780
-67.4374999996605,-20.9791666669355,8.39383316040039,81
-67.4374999996605,-20.1041666669285,7.85683298110962,171
-67.1874999996585,-20.0625000002615,8.36016654968262,171
-71.0624999996895,-16.3125000002315,4.47433280944824,393
-69.0208333330065,-19.1458333335875,1.58850002288818,218
-76.8124999997355,-9.1875000001745,8.27016639709473,934
-67.8541666663305,-24.3541666669625,6.89949989318848,52
-76.3124999997315,-10.7708333335205,5.61416721343994,924
-68.3958333330015,-18.4375000002485,7.77716684341431,267
-66.6458333329875,-26.0625000003095,3.21366691589355,152
-66.5208333329865,-22.6875000002825,6.15500020980835,143
-68.8124999996715,-27.2708333336525,-0.711666703224182,107
-65.3541666663105,-23.8125000002915,10.2376699447632,270
-65.8541666663145,-23.1458333336195,10.573169708252,171
-75.9791666663955,-12.7708333335365,11.5725002288818,329
-67.2291666663255,-19.6875000002585,9.20633316040039,159
-69.6041666663445,-16.1041666668965,9.62366676330566,1011
-68.6041666663365,-27.3125000003195,0.11150000244379,101
-76.4791666663995,-10.6458333335195,4.81083297729492,933
-67.3958333329935,-17.5625000002415,7.79500007629395,438
-74.9791666663875,-13.5208333335425,4.41883277893066,739
-68.1874999996665,-19.7291666669255,4.37933301925659,148
-68.3124999996675,-27.0625000003175,-1.80099999904633,129
-76.1458333330635,-11.8958333335295,3.07816696166992,826
-74.6874999997185,-12.5625000002015,12.9743299484253,710
-75.5624999997255,-11.5625000001935,9.18783283233643,790
-67.3958333329935,-26.8541666669825,5.694167137146,108
-65.4374999996445,-23.7708333336245,10.6446695327759,218
-66.7708333329885,-26.5625000003135,10.3590002059937,106
-67.9791666663315,-23.3541666669545,13.4158296585083,45
-67.3124999996595,-21.4375000002725,8.52566719055176,83
-71.6874999996945,-15.5625000002255,1.71333301067352,645
-69.7291666663455,-18.0208333335785,6.98050022125244,200
-70.6041666663525,-16.6458333335675,2.86433291435242,503
-68.3958333330015,-18.1875000002465,4.04866600036621,374
-68.8541666663385,-15.4791666668915,12.0950002670288,925
-66.2708333329845,-25.6458333336395,14.1688299179077,121
-68.5208333330025,-19.7708333335925,6.5770001411438,119
-70.0624999996815,-17.3541666669065,3.76399993896484,361
-68.5208333330025,-28.1041666669925,5.97983407974243,108
-75.1874999997225,-13.8958333335455,7.21333312988281,532
-68.2708333330005,-25.8125000003075,5.59516716003418,51
-67.1458333329915,-17.7291666669095,9.58616638183594,448
-69.1458333330075,-18.1458333335795,-1.06316697597504,404
-76.3541666663985,-10.5208333335185,5.62766599655151,1051
-67.4791666663275,-23.8541666669585,4.26016712188721,77
-70.9374999996885,-14.0625000002135,2.78749990463257,893
-67.9791666663315,-27.4375000003205,6.48483276367188,121
-68.2708333330005,-22.2291666669455,10.2763299942017,40
-74.8541666663865,-14.2708333335485,10.2411699295044,454
-69.8541666663465,-14.7708333335525,7.45166683197021,750
-67.0208333329905,-22.2291666669455,4.69399976730347,112
-69.6874999996785,-14.6875000002185,3.84933400154114,906
-69.3124999996755,-17.1041666669045,6.9685001373291,478
-69.0208333330065,-25.3125000003035,6.17116594314575,42
-68.8958333330055,-21.6458333336075,6.90566682815552,39
-66.8124999996555,-21.3125000002715,9.01200008392334,125
-72.6874999997025,-15.4791666668915,1.51716697216034,585
-74.6874999997185,-13.5625000002095,7.84683322906494,778
-67.5624999996615,-18.1875000002465,9.03400039672852,313
-66.1874999996505,-21.7291666669415,12.1648302078247,213
-67.5624999996615,-23.7708333336245,0.541666686534882,93
-75.6874999997265,-13.4791666668755,13.7581701278687,196
-65.3541666663105,-22.3958333336135,9.09650039672852,307
-68.1041666663325,-26.1458333336435,5.4520001411438,62
-66.1041666663165,-22.0625000002775,9.51200008392334,212
-67.3958333329935,-24.2708333336285,7.73199987411499,66
-75.7291666663935,-12.1875000001985,6.10966682434082,788
-69.1041666663405,-21.1458333336035,13.5331697463989,15
-67.0624999996575,-17.7291666669095,9.61966705322266,480
-68.2708333330005,-21.7708333336085,3.32683300971985,66
-76.1458333330635,-11.9375000001965,2.49550008773804,839
-65.5208333329785,-23.6875000002905,11.5356702804565,212
-65.2291666663095,-23.4375000002885,8.9995002746582,237
-68.7708333330045,-21.5208333336065,5.33416700363159,49
-76.2291666663975,-11.4375000001925,3.54150009155273,1045
-69.2291666663415,-24.4375000002965,12.6518297195435,9
-71.3541666663585,-14.7291666668855,6.52400016784668,850
-67.5208333329945,-26.4375000003125,11.6463298797607,60
-67.6458333329955,-26.5625000003135,7.96166706085205,82
-70.7708333330205,-14.8541666668865,6.75099992752075,764
-68.1874999996665,-19.7708333335925,5.67950010299683,136
-65.8958333329815,-22.6875000002825,9.44099998474121,207
-68.8124999996715,-20.6458333335995,3.75349998474121,77
-69.4791666663435,-16.4375000002325,7.82516717910767,796
-78.1041666664125,-8.1458333334995,11.6584997177124,506
-68.0208333329985,-19.0625000002535,8.09483337402344,201
-66.7291666663215,-24.2708333336285,0.408499985933304,145
-66.6458333329875,-20.9375000002685,9.33450031280518,143
-75.1041666663885,-12.1041666668645,8.00583362579346,948
-68.4791666663355,-24.6875000002985,2.02250003814697,54
-76.3124999997315,-11.0625000001895,4.29150009155273,970
-71.4791666663595,-13.8125000002115,7.77016592025757,789
-76.5208333330665,-10.5625000001855,5.51333284378052,908
-71.1041666663565,-14.2291666668815,5.32083320617676,835
-68.8958333330055,-20.1875000002625,4.93966722488403,89
-66.7708333329885,-22.9375000002845,5.96316719055176,117
-78.4374999997485,-6.8958333334895,8.66666698455811,1151
-70.1874999996825,-15.6875000002265,9.32183361053467,621
-69.4374999996765,-18.2291666669135,1.8038330078125,302
-67.4791666663275,-17.1875000002385,10.2016696929932,479
-67.4791666663275,-19.8541666669265,8.06966686248779,165
-69.4374999996765,-28.4375000003285,2.33866691589355,105
-66.1041666663165,-24.3125000002955,7.61966705322266,147
-66.8541666663225,-26.4791666669795,9.86533355712891,102
-66.5624999996535,-24.2291666669615,4.58066701889038,126
-68.6041666663365,-23.6041666669565,13.9293298721313,21
-68.6041666663365,-28.5625000003295,10.3175001144409,139
-68.5208333330025,-18.6041666669165,7.53683280944824,248
-67.8124999996635,-19.2708333335885,8.28999996185303,181
-72.0624999996975,-14.8125000002195,3.52950000762939,801
-68.9374999996725,-26.0625000003095,4.54416704177856,45
-65.0624999996415,-22.7708333336165,13.1886701583862,355
-66.4374999996525,-23.0625000002855,7.21549987792969,138
-74.8958333330535,-13.8541666668785,7.21416711807251,654
-66.1874999996505,-25.9375000003085,7.31266593933105,181
-68.6874999996705,-28.6875000003305,10.5384998321533,135
-66.1874999996505,-22.8541666669505,8.06849956512451,169
-67.6458333329955,-23.9375000002925,6.66866683959961,61
-65.8958333329815,-23.1458333336195,10.5993299484253,167
-68.8541666663385,-21.4375000002725,4.9398341178894,52
-67.2708333329925,-19.6041666669245,9.00416660308838,159
-68.6874999996705,-19.9791666669275,2.63133311271667,128
-71.0208333330225,-16.1041666668965,5.44583320617676,436
-72.0624999996975,-14.3958333335495,9.46599960327148,936
-67.3958333329935,-17.2291666669055,8.4156665802002,493
-67.4791666663275,-20.8125000002675,8.6870002746582,100
-77.1041666664045,-9.4375000001765,7.38716697692871,833
-68.8958333330055,-24.9375000003005,7.39366722106934,30
-77.9374999997445,-8.4791666668355,6.05416679382324,847
-66.9791666663235,-20.4791666669315,9.64883327484131,137
-68.8124999996715,-28.2291666669935,0.216166600584984,120
-66.6874999996545,-20.5208333335985,9.51233386993408,141
-76.2708333330645,-10.6458333335195,5.42116689682007,1050
-71.8541666663625,-13.6458333335435,6.78816699981689,902
-67.2291666663255,-22.4375000002805,3.66333293914795,101
-76.2291666663975,-11.1458333335235,5.52633285522461,905
-68.7708333330045,-24.0625000002935,10.7223300933838,17
-68.1458333329995,-27.2708333336525,7.32866716384888,79
-68.3124999996675,-22.6875000002825,9.20766639709473,36
-71.1458333330235,-15.2708333335565,2.45000004768372,816
-67.8124999996635,-26.5625000003135,3.95633292198181,92
-70.3541666663505,-15.3541666668905,8.5508337020874,715
-67.3958333329935,-22.5625000002815,3.60750007629395,90
-68.6458333330035,-23.8541666669585,12.0605001449585,20
-66.7708333329885,-23.3958333336215,7.71483278274536,105
-71.1041666663565,-14.4375000002165,5.40100002288818,855
-67.1874999996585,-19.5625000002575,9.19250011444092,166
-68.1874999996665,-24.0208333336265,11.433500289917,31
-68.7291666663375,-20.0625000002615,3.21399998664856,118
-68.6874999996705,-19.0625000002535,3.73433303833008,228
-78.1458333330795,-8.0208333334985,11.9791698455811,612
-68.6041666663365,-27.1875000003185,-4.54616594314575,145
-74.3958333330495,-12.6041666668685,12.3331699371338,807
-67.6041666663285,-17.7291666669095,8.74916553497314,354
-68.5624999996695,-27.8958333336575,2.66366696357727,115
-68.6041666663365,-24.1458333336275,11.2421703338623,21
-72.2708333330325,-14.9375000002205,1.80283296108246,754
-77.1041666664045,-10.8125000001875,4.73699998855591,625
-76.2708333330645,-12.0625000001975,4.75799989700317,659
-66.1874999996505,-26.2291666669775,8.35233306884766,174
-70.2708333330165,-16.0208333335625,4.27883291244507,781
-66.8958333329895,-26.1875000003105,4.22049999237061,124
-67.2708333329925,-18.5208333335825,9.02383327484131,320
-71.2708333330245,-14.0208333335465,3.26166701316833,918
-72.4374999997005,-13.9791666668795,8.33899974822998,917
-69.6041666663445,-16.6875000002345,7.99700021743774,570
-67.1458333329915,-26.7708333336485,8.03800010681152,103
-68.4374999996685,-17.7708333335765,8.22299957275391,365
-67.6874999996625,-25.6458333336395,10.1940002441406,50
-77.6458333330755,-8.8125000001715,4.53900003433228,871
-68.3124999996675,-18.6875000002505,7.78316593170166,232
-68.0624999996655,-24.9375000003005,6.72383403778076,46
-69.8124999996795,-17.2708333335725,5.72833299636841,355
-68.1874999996665,-24.9375000003005,4.45816707611084,52
-67.6874999996625,-24.8125000002995,9.17416667938232,123
-66.3124999996515,-26.3125000003115,2.41199994087219,193
-69.0208333330065,-27.6458333336555,-0.108499996364117,121
-66.3541666663185,-26.1875000003105,6.96883296966553,161
-67.8124999996635,-23.5625000002895,5.47283411026001,64
-66.1041666663165,-25.2708333336365,13.0341701507568,160
-76.8124999997355,-9.1875000001745,8.27016639709473,934
-74.4791666663835,-13.3958333335415,6.42033290863037,895
-66.5624999996535,-23.3125000002875,7.47149991989136,122
-68.1041666663325,-19.0625000002535,7.94449996948242,189
-66.8124999996555,-19.3125000002555,9.52950000762939,222
-72.2708333330325,-15.2291666668895,3.81399989128113,601
-70.4374999996845,-17.0208333335705,1.76600003242493,455
-65.7291666663135,-24.6875000002985,10.6169996261597,208
-73.7708333330445,-13.8541666668785,11.8854999542236,859
-67.6874999996625,-18.1458333335795,6.67799997329712,346
-68.4791666663355,-25.2708333336365,2.79283308982849,55
-67.3958333329935,-25.1875000003025,6.91783285140991,69
-68.6041666663365,-27.7291666669895,1.64566695690155,118
-66.8124999996555,-26.7291666669815,9.46316623687744,115
-77.8958333330775,-7.8125000001635,14.8070001602173,771
-76.0208333330625,-10.4375000001845,5.2558331489563,1382
-75.7708333330605,-12.2708333335325,6.9453330039978,727
-70.1041666663485,-16.6458333335675,1.78400003910065,611
-68.3541666663345,-23.2291666669535,14.1934995651245,30
-78.1458333330795,-8.0625000001655,13.3125,502
-72.7291666663695,-15.6458333335595,3.05283308029175,476
-74.4791666663835,-12.5625000002015,8.38866710662842,959
-65.8124999996475,-22.8541666669505,10.8131704330444,196
-69.0624999996735,-26.8541666669825,6.5460000038147,52
-68.4374999996685,-23.9791666669595,8.97116661071777,29
-74.2291666663815,-13.2291666668735,12.6486701965332,782
-66.9374999996565,-24.3958333336295,7.33966684341431,87
-70.1874999996825,-16.6458333335675,1.97933304309845,591
-65.9791666663155,-22.6041666669485,9.79033374786377,201
-67.3541666663265,-19.1458333335875,8.54233360290527,226
-71.1458333330235,-16.0208333335625,3.58816695213318,451
-71.1041666663565,-14.7291666668855,3.85899996757507,913
-66.2291666663175,-21.8958333336095,11.5141696929932,203
-66.5208333329865,-23.1458333336195,7.00416707992554,128
-69.4791666663435,-14.8125000002195,3.66783308982849,918
-69.1458333330075,-26.3958333336455,8.69733333587646,32
-73.5208333330425,-14.7708333335525,5.91499996185303,813
-68.6041666663365,-19.9791666669275,5.55416679382324,108
-75.6874999997265,-11.3541666668585,10.4368295669556,598
-66.7708333329885,-23.5625000002895,7.72733402252197,100
-78.3958333330815,-7.2291666668255,14.9178304672241,738
-67.2291666663255,-18.9791666669195,8.67333316802979,266
-72.4791666663675,-15.2708333335565,3.28550004959106,584
-68.8124999996715,-28.1458333336595,0.186166703701019,121
-75.3958333330575,-12.3125000001995,7.51900005340576,822
-66.8541666663225,-23.9375000002925,6.25899982452393,97
-77.3958333330735,-10.3125000001835,4.64550018310547,599
-75.8541666663945,-11.8541666668625,5.62683296203613,855
-74.6041666663845,-14.3958333335495,8.97666645050049,599
-68.8541666663385,-20.4375000002645,4.49833297729492,80
-67.9791666663315,-25.3125000003035,6.46000003814697,54
-69.4374999996765,-29.3958333336695,2.21300005912781,124
-76.4791666663995,-11.3125000001915,2.31066703796387,925
-65.6458333329795,-24.6041666669645,11.1428298950195,274
-71.6874999996945,-15.8125000002275,1.16050004959106,561
-66.3958333329855,-21.3958333336055,7.8046669960022,169
-68.3124999996675,-26.4791666669795,3.13883304595947,84
-65.8124999996475,-23.2291666669535,10.0214996337891,171
-78.0208333330785,-8.3125000001675,14.7451696395874,385
-76.7708333330685,-10.8958333335215,5.84749984741211,709
-70.9791666663555,-14.0208333335465,3.84400010108948,868
-66.1041666663165,-23.3125000002875,9.19983291625977,157
-66.7708333329885,-24.5625000002975,7.35016679763794,98
-74.0208333330465,-13.7708333335445,9.67216682434082,867
-68.9791666663395,-19.8541666669265,4.81300020217896,109
-67.1041666663245,-19.8125000002595,8.70716667175293,140
-68.8958333330055,-26.1041666669765,2.98616695404053,53
-76.8958333330695,-9.3125000001755,6.05816698074341,978
-71.1874999996905,-15.6458333335595,2.37066698074341,649
-68.3541666663345,-23.3125000002875,14.1800003051758,30
-74.9374999997205,-12.9791666668715,5.19899988174438,812
-69.4791666663435,-19.8125000002595,14.4638299942017,17
-77.0208333330705,-10.6041666668525,5.91300010681152,680
-68.7291666663375,-24.2708333336285,10.8304996490479,19
-75.7291666663935,-13.1458333335395,6.80916595458984,555
-77.1041666664045,-10.0625000001815,3.61533308029175,737
-69.1874999996745,-29.2708333336685,5.38616704940796,108
-77.8124999997435,-8.2708333335005,8.14383316040039,897
-66.0624999996495,-23.1875000002865,9.29100036621094,160
-71.3958333330255,-14.6875000002185,6.69000005722046,857
-67.3541666663265,-17.3125000002395,7.76749992370605,506
-67.5624999996615,-26.9375000003165,2.38433289527893,121
-69.1458333330075,-27.1875000003185,3.54783296585083,69
-67.5208333329945,-25.1041666669685,7.27033281326294,62
-67.4374999996605,-18.7708333335845,8.81483364105225,271
-66.6041666663205,-23.6041666669565,5.93900012969971,121
-73.5208333330425,-15.7291666668935,12.8456697463989,118
-68.1041666663325,-25.3958333336375,6.58699989318848,49
-65.6874999996465,-21.9375000002765,11.3514995574951,312
-75.9791666663955,-10.9791666668555,5.56383323669434,1082
-71.9791666663635,-14.7291666668855,4.30283403396606,837
-78.1458333330795,-8.1041666668325,13.4134998321533,479
-74.5624999997175,-14.1041666668805,6.43583297729492,703
-66.1458333329835,-23.6875000002905,10.1903295516968,143
-66.4791666663195,-23.3125000002875,6.75549983978271,133
-65.9374999996485,-21.8541666669425,10.4843301773071,252
-68.7291666663375,-17.1875000002385,9.37566661834717,471
-73.7708333330445,-15.5625000002255,13.4078302383423,129
-69.3541666663425,-19.9791666669275,12.667329788208,27
-67.5208333329945,-17.6458333335755,8.85583305358887,374
-73.4374999997085,-15.2708333335565,7.19733285903931,522
-76.0208333330625,-11.9375000001965,2.63549995422363,874
-68.7708333330045,-26.2708333336445,3.09599995613098,63
-76.3958333330655,-11.1875000001905,3.39199995994568,958
-74.6458333330515,-14.1041666668805,5.22533321380615,711
-75.0208333330545,-14.0208333335465,14.8241701126099,208
-76.3958333330655,-10.9791666668555,3.88866710662842,954
-68.4374999996685,-27.6458333336555,3.05583310127258,107
-67.3541666663265,-19.2708333335885,8.59549999237061,205
-70.0208333330145,-17.2708333335725,4.60500001907349,365
-72.7291666663695,-15.1875000002225,4.194167137146,594
-69.0208333330065,-19.1458333335875,1.58850002288818,218
-67.9791666663315,-19.6875000002585,7.08466720581055,141
-69.0208333330065,-25.8958333336415,5.28233289718628,38
-67.9791666663315,-22.4375000002805,2.11899995803833,72
-68.6041666663365,-18.2708333335805,6.40633296966553,327
-65.9791666663155,-23.8541666669585,9.47883319854736,154
-69.0208333330065,-17.7291666669095,5.42766714096069,395
-67.1041666663245,-20.3541666669305,8.50150012969971,169
-76.8124999997355,-9.5208333335105,9.90416622161865,811
-68.1041666663325,-19.7291666669255,7.55483293533325,131
-68.4374999996685,-19.2708333335885,7.51550006866455,163
-70.0208333330145,-17.1458333335715,4.78233289718628,427
-72.8958333330375,-15.1458333335555,10.3435001373291,525
-70.1458333330155,-15.0625000002215,8.04833316802979,745
-67.2708333329925,-20.3541666669305,8.12899971008301,144
-68.1041666663325,-27.5625000003215,6.21449995040894,106
-66.1458333329835,-23.1041666669525,8.22566699981689,158
-70.4374999996845,-15.9375000002285,4.18100023269653,770
-66.0208333329825,-23.3958333336215,9.13933277130127,158
-70.3958333330175,-14.3958333335495,4.1643328666687,863
-73.4374999997085,-14.1875000002145,6.38033294677734,947
-68.8958333330055,-27.3125000003195,0.581166684627533,99
-68.2291666663335,-24.0625000002935,11.8523302078247,29
-70.6458333330195,-14.9375000002205,7.15216684341431,750
-69.5208333330105,-18.1041666669125,-0.0158333200961351,344
-68.1458333329995,-19.6041666669245,7.45116710662842,155
-67.3541666663265,-20.9375000002685,8.33083343505859,85
-69.2708333330085,-16.9791666669035,8.30599975585938,516
-67.8958333329975,-18.1875000002465,7.74450016021729,309
-66.6041666663205,-26.3958333336455,6.92616701126099,133
-65.8124999996475,-24.2291666669615,8.60866641998291,168
-77.7291666664095,-9.1041666668405,13.6494998931885,444
-74.8958333330535,-14.0625000002135,6.0911660194397,637
-66.3958333329855,-24.2708333336285,7.19950008392334,130
-72.5624999997015,-15.1458333335555,1.75499999523163,661
-68.1458333329995,-20.2291666669295,6.85383319854736,128
-74.6874999997185,-14.5625000002175,9.6163330078125,515
-67.6874999996625,-25.5625000003055,6.73333406448364,65
-67.9374999996645,-20.3541666669305,7.80933284759521,88
-66.6458333329875,-26.2708333336445,3.94849991798401,149
-75.2291666663895,-12.9375000002045,3.47049999237061,711
-75.3124999997235,-13.1041666668725,5.55166721343994,668
-68.6458333330035,-23.8958333336255,12.2463302612305,20
-65.9374999996485,-24.8958333336335,8.77016639709473,179
-68.6458333330035,-20.8958333336015,4.43249988555908,73
-68.4374999996685,-20.9791666669355,2.20516705513,84
-66.4374999996525,-24.3125000002955,4.99550008773804,136
-67.9791666663315,-19.6458333335915,7.59433317184448,143
-68.2708333330005,-26.2291666669775,-0.292666703462601,91
-66.7708333329885,-23.9791666669595,7.52366590499878,100
-74.7291666663855,-13.3541666668745,2.69483304023743,864
-71.6874999996945,-13.9791666668795,6.89566707611084,885
-69.1874999996745,-19.6875000002585,7.29099988937378,95
-76.7291666664015,-10.3125000001835,5.09283304214478,882
-66.8958333329895,-26.4791666669795,9.52349853515625,102
-71.5208333330265,-15.7291666668935,0.278166592121124,632
-67.1874999996585,-26.1041666669765,3.63883304595947,108
-68.7291666663375,-17.0625000002375,9.06400012969971,514
-74.6041666663845,-13.5625000002095,9.85750007629395,820
-67.4791666663275,-22.8125000002835,3.98433303833008,81
-70.5624999996855,-15.0208333335545,6.635666847229,806
-68.7291666663375,-24.9791666669675,6.982666015625,29
-71.8541666663625,-14.5625000002175,6.194167137146,908
-76.8541666664025,-10.2291666668495,4.14333295822144,854
-67.3541666663265,-20.9375000002685,8.33083343505859,85
-73.4791666663755,-13.6041666668765,11.255669593811,977
-68.1458333329995,-19.1875000002545,7.54833316802979,181
-73.7708333330445,-15.0625000002215,11.3509998321533,408
-68.1874999996665,-19.8958333335935,7.1414999961853,124
-70.2708333330165,-14.6875000002185,6.68849992752075,762
-67.1874999996585,-26.3541666669785,6.28649997711182,101
-69.6874999996785,-17.1875000002385,5.1725001335144,416
-68.8124999996715,-21.3958333336055,4.46950006484985,54
-66.5624999996535,-25.4791666669715,5.7558331489563,132
-68.0208333329985,-23.4791666669555,14.087329864502,44
-66.6874999996545,-20.2291666669295,5.38683319091797,151
-66.3124999996515,-21.4791666669395,7.04166698455811,182
-67.2291666663255,-20.9791666669355,8.9694995880127,94
-74.3124999997155,-12.8541666668705,17.7528305053711,549
-67.8541666663305,-20.4375000002645,7.60883283615112,104
-75.8541666663945,-11.9791666668635,5.68066596984863,792
-74.9791666663875,-12.6458333335355,7.99933290481567,825
-66.1874999996505,-26.0208333336425,7.03900003433228,170
-78.1041666664125,-8.1041666668325,11.1188297271729,620
-67.8958333329975,-25.1875000003025,1.59483301639557,79
-66.8958333329895,-20.8125000002675,9.82199954986572,148
-76.4791666663995,-11.7708333335285,2.65133309364319,814
-76.7291666664015,-10.3958333335175,3.38516688346863,919
-72.4374999997005,-13.7291666668775,15.1809997558594,1020
-68.3124999996675,-26.8125000003155,-1.86566698551178,115
-76.0208333330625,-11.0625000001895,6.41683292388916,980
-73.7291666663775,-15.4375000002245,7.64633321762085,422
-68.1458333329995,-26.4791666669795,5.59183311462402,67
-67.2291666663255,-17.6458333335755,9.18783378601074,445
-73.9374999997125,-14.1458333335475,11.0283298492432,783
-67.6041666663285,-20.6458333335995,7.99350023269653,82
-67.9374999996645,-23.1458333336195,10.7763299942017,47
-70.3541666663505,-15.8541666668945,5.7271671295166,793
-69.8541666663465,-14.6875000002185,4.37716722488403,902
-77.9374999997445,-8.4791666668355,6.05416679382324,847
-65.6874999996465,-21.8125000002755,10.8024997711182,303
-69.0208333330065,-24.5208333336305,10.9948301315308,12
-66.6458333329875,-23.2708333336205,8.02266693115234,115
-68.5624999996695,-19.8958333335935,5.49666690826416,112
-66.6458333329875,-25.8541666669745,4.72183322906494,130
-76.3124999997315,-11.9375000001965,3.74016690254211,731
-71.1458333330235,-15.8541666668945,3.58416700363159,494
-76.5624999997335,-10.4375000001845,5.27083301544189,958
-73.6458333330435,-13.6041666668765,7.60200023651123,979
-69.5624999996775,-28.3541666669945,-2.39949989318848,151
-69.2291666663415,-24.8125000002995,10.7338304519653,12
-70.6458333330195,-15.6041666668925,4.22466707229614,856
-66.3958333329855,-24.0208333336265,6.12733316421509,132
-69.0624999996735,-28.3958333336615,2.75233292579651,104
-68.2291666663335,-23.2708333336205,14.0871696472168,35
-73.3124999997075,-14.5625000002175,5.37383317947388,879
-65.2708333329765,-23.0625000002855,8.06366634368896,242
-67.4791666663275,-20.9791666669355,8.58349990844727,80
-66.3541666663185,-21.1041666669365,8.04850006103516,174
-67.3124999996595,-21.0625000002695,8.01249980926514,88
-67.6874999996625,-25.4375000003045,6.12283277511597,63
-71.3541666663585,-14.7708333335525,6.80516719818115,833
-72.8124999997035,-15.3958333335575,2.83349990844727,571
-69.3541666663425,-17.9375000002445,4.48833322525024,318
-69.1041666663405,-26.1041666669765,7.74166679382324,28
-65.2291666663095,-23.6041666669565,11.8036699295044,288
-67.3541666663265,-19.1041666669205,8.59700012207031,230
-74.7708333330525,-13.2291666668735,3.95233297348022,862
-67.8124999996635,-26.6458333336475,6.75233316421509,79
-70.8124999996875,-16.7291666669015,15.5766696929932,100
-68.4374999996685,-21.0625000002695,4.17899990081787,73
-72.2708333330325,-15.7291666668935,14.9630002975464,160
-69.1458333330075,-26.9791666669835,5.67533302307129,54
-68.2708333330005,-23.5208333336225,14.0144996643066,32
-68.2708333330005,-27.8125000003235,5.73150014877319,110
-75.5624999997255,-12.7708333335365,4.20050001144409,663
-69.0208333330065,-27.4791666669875,1.23233294487,97
-70.7708333330205,-15.4791666668915,3.56116700172424,855
-69.8124999996795,-17.2291666669055,5.6171669960022,376
-76.3541666663985,-11.9791666668635,5.87849998474121,566
-68.8958333330055,-24.6458333336315,11.0128297805786,16
-67.5624999996615,-21.4375000002725,7.4064998626709,71
-68.4374999996685,-19.8958333335935,5.14183282852173,124
-65.7708333329805,-24.3958333336295,10.0246696472168,184
-67.1874999996585,-24.1041666669605,8.06083297729492,73
-66.8124999996555,-19.8541666669265,8.68433380126953,129
-67.5624999996615,-24.1458333336275,9.51466655731201,58
-69.7708333330125,-17.5625000002415,2.76633310317993,345
-68.3124999996675,-21.5625000002735,6.73400020599365,55
-77.4791666664075,-8.7291666668375,8.86316680908203,736
-65.4374999996445,-22.1875000002785,11.0881700515747,330
-70.1874999996825,-15.8958333335615,8.01099967956543,713
-69.1874999996745,-14.8541666668865,2.87766695022583,943
-75.5208333330585,-13.1875000002065,6.75766706466675,608
-68.1874999996665,-20.2708333335965,6.85883283615112,119
-73.3958333330415,-15.6875000002265,13.0921697616577,124
-66.8124999996555,-23.7708333336245,7.12966680526733,99
-68.2708333330005,-25.1458333336355,4.42000007629395,50
-66.6458333329875,-21.9791666669435,6.75516700744629,138
-77.3541666664065,-9.2708333335085,3.60599994659424,881
-68.1458333329995,-22.9375000002845,13.7340002059937,40
-74.8958333330535,-13.1041666668725,3.19799995422363,854
-76.8541666664025,-10.1458333335155,4.40483283996582,863
-71.4374999996925,-13.6041666668765,8.22716617584229,706
-68.9791666663395,-20.0208333335945,2.33283305168152,119
-67.2708333329925,-26.0625000003095,6.66733312606812,87
-72.3124999996995,-14.9791666668875,1.88766694068909,724
-74.9791666663875,-14.0208333335465,10.7329998016357,413
-71.5208333330265,-16.3125000002315,12.9531698226929,120
-67.4374999996605,-25.1458333336355,10.0276699066162,56
-66.3124999996515,-24.8958333336335,6.62916707992554,164
-66.2291666663175,-21.7291666669415,11.993670463562,205
-69.3124999996755,-20.2708333335965,13.9026699066162,18
-69.3541666663425,-14.5625000002175,5.98116683959961,882
-68.8124999996715,-21.3125000002715,4.25099992752075,57
-76.8958333330695,-9.3125000001755,6.05816698074341,978
-67.0208333329905,-23.7708333336245,5.16033315658569,96
-71.9374999996965,-14.4375000002165,7.34149980545044,945
-66.2291666663175,-25.3125000003035,15.085000038147,156
-75.4791666663915,-13.3541666668745,11.1138296127319,417
-70.2291666663495,-14.3541666668825,6.07933282852173,762
-70.1458333330155,-16.4375000002325,5.1328330039978,642
-66.8541666663225,-24.2291666669615,5.31300020217896,101
-66.6874999996545,-22.1875000002785,2.81066703796387,149
-69.8541666663465,-17.4791666669075,0.0188333000987768,418
-74.3541666663825,-13.1041666668725,12.6546697616577,773
-68.6874999996705,-21.1041666669365,3.42199993133545,68
-69.3541666663425,-17.7708333335765,6.54766702651978,319
-78.4791666664155,-6.8541666668225,10.3653297424316,1077
-72.0624999996975,-15.8958333335615,5.77633285522461,329
-68.8124999996715,-28.6875000003305,6.96400022506714,129
-75.7291666663935,-11.6041666668605,7.58866691589355,833
-76.6041666664005,-10.4375000001845,4.29133319854736,953
-68.4374999996685,-28.5625000003295,13.1198301315308,110
-68.7708333330045,-26.2708333336445,3.09599995613098,63
-72.0624999996975,-14.9375000002205,2.97866702079773,770
-67.2291666663255,-26.6458333336475,6.95866680145264,100
-67.9791666663315,-19.8125000002595,7.52166700363159,140
-70.8124999996875,-16.3125000002315,3.41433310508728,510
-66.9374999996565,-20.3541666669305,9.21883296966553,146
-75.7291666663935,-12.7708333335365,4.68050003051758,653
-75.0624999997215,-13.6875000002105,4.86950016021729,667
-73.8958333330455,-15.1041666668885,14.3838300704956,220
-72.5208333330345,-15.4791666668915,1.36866700649261,582
-70.6041666663525,-15.4791666668915,4.21166706085205,912
-76.3124999997315,-11.6875000001945,2.25950002670288,892
-76.3124999997315,-11.7708333335285,7.642333984375,497
-67.3541666663265,-24.4791666669635,8.66800022125244,64
-67.0624999996575,-26.1458333336435,3.97266697883606,115
-67.8124999996635,-27.3541666669865,14.3891696929932,85
-67.8124999996635,-23.3125000002875,7.90700006484985,55
-74.0208333330465,-13.8541666668785,6.90450000762939,892
-67.3124999996595,-21.6041666669405,8.0446662902832,85
-67.9374999996645,-19.5208333335905,7.83383321762085,157
-69.1041666663405,-16.8958333335695,8.69033336639404,570
-68.3958333330015,-21.6875000002745,2.33983302116394,70
-67.3124999996595,-22.3125000002795,5.28666687011719,89
-73.4791666663755,-13.8958333335455,7.03900003433228,913
-71.2291666663575,-13.4375000002085,6.00750017166138,819
-74.3124999997155,-14.3541666668825,4.95933294296265,763
-77.1874999997385,-9.6041666668445,9.58699989318848,791
-67.5208333329945,-21.3958333336055,7.91733407974243,72
-66.4374999996525,-20.8541666669345,9.59166717529297,167
-68.1041666663325,-20.8125000002675,6.49249982833862,77
-68.3541666663345,-19.3541666669225,6.16683292388916,166
-68.6874999996705,-26.5625000003135,0.207333296537399,89
-69.1874999996745,-26.3958333336455,8.79833316802979,31
-69.3958333330095,-28.7708333336645,-0.4375,124
-66.8541666663225,-23.3125000002875,4.35633277893066,112
-68.3958333330015,-21.8958333336095,-0.553666710853577,93
-71.8958333330295,-14.9375000002205,2.58866691589355,813
-67.9791666663315,-20.3125000002635,7.41216707229614,89
-73.0624999997055,-14.8541666668865,2.98733305931091,757
-68.0208333329985,-26.4791666669795,3.1261670589447,86
-65.8124999996475,-24.0208333336265,6.67266702651978,174
-72.0624999996975,-14.6875000002185,5.87033319473267,838
-69.4374999996765,-29.3958333336695,2.21300005912781,124
-68.3958333330015,-19.6875000002585,7.34916687011719,125
-66.2291666663175,-24.6875000002985,10.0871696472168,150
-67.8958333329975,-26.8541666669825,5.37449979782104,93
-68.6041666663365,-27.5208333336545,3.48583292961121,91
-66.9791666663235,-21.3125000002715,9.10400009155273,109
-69.1041666663405,-28.9791666669995,3.65666699409485,115
-67.4791666663275,-26.6458333336475,9.75766658782959,154
-74.0208333330465,-14.1041666668805,6.78683280944824,856
-66.8124999996555,-26.2708333336445,5.47650003433228,126
-66.2708333329845,-25.8125000003075,14.5663299560547,112
-69.4374999996765,-28.0208333336585,4.66333293914795,84
-71.0208333330225,-13.9791666668795,3.23516702651978,878
-66.1041666663165,-24.0625000002935,7.22583293914795,150
-67.9374999996645,-25.6041666669725,-0.0820000097155571,91
-66.1458333329835,-24.8958333336335,13.0190000534058,167
-73.3541666663745,-14.9375000002205,9.95433330535889,576
-66.3541666663185,-23.1458333336195,8.12950038909912,141
-70.0208333330145,-14.4375000002165,5.19666719436646,816
-71.3124999996915,-13.8958333335455,3.15733289718628,916
-73.9791666663795,-13.2708333335405,11.5183296203613,878
-72.7291666663695,-14.8125000002195,2.53500008583069,764
-67.7708333329965,-18.4375000002485,8.19600009918213,283
-67.0208333329905,-25.2708333336365,7.09883308410645,88
-68.3124999996675,-18.1875000002465,5.20599985122681,359
-68.1041666663325,-20.8541666669345,5.45349979400635,79
-69.6041666663445,-14.4791666668835,5.32616710662842,859
-70.5208333330185,-16.2708333335645,3.11033296585083,626
-72.6041666663685,-13.6875000002105,8.27833366394043,935
-66.8124999996555,-24.9791666669675,6.71449995040894,101
-66.9374999996565,-22.4375000002805,3.92916703224182,119
-67.8958333329975,-23.3958333336215,10.4118299484253,46
-67.8124999996635,-17.3541666669065,8.34049987792969,407
-76.3958333330655,-10.2291666668495,8.3008337020874,1079
-74.6874999997185,-12.4375000002005,9.98900032043457,892
-67.2708333329925,-25.4791666669715,3.81516695022583,94
-65.6458333329795,-24.2291666669615,5.05566692352295,205
-68.4374999996685,-22.3541666669465,11.7700004577637,31
-67.9791666663315,-18.5208333335825,8.02349853515625,267
-71.4791666663595,-14.9791666668875,4.69466590881348,838
-66.5624999996535,-23.1458333336195,7.72066688537598,124
-67.1041666663245,-21.0625000002695,8.90516662597656,99
-67.1874999996585,-26.1458333336435,3.95549988746643,108
-66.1041666663165,-25.4375000003045,12.7591695785522,149
-67.2708333329925,-26.6458333336475,7.56733322143555,96
-69.1458333330075,-28.3125000003275,2.41849994659424,100
-75.1458333330555,-13.0625000002055,3.30983304977417,744
-70.5624999996855,-14.0208333335465,4.1501669883728,860
-69.1458333330075,-27.0208333336505,5.59849977493286,55
-69.2291666663415,-17.8125000002435,5.17783403396606,362
-68.4374999996685,-19.0208333335865,5.51683282852173,217
-70.9791666663555,-15.5625000002255,4.09683322906494,697
-78.2708333330805,-7.9791666668315,6.87599992752075,1011
-68.1041666663325,-23.7708333336245,14.1876697540283,38
-68.7708333330045,-19.2708333335885,6.1560001373291,166
-75.2291666663895,-13.1875000002065,2.0931670665741,756
-78.3124999997475,-7.4791666668275,11.7136697769165,775
-67.0208333329905,-22.9375000002845,2.97233295440674,111
-67.5208333329945,-26.8541666669825,4.14349985122681,107
-75.6874999997265,-11.5208333335265,8.18216705322266,822
-76.8541666664025,-10.6875000001865,4.56116676330566,722
-73.3541666663745,-14.8541666668865,8.37433338165283,693
-71.6874999996945,-15.3958333335575,1.99183297157288,722
-67.2708333329925,-20.6875000002665,8.82199954986572,93
-69.5208333330105,-15.1041666668885,7.73733282089233,826
-67.8541666663305,-18.3541666669145,8.05550003051758,286
-68.6041666663365,-22.8958333336175,10.7985000610352,26
-74.6458333330515,-14.3958333335495,11.1339998245239,476
-76.3958333330655,-10.7708333335205,4.79333400726318,912
-68.7708333330045,-27.8541666669905,-3.23883295059204,147
-75.4374999997245,-11.8125000001955,10.9138298034668,691
-67.8958333329975,-18.1041666669125,7.68683290481567,318
-70.3541666663505,-15.3541666668905,8.5508337020874,715
-68.5624999996695,-25.8541666669745,4.23133277893066,51
-73.4374999997085,-13.9375000002125,6.84733295440674,933
-68.1458333329995,-18.8125000002515,7.99566698074341,225
-69.9374999996805,-16.7291666669015,3.625,599
-67.5208333329945,-25.4791666669715,10.0916700363159,55
-67.8124999996635,-20.0625000002615,7.15500020980835,162
-77.9791666664115,-8.4375000001685,6.08216714859009,850
-68.6041666663365,-27.1458333336515,-4.0605001449585,143
-70.0208333330145,-16.9375000002365,3.87400007247925,508
-78.2708333330805,-8.0625000001655,7.52699995040894,873
-69.6041666663445,-18.2708333335805,10.0421695709229,159
-75.6458333330595,-13.0208333335385,5.15683317184448,619
-74.1874999997145,-13.5208333335425,10.894829750061,860
-69.6458333330115,-17.2708333335725,6.66533279418945,356
-76.1458333330635,-11.9791666668635,3.30049991607666,790
-71.1874999996905,-14.1458333335475,5.68450021743774,834
-74.7708333330525,-12.4375000002005,10.1463298797607,860
-69.9374999996805,-16.8125000002355,3.10416698455811,566
-67.9791666663315,-17.9375000002445,7.42983293533325,340
-67.3124999996595,-18.1041666669125,9.41966724395752,348
-68.0624999996655,-26.6458333336475,3.69199991226196,85
-73.7291666663775,-14.0208333335465,7.09999990463257,905
-68.3958333330015,-24.9791666669675,2.73600006103516,54
-68.6458333330035,-23.3125000002875,12.230170249939,22
-75.4791666663915,-12.3541666668665,5.42449998855591,808
-74.7708333330525,-13.7291666668775,4.13850021362305,763
-67.3958333329935,-22.4791666669475,3.94050002098083,89
-71.0624999996895,-16.3125000002315,4.47433280944824,393
-67.2708333329925,-25.1875000003025,5.43349981307983,86
-67.8124999996635,-23.4375000002885,3.70849990844727,72
-76.7291666664015,-9.6458333335115,11.6876697540283,850
-73.0624999997055,-15.6041666668925,17.2849998474121,75
-74.2708333330485,-14.4375000002165,7.11366701126099,704
-66.6041666663205,-21.3541666669385,8.54966640472412,146
-68.1458333329995,-24.8541666669665,3.97766709327698,55
-78.6041666664165,-6.8541666668225,8.37600040435791,1065
-69.1874999996745,-18.7291666669175,3.6414999961853,264
-68.6458333330035,-17.1875000002385,9.23716640472412,477
-69.3958333330095,-29.4791666670035,2.77483296394348,124
-68.6458333330035,-19.6458333335915,4.73449993133545,146
-74.3124999997155,-13.5208333335425,6.64833402633667,902
-67.4374999996605,-26.3958333336455,11.6151695251465,62
-70.3541666663505,-17.2291666669055,8.83533382415771,213
-68.3541666663345,-26.4791666669795,2.64283299446106,82
-66.3124999996515,-22.2291666669455,8.49416637420654,175
-77.3541666664065,-9.9375000001805,5.86083316802979,568
-66.8124999996555,-21.4375000002725,8.5290002822876,126
-77.6458333330755,-8.9375000001725,2.60666704177856,859
-67.8958333329975,-21.6875000002745,1.19333302974701,92
-75.3541666663905,-11.8541666668625,11.1361703872681,718
-68.1041666663325,-23.3958333336215,14.0366697311401,39
-78.2708333330805,-7.4791666668275,12.1923303604126,779
-66.5624999996535,-25.9375000003085,5.67133283615112,145
-67.3541666663265,-26.6041666669805,9.93900012969971,77
-65.6041666663125,-22.9791666669515,9.1366662979126,212
-75.9374999997285,-11.1041666668565,5.09066677093506,1072
-67.9791666663315,-25.6041666669725,0.747500002384186,83
-74.8958333330535,-13.3958333335415,5.20066690444946,769
-75.7708333330605,-12.4375000002005,4.42833280563354,736
-72.0208333330305,-13.7291666668775,8.96700000762939,860
-65.8541666663145,-24.1458333336275,9.41533374786377,168
-67.1458333329915,-19.6458333335915,9.33183288574219,156
-68.9374999996725,-24.5208333336305,11.0678300857544,13
-69.3541666663425,-17.9791666669115,2.8911669254303,328
-67.6041666663285,-23.8541666669585,0.861666679382324,88
-70.3541666663505,-16.0208333335625,5.18900012969971,745
-68.8124999996715,-26.0208333336425,4.58799982070923,48
-67.1041666663245,-20.6875000002665,9.40383338928223,108
-67.1041666663245,-25.6458333336395,3.69449996948242,106
-71.5624999996935,-13.9375000002125,5.58016681671143,899
-65.3958333329775,-22.8125000002835,8.76083374023438,251
-65.8958333329815,-24.3125000002955,8.20183372497559,166
-75.7708333330605,-11.7708333335285,7.20849990844727,791
-70.0624999996815,-14.9375000002205,7.83400011062622,743
-68.8124999996715,-15.3958333335575,6.90416717529297,919
-68.4374999996685,-27.8541666669905,0.598333418369293,129
-69.4791666663435,-28.6458333336635,1.03783297538757,109
-66.5624999996535,-22.8958333336175,2.89833307266235,147
-76.3541666663985,-10.2708333335165,13.1145000457764,778
-66.1041666663165,-22.6041666669485,9.66033363342285,187
-65.5624999996455,-22.4791666669475,10.4005002975464,268
-73.2291666663735,-15.5625000002255,11.644829750061,236
-72.4374999997005,-14.1875000002145,3.99333310127258,935
-68.8958333330055,-26.3541666669785,4.78916692733765,54
-76.4791666663995,-10.0625000001815,9.20166683197021,1005
-70.5208333330185,-14.6875000002185,6.98133277893066,749
-68.3541666663345,-17.4375000002405,9.19166660308838,406
-71.4374999996925,-13.6041666668765,8.22716617584229,706
-76.5624999997335,-11.0208333335225,2.250333070755,928
-69.0208333330065,-19.1041666669205,0.703000009059906,234
-68.8124999996715,-19.3541666669225,5.67649984359741,159
-71.2291666663575,-16.3958333335655,2.55433297157288,398
-74.3124999997155,-13.4791666668755,7.04383277893066,895
-69.3541666663425,-20.4791666669315,16.5118293762207,11
-72.4374999997005,-14.3125000002155,4.21250009536743,910
-67.2291666663255,-21.8541666669425,6.29899978637695,97
-68.4791666663355,-27.2708333336525,-2.05766701698303,120
-73.6874999997105,-13.9791666668795,8.41250038146973,898
-74.1458333330475,-15.1458333335555,13.247670173645,236
-69.1458333330075,-19.9375000002605,8.22900009155273,71
-69.0208333330065,-19.9791666669275,5.04316711425781,98
-74.6874999997185,-12.9791666668715,7.73716688156128,860
-65.1458333329755,-23.2708333336205,6.96449995040894,261
-68.5208333330025,-19.3125000002555,7.57616710662842,149
-69.2291666663415,-28.4791666669955,1.69683301448822,109
-67.8124999996635,-20.2291666669295,7.11483287811279,156
-67.3541666663265,-16.9791666669035,1.80966699123383,734
-66.4374999996525,-22.7708333336165,7.24983406066895,146
-69.6874999996785,-16.7708333335685,7.51800012588501,519
-69.2291666663415,-28.7291666669975,4.62200021743774,98
-75.8958333330615,-12.1875000001985,3.05933308601379,834
-70.9791666663555,-14.6041666668845,3.46066689491272,915
-68.9791666663395,-25.2291666669695,6.80916690826416,37
-68.3958333330015,-21.7291666669415,5.15616703033447,58
-76.2708333330645,-12.2708333335325,12.2911701202393,307
-66.3958333329855,-24.2708333336285,7.19950008392334,130
-76.6874999997345,-10.7291666668535,3.08049988746643,841
-69.0624999996735,-19.8541666669265,6.64016723632812,92
-70.1041666663485,-17.5208333335745,12.4873304367065,105
-69.0208333330065,-15.1875000002225,9.37883377075195,876
-68.9374999996725,-20.2708333335965,4.35583400726318,88
-66.3541666663185,-22.2291666669455,9.65466690063477,171
-69.3124999996755,-27.6458333336555,3.12333297729492,87
-71.0208333330225,-15.1458333335555,3.64166688919067,866
-67.6874999996625,-19.7708333335925,8.22449970245361,137
-68.6458333330035,-18.8541666669185,5.56066703796387,239
-67.6458333329955,-26.1458333336435,7.85033321380615,67
-67.3541666663265,-20.3958333335975,8.02383327484131,153
-68.2708333330005,-17.3958333335735,8.61416625976562,420
-67.4791666663275,-17.8541666669105,9.07750034332275,336
-69.1458333330075,-16.9375000002365,8.73299980163574,541
-76.3124999997315,-10.5208333335185,5.68866682052612,1097
-77.7291666664095,-9.0208333335065,7.47933292388916,584
-75.4791666663915,-11.8541666668625,9.48533344268799,786
-68.3541666663345,-19.3541666669225,6.16683292388916,166
-72.9374999997045,-15.3541666668905,1.65900003910065,617
-74.7291666663855,-12.6875000002025,6.85983276367188,893
-67.6041666663285,-23.2291666669535,3.47216701507568,77
-67.6458333329955,-25.2291666669695,6.69466686248779,62
-72.1874999996985,-14.6041666668845,5.364333152771,835
-69.0624999996735,-24.1041666669605,12.2591695785522,12
-69.5208333330105,-14.4791666668835,7.13016700744629,836
-68.5208333330025,-20.4375000002645,6.3431658744812,77
-71.3958333330255,-14.3958333335495,4.47349977493286,921
-67.1874999996585,-19.8125000002595,9.03133296966553,135
-76.4791666663995,-10.8541666668545,4.26983308792114,895
-67.4374999996605,-27.0208333336505,5.15816688537598,118
-65.9374999996485,-24.6875000002985,8.58699989318848,168
-66.8541666663225,-23.7708333336245,5.44316720962524,104
-78.1874999997465,-8.4375000001685,16.1141700744629,264
-77.0624999997375,-10.5208333335185,6.54633283615112,637
-78.1041666664125,-7.8125000001635,12.3288297653198,794
-68.3541666663345,-19.8541666669265,5.41249990463257,127
-70.9374999996885,-15.0208333335545,5.71250009536743,831
-67.9791666663315,-22.6875000002825,5.26049995422363,56
-68.7708333330045,-26.8958333336495,2.83383297920227,87
-69.8541666663465,-16.5625000002335,6.53183317184448,619
-67.2291666663255,-24.1875000002945,4.8686671257019,84
-68.8124999996715,-19.8125000002595,2.68149995803833,137
-66.1041666663165,-23.8958333336255,9.8953332901001,144
-68.5208333330025,-26.4375000003125,0.889500021934509,87
-65.6458333329795,-22.7708333336165,10.3474998474121,221
-69.2291666663415,-19.7291666669255,9.22266674041748,71
-67.0624999996575,-24.2291666669615,6.381667137146,86
-68.6874999996705,-19.2291666669215,5.97749996185303,178
-73.9791666663795,-14.5625000002175,4.0605001449585,813
-67.9374999996645,-19.3541666669225,7.70966720581055,180
-75.4374999997245,-11.8541666668625,10.1134996414185,759
-68.6041666663365,-19.8541666669265,5.6328330039978,117
-73.3124999997075,-15.5625000002255,6.82833290100098,415
-68.8541666663385,-26.7708333336485,2.44116711616516,75
-66.5208333329865,-21.5208333336065,7.15500020980835,157
-72.9374999997045,-14.5625000002175,4.01816701889038,840
-69.7291666663455,-16.1458333335635,8.92016696929932,898
-68.5208333330025,-20.4791666669315,6.44116687774658,75
-70.2291666663495,-15.4375000002245,9.33883285522461,659
-66.8124999996555,-19.1458333335875,9.66450023651123,270
-66.1041666663165,-21.6041666669405,8.44833374023438,216
-69.1458333330075,-19.1458333335875,3.90233302116394,196
-72.6041666663685,-15.1875000002225,1.11483299732208,667
-75.8958333330615,-11.1041666668565,5.31933403015137,1073
-77.3958333330735,-9.0625000001735,11.5986700057983,656
-68.1041666663325,-17.8541666669105,7.03266716003418,362
-68.3958333330015,-19.4375000002565,7.3376669883728,151
-67.6041666663285,-20.1041666669285,7.51266717910767,163
-69.0624999996735,-14.9375000002205,4.48099994659424,926
-67.1458333329915,-19.0625000002535,9.0513334274292,258
-66.3958333329855,-25.6041666669725,13.9591703414917,123
-69.6874999996785,-16.4791666668995,5.5616660118103,706
-67.3541666663265,-19.1875000002545,8.43016719818115,221
-68.5208333330025,-22.3125000002795,12.2851696014404,29
-68.6458333330035,-25.9375000003085,4.22816705703735,52
-68.1041666663325,-27.3125000003195,7.11350011825562,86
-65.9374999996485,-23.8958333336255,7.41166687011719,162
-68.2708333330005,-26.5625000003135,5.0633339881897,69
-68.3541666663345,-23.7708333336245,12.5495004653931,27
-69.5208333330105,-28.8541666669985,1.45283305644989,113
-66.1874999996505,-24.9791666669675,11.2576704025269,163
-69.3958333330095,-14.6041666668845,2.49499988555908,962
-74.7291666663855,-12.9791666668715,10.2554998397827,824
-67.1458333329915,-24.6041666669645,8.28916645050049,75
-72.7708333330365,-15.3958333335575,4.16249990463257,521
-69.0624999996735,-19.0208333335865,0.132499992847443,251
-66.6874999996545,-26.8125000003155,6.96466588973999,148
-66.3958333329855,-23.1458333336195,6.94999980926514,143
-67.1874999996585,-21.2708333336045,8.87049961090088,90
-74.1874999997145,-13.8958333335455,6.52033281326294,859
-73.5624999997095,-15.1875000002225,8.42916679382324,514
-67.3124999996595,-23.2291666669535,6.02683401107788,78
-67.9374999996645,-18.6041666669165,8.0513334274292,257
-72.3124999996995,-15.4791666668915,9.55299854278564,395
-70.6874999996865,-16.6458333335675,5.54349994659424,407
-76.1874999997305,-10.3125000001835,12.7189998626709,779
-67.8958333329975,-22.7291666669495,-0.85366678237915,94
-76.9374999997365,-9.6458333335115,5.4438328742981,862
-68.7291666663375,-17.4791666669075,8.42133331298828,421
-69.5208333330105,-17.0208333335705,5.38583278656006,506
-68.3541666663345,-26.8958333336495,2.59599995613098,90
-75.2291666663895,-11.7708333335285,8.28216552734375,974
-69.6874999996785,-18.1875000002465,9.06599998474121,175
-77.8541666664105,-8.9791666668395,15.828330039978,330
-66.3958333329855,-22.1458333336115,10.255669593811,167
-67.1041666663245,-26.3125000003115,5.18466711044312,110
-67.4791666663275,-25.8958333336415,8.42650032043457,66
-68.1874999996665,-20.1458333335955,7.15916681289673,93
-69.2708333330085,-29.2291666670015,4.65666723251343,110
-68.6874999996705,-21.4375000002725,6.87900018692017,47
-67.2708333329925,-22.4375000002805,3.687166929245,99
-68.4791666663355,-23.7708333336245,13.9899997711182,23
-69.8958333330135,-16.1875000002305,8.4156665802002,762
-68.8541666663385,-20.9791666669355,4.08383321762085,68
-70.7708333330205,-15.6458333335595,3.52349996566772,778
-69.2291666663415,-14.8958333335535,4.22599983215332,920
-68.3958333330015,-18.3958333335815,7.77600002288818,276
-69.5208333330105,-15.0208333335545,5.81533288955688,881
-69.7708333330125,-28.5208333336625,0.25766658782959,128
-71.9791666663635,-13.7291666668775,11.9528303146362,737
-65.9374999996485,-25.4375000003045,11.8610000610352,171
-72.3124999996995,-13.7291666668775,14.2871704101562,919
-68.7291666663375,-19.0208333335865,5.40716600418091,215
-68.6458333330035,-28.1041666669925,3.15666699409485,113
-76.0208333330625,-12.8125000002035,15.5989999771118,157
-68.7291666663375,-27.1458333336515,-1.36433303356171,119
-76.3124999997315,-11.0625000001895,4.29150009155273,970
-76.0208333330625,-10.7291666668535,5.37683296203613,1242
-72.7708333330365,-15.4791666668915,4.13983297348022,492
-73.1458333330395,-14.8125000002195,4.58783292770386,769
-68.1874999996665,-19.3541666669225,7.15666723251343,175
-65.3958333329775,-22.7291666669495,7.51833295822144,260
-72.1041666663645,-14.9791666668875,2.16400003433228,768
-74.8541666663865,-13.0625000002055,4.94133281707764,843
-75.6874999997265,-12.3541666668665,3.90666699409485,802
-68.3124999996675,-21.0208333336025,6.56516599655151,69
-67.4374999996605,-19.0625000002535,8.64716720581055,234
-69.2291666663415,-20.7291666669335,14.6158304214478,13
-75.7291666663935,-12.6458333335355,3.60349988937378,696
-66.4791666663195,-19.4791666669235,3.96083307266235,181
-68.0208333329985,-26.6458333336475,1.14183294773102,102
-71.4374999996925,-15.1875000002225,4.51133298873901,773
-68.0624999996655,-25.6041666669725,3.50850009918213,64
-67.6041666663285,-17.2708333335725,7.61883401870728,458
-69.1874999996745,-20.2708333335965,11.0028295516968,36
-65.8958333329815,-25.5208333336385,12.7244997024536,172
-69.3958333330095,-18.6041666669165,3.35866689682007,254
-76.0208333330625,-10.9375000001885,5.36133289337158,1091
-76.1458333330635,-11.8958333335295,3.07816696166992,826
-71.3958333330255,-14.9791666668875,5.33699989318848,824
-69.3541666663425,-16.3958333335655,7.87683296203613,874
-75.5208333330585,-13.3541666668745,8.81083297729492,525
-69.6041666663445,-17.6875000002425,5.13933277130127,296
-68.1458333329995,-24.4791666669635,4.02766704559326,54
-67.8541666663305,-27.0208333336505,10.7084999084473,78
-68.8124999996715,-26.8541666669825,2.28500008583069,81
-69.6041666663445,-17.6458333335755,6.09033298492432,291
-68.7291666663375,-21.2708333336045,5.051833152771,57
-68.2708333330005,-28.6875000003305,14.0893297195435,117
-66.9791666663235,-22.6875000002825,2.80083298683167,118
-70.2708333330165,-16.6458333335675,4.35083293914795,547
-67.8124999996635,-20.5208333335985,7.88766717910767,89
-72.9791666663715,-14.0208333335465,5.03533315658569,956
-66.6874999996545,-24.3958333336295,4.55233287811279,118
-66.3958333329855,-22.8125000002835,6.11450004577637,151
-74.7708333330525,-14.3125000002155,8.49633312225342,565
-74.9374999997205,-13.6875000002105,6.18983316421509,677
-71.1458333330235,-13.8541666668785,1.99783301353455,931
-66.4791666663195,-21.6875000002745,4.73566722869873,170
-66.3541666663185,-21.2708333336045,6.59083318710327,176
-68.5624999996695,-25.6458333336395,3.67433309555054,49
-69.1041666663405,-26.7708333336485,5.64416599273682,49
-72.5624999997015,-14.5625000002175,2.60466694831848,851
-66.7291666663215,-23.3541666669545,7.85300016403198,107
-74.1874999997145,-14.5625000002175,5.03299999237061,752
-66.8958333329895,-26.3958333336455,6.64283323287964,117
-69.4374999996765,-28.4791666669955,2.27600002288818,109
-67.6458333329955,-21.9375000002765,3.96916699409485,82
-73.4791666663755,-14.0625000002135,7.48583316802979,914
-68.0624999996655,-19.7291666669255,7.84383296966553,133
-69.1874999996745,-25.8958333336415,7.14583301544189,30
-68.3958333330015,-18.1458333335795,3.31533288955688,393
-67.6874999996625,-22.6875000002825,2.69716691970825,80
-68.7708333330045,-18.1458333335795,6.64416599273682,341
-66.6874999996545,-19.7291666669255,8.88116645812988,138
-67.5208333329945,-20.3541666669305,7.7024998664856,162
-73.6041666663765,-14.8541666668865,4.56300020217896,790
-69.5208333330105,-16.7708333335685,3.81750011444092,627
-67.6458333329955,-26.1041666669765,6.44116592407227,71
-67.6874999996625,-23.4375000002885,4.37099981307983,67
-73.7708333330445,-15.4791666668915,10.0486698150635,299
-65.6458333329795,-24.5208333336305,7.65683317184448,218
-68.3124999996675,-26.8125000003155,-1.86566698551178,115
-73.8958333330455,-13.9791666668795,14.7021703720093,716
-66.8958333329895,-26.4791666669795,9.52349853515625,102
-68.7708333330045,-24.2291666669615,11.034330368042,18
-68.4791666663355,-23.9375000002925,10.5605001449585,25
-67.6458333329955,-23.1041666669525,3.00600004196167,84
-66.2291666663175,-24.0208333336265,9.52999973297119,135
-66.8958333329895,-23.1041666669525,5.81549978256226,105
-69.6458333330115,-17.4375000002405,3.92866706848145,371
-74.8541666663865,-14.5208333335505,14.6204996109009,190
-67.6874999996625,-20.9791666669355,8.18883323669434,72
-70.1874999996825,-15.4791666668915,9.61849975585938,641
-65.9374999996485,-25.3125000003035,10.649169921875,177
-68.6874999996705,-23.9791666669595,10.4968299865723,20
-70.9791666663555,-15.1041666668885,3.4693329334259,878
-66.6041666663205,-25.9791666669755,3.94483304023743,150
-74.1458333330475,-14.2291666668815,5.27083301544189,819
-68.1458333329995,-25.9375000003085,6.07766723632812,54
-75.3541666663905,-12.2291666668655,8.77566719055176,839
-65.4791666663115,-22.7291666669495,9.01550006866455,248
-67.4374999996605,-24.6041666669645,9.53716659545898,59
-68.2291666663335,-18.9791666669195,7.96883296966553,201
-67.8958333329975,-20.3541666669305,7.79916715621948,94
-66.3124999996515,-25.9375000003085,12.7126703262329,115
-69.1458333330075,-17.1041666669045,8.8043327331543,476
-70.6041666663525,-15.4791666668915,4.21166706085205,912
-68.5624999996695,-18.4375000002485,7.61116600036621,267
-75.6458333330595,-12.5625000002015,3.61783289909363,745
-70.1041666663485,-14.5625000002175,4.13299989700317,876
-67.9791666663315,-20.3541666669305,7.40100002288818,88
-77.7291666664095,-9.4375000001765,5.02750015258789,615
-78.1874999997465,-7.2291666668255,11.9613304138184,981
-67.6041666663285,-19.8958333335935,7.6395001411438,128
-76.4374999997325,-10.5625000001855,5.72616720199585,960
-76.3124999997315,-10.5208333335185,5.68866682052612,1097
-69.9374999996805,-14.2291666668815,4.08866596221924,871
-74.2708333330485,-14.8541666668865,9.89299964904785,541
-69.6458333330115,-15.7708333335605,9.71483325958252,1022
-75.8958333330615,-12.0625000001975,5.56150007247925,768
-75.0208333330545,-13.3541666668745,3.73566699028015,770
-69.4791666663435,-20.1041666669285,15.8039999008179,11
-67.9374999996645,-22.6041666669485,2.45600008964539,74
-67.2708333329925,-18.6458333335835,9.02583312988281,308
-66.8124999996555,-19.8541666669265,8.68433380126953,129
-71.7291666663615,-14.7291666668855,4.65616703033447,869
-66.2708333329845,-24.6041666669645,5.24049997329712,151
-74.7708333330525,-13.7291666668775,4.13850021362305,763
-72.0208333330305,-14.3958333335495,6.79983282089233,928
-70.3958333330175,-15.4375000002245,8.62650012969971,707
-67.3541666663265,-22.0208333336105,6.46199989318848,86
-70.8541666663545,-15.3125000002235,2.66499996185303,872
-77.5208333330745,-9.7291666668455,3.73850011825562,633
-69.3958333330095,-18.6041666669165,3.35866689682007,254
-71.6458333330275,-13.6041666668765,7.7751669883728,763
-68.9791666663395,-17.1041666669045,8.89166641235352,496
-67.3958333329935,-20.8958333336015,8.49683380126953,83
-74.2708333330485,-13.3541666668745,8.91549968719482,906
-66.9791666663235,-21.3125000002715,9.10400009155273,109
-66.6041666663205,-21.9791666669435,7.38000011444092,145
-69.1458333330075,-20.8958333336015,13.7508296966553,15
-74.3541666663825,-13.6875000002105,6.54816722869873,846
-77.7291666664095,-9.0208333335065,7.47933292388916,584
-74.2708333330485,-12.6458333335355,9.59566688537598,953
-75.5624999997255,-12.9375000002045,5.66800022125244,635
-67.2291666663255,-23.6041666669565,4.881667137146,83
-70.3124999996835,-15.3958333335575,8.53616714477539,716
-70.0624999996815,-16.7291666669015,3.36033296585083,578
-73.1458333330395,-13.7708333335445,5.08933401107788,985
-72.2291666663655,-14.8541666668865,2.41033291816711,778
-69.6041666663445,-16.3958333335655,7.84999990463257,778
-68.6041666663365,-25.7708333336405,5.20849990844727,43
-65.0208333329745,-22.4791666669475,11.451000213623,372
-69.5208333330105,-24.3958333336295,15.7548303604126,7
-68.2708333330005,-28.7291666669975,14.3038301467896,128
-72.0624999996975,-15.0208333335545,1.61466705799103,773
-68.8958333330055,-17.8541666669105,5.29933404922485,396
-77.7708333330765,-9.2708333335085,6.86416721343994,542
-69.0208333330065,-21.1875000002705,11.9899997711182,21
-65.8124999996475,-24.8541666669665,12.3511695861816,238
-69.1874999996745,-27.8958333336575,2.47566699981689,98
-70.6458333330195,-16.6875000002345,5.58816719055176,409
-74.7291666663855,-14.2291666668815,5.41216707229614,664
-66.2708333329845,-22.5208333336145,6.44216680526733,170
-68.7291666663375,-23.3958333336215,10.5858297348022,20
-67.8124999996635,-27.1041666669845,12.8678302764893,76
-70.1458333330155,-15.0208333335545,8.64416694641113,696
-66.1041666663165,-21.8125000002755,8.20083332061768,210
-78.1041666664125,-8.6458333335035,18.7936706542969,236
-67.8541666663305,-23.2291666669535,8.52883338928223,51
-71.3541666663585,-16.4791666668995,10.2250003814697,169
-68.6041666663365,-19.2708333335885,7.42033290863037,157
-68.5208333330025,-17.8541666669105,7.11100006103516,372
-71.5624999996935,-15.6458333335595,3.10533308982849,556
-67.3958333329935,-19.4375000002565,8.74483299255371,180
-72.5208333330345,-13.8541666668785,8.2078332901001,954
-68.9374999996725,-20.6458333335995,6.26800012588501,60
-73.1041666663725,-13.7708333335445,5.26966714859009,978
-71.3541666663585,-15.3958333335575,2.47216701507568,735
-75.2291666663895,-13.6041666668765,5.05716705322266,647
-69.1041666663405,-16.6041666669005,8.45083332061768,727
-72.4791666663675,-13.7291666668775,13.3811702728271,989
-67.3541666663265,-17.4791666669075,7.73483276367188,470
-67.7708333329965,-18.2708333335805,7.54850006103516,309
-66.0208333329825,-22.3541666669465,10.2174997329712,222
-69.1874999996745,-27.9791666669915,0.55349999666214,113
-66.6041666663205,-24.0208333336265,3.56483292579651,131
-67.3958333329935,-24.1041666669605,5.11666679382324,79
-67.2708333329925,-25.6041666669725,6.35716676712036,83
-73.5208333330425,-14.8541666668865,7.6883339881897,716
-77.0208333330705,-10.2708333335165,3.14266705513,749
-68.2291666663335,-26.8958333336495,1.90550005435944,99
-70.4374999996845,-16.0208333335625,2.97533297538757,749
-66.6874999996545,-23.8541666669585,6.91183280944824,108
-77.0624999997375,-10.4791666668515,11.1680002212524,562
-67.3124999996595,-21.1458333336035,8.07033252716064,85
-76.9374999997365,-10.3958333335175,1.47749996185303,836
-66.5624999996535,-19.9375000002605,3.84183311462402,167
-69.8541666663465,-14.2708333335485,3.20533299446106,909
-75.0208333330545,-13.0208333335385,2.31049990653992,850
-72.5624999997015,-14.1875000002145,6.04233312606812,931
-75.4791666663915,-11.6875000001945,9.62666702270508,794
-66.2708333329845,-25.7708333336405,14.7538299560547,113
-66.2708333329845,-22.6875000002825,7.63833284378052,169
-67.8958333329975,-25.2291666669695,2.18416690826416,76
-65.2291666663095,-22.6875000002825,9.50833320617676,305
-68.7291666663375,-27.7291666669895,-0.683166682720184,125
-68.7291666663375,-19.6041666669245,4.02650022506714,153
-72.7291666663695,-15.3958333335575,4.02383279800415,522
-67.9374999996645,-18.6041666669165,8.0513334274292,257
-75.1458333330555,-13.4375000002085,4.45916700363159,702
-67.8541666663305,-17.1458333335715,7.76249980926514,474
-76.9791666664035,-9.4791666668435,6.10833406448364,889
-69.1458333330075,-18.3541666669145,2.01266694068909,327
-67.1458333329915,-25.9375000003085,2.67566704750061,114
-66.2291666663175,-21.5625000002735,7.10300016403198,192
-69.1041666663405,-19.9791666669275,7.29616594314575,77
-66.3124999996515,-25.0208333336345,4.07716703414917,192
-68.6874999996705,-19.6041666669245,5.22566699981689,145
-77.6041666664085,-8.8958333335055,1.68099999427795,980
-68.8958333330055,-19.1458333335875,2.63866710662842,223
-67.4791666663275,-20.8958333336015,8.52733325958252,78
-77.9791666664115,-8.5208333335025,6.4355001449585,764
-73.0208333330385,-14.7708333335525,3.43799996376038,784
-69.4791666663435,-28.9375000003325,0.927833318710327,115
-70.3958333330175,-16.7291666669015,4.16149997711182,500
-66.8124999996555,-18.7708333335845,9.30216693878174,375
-73.8541666663785,-15.5625000002255,6.38616704940796,409
-75.0208333330545,-13.1875000002065,2.93383288383484,785
-68.5208333330025,-24.5208333336305,4.2421669960022,46
-73.1041666663725,-14.0625000002135,6.42049980163574,945
-67.6874999996625,-19.9791666669275,7.43050003051758,176
-70.1458333330155,-16.8541666669025,3.87800002098083,518
-67.7291666663295,-27.1041666669845,12.9005002975464,80
-67.6874999996625,-26.2291666669775,8.1051664352417,64
-68.9374999996725,-18.2708333335805,5.66599988937378,340
-67.5208333329945,-21.1041666669365,7.64799976348877,78
-68.0624999996655,-19.6875000002585,7.392333984375,139
-71.1041666663565,-15.8125000002275,3.46849989891052,529
-67.5624999996615,-18.3958333335815,8.67783355712891,301
-67.7291666663295,-26.5625000003135,7.80233287811279,77
-69.3541666663425,-28.3958333336615,2.99266695976257,100
-67.3958333329935,-26.1458333336435,10.2620000839233,63
-69.5624999996775,-28.2291666669935,3.29500007629395,106
-70.1041666663485,-15.7708333335605,8.8323335647583,676
-78.4791666664155,-7.2708333334925,12.7248296737671,740
-69.3541666663425,-17.4791666669075,7.64333295822144,354
-68.6874999996705,-23.0625000002855,8.77383327484131,26
-74.3958333330495,-15.2291666668895,15.1000003814697,106
-73.4791666663755,-15.3958333335575,6.12516593933105,526
-68.8958333330055,-25.3125000003035,7.21766710281372,28
-67.2708333329925,-24.8541666669665,4.2810001373291,91
-68.6458333330035,-27.8958333336575,-1.02400004863739,129
-71.2708333330245,-15.3125000002235,3.13233304023743,775
-70.7291666663535,-14.4791666668835,5.28516721725464,828
-72.3958333330335,-13.6041666668765,13.252329826355,952
-70.8541666663545,-14.3125000002155,3.6949999332428,888
-73.0208333330385,-14.1875000002145,7.2024998664856,922
-76.4791666663995,-10.6041666668525,5.06216716766357,940
-69.0624999996735,-17.3125000002395,7.95283317565918,444
-65.8958333329815,-22.5208333336145,9.38350009918213,218
-67.6458333329955,-17.5625000002415,8.58850002288818,382
-67.2291666663255,-20.8125000002675,9.08083343505859,100
-66.4791666663195,-25.3125000003035,11.8269996643066,135
-68.9791666663395,-25.4375000003045,5.49716711044312,32
-75.3958333330575,-13.8541666668785,12.721170425415,219
-76.1041666663965,-11.4375000001925,4.99116706848145,880
-75.4791666663915,-13.6041666668765,14.6274995803833,196
-70.3124999996835,-16.0208333335625,4.92600011825562,761
-69.4374999996765,-29.1458333336675,2.80483293533325,110
-75.0624999997215,-13.6458333335435,4.66066598892212,683
-74.4791666663835,-13.3541666668745,8.23050022125244,898
-65.8958333329815,-22.9791666669515,10.7089996337891,179
-67.3124999996595,-22.9791666669515,5.14916706085205,82
-70.4374999996845,-13.9791666668795,4.46816682815552,831
-67.5624999996615,-18.6458333335835,8.58899974822998,278
-67.8124999996635,-18.1458333335795,7.34616708755493,325
-66.1874999996505,-22.0625000002775,7.80550003051758,193
-66.6041666663205,-16.8541666669025,8.68416690826416,930
-67.9374999996645,-19.1041666669205,8.3633337020874,201
-67.6874999996625,-26.2708333336445,8.52266693115234,62
-68.6458333330035,-18.2708333335805,7.42950010299683,305
-68.1874999996665,-21.7291666669415,6.48016595840454,57
-68.3958333330015,-22.8541666669505,11.7534999847412,30
-68.9374999996725,-21.1041666669365,8.78600025177002,38
-76.3541666663985,-11.1458333335235,4.03283405303955,971
-68.5624999996695,-24.6875000002985,0.334166705608368,67
-67.6458333329955,-27.0208333336505,10.2910003662109,98
-65.8124999996475,-22.6458333336155,10.3760004043579,218
-66.8541666663225,-25.4791666669715,6.09233283996582,102
-69.0208333330065,-27.6041666669885,-0.637499988079071,117
-68.6458333330035,-18.4375000002485,7.10449981689453,277
-73.2708333330405,-15.5625000002255,7.54483318328857,389
-77.1874999997385,-9.6041666668445,9.58699989318848,791
-66.3541666663185,-19.3541666669225,5.37833404541016,205
-76.1458333330635,-12.6875000002025,7.69183301925659,470
-68.1041666663325,-26.6875000003145,1.34099996089935,99
-67.9791666663315,-24.3958333336295,2.06016707420349,70
-66.2291666663175,-24.1041666669605,8.94966697692871,133
-76.0208333330625,-12.0625000001975,4.49466705322266,746
-67.5208333329945,-21.1041666669365,7.64799976348877,78
-70.8958333330215,-14.4791666668835,2.59383296966553,922
-69.3541666663425,-17.3541666669065,3.81100010871887,450
-67.1041666663245,-18.8541666669185,9.04033374786377,302
-69.8958333330135,-16.8958333335695,4.23583316802979,523
-68.1458333329995,-18.6458333335835,7.85533285140991,243
-77.7708333330765,-8.6458333335035,4.13800001144409,939
-69.2708333330085,-20.1041666669285,12.2361698150635,29
-71.3124999996915,-13.8125000002115,3.76233291625977,907
-66.3958333329855,-25.8541666669745,11.519829750061,135
-66.1874999996505,-22.4375000002805,7.99016714096069,193
-67.0208333329905,-19.9791666669275,8.7093334197998,128
-69.1874999996745,-19.9791666669275,9.26416683197021,59
-78.0208333330785,-8.7291666668375,10.8078298568726,354
-71.7708333330285,-15.3958333335575,2.24833297729492,706
-71.6041666663605,-15.7708333335605,2.70600008964539,513
-70.2708333330165,-16.8125000002355,3.70516705513,507
-74.0208333330465,-13.2708333335405,12.0988302230835,853
-67.7291666663295,-18.7291666669175,8.01200008392334,257
-71.3541666663585,-16.3125000002315,6.05216598510742,302
-77.0624999997375,-9.5625000001775,4.92549991607666,861
-69.1874999996745,-14.9375000002205,4.25233316421509,920
-72.5624999997015,-15.1041666668885,1.97150003910065,668
-74.8541666663865,-12.6875000002025,10.1148300170898,803
-76.0208333330625,-10.9791666668555,6.00983285903931,1067
-71.8541666663625,-13.4791666668755,7.17383289337158,856
-68.6041666663365,-23.8125000002915,13.4464998245239,19
-69.1874999996745,-17.6458333335755,5.93900012969971,372
-75.0208333330545,-13.6041666668765,4.37249994277954,713
-69.6458333330115,-14.5625000002175,5.74249982833862,822
-67.3124999996595,-18.7291666669175,8.83866691589355,288
-71.1874999996905,-14.1458333335475,5.68450021743774,834
-68.0208333329985,-22.6875000002825,6.84766721725464,50
-68.9374999996725,-26.2291666669775,7.57633399963379,37
-67.6458333329955,-24.5625000002975,9.28450012207031,112
-67.6458333329955,-20.9791666669355,8.18416690826416,72
-67.2708333329925,-25.7708333336405,5.2558331489563,88
-67.6041666663285,-19.5208333335905,7.33183288574219,159
-69.6458333330115,-17.4791666669075,3.55100011825562,370
-71.8124999996955,-15.6458333335595,6.61066722869873,430
-66.6458333329875,-20.6041666669325,10.0516700744629,144
-76.2708333330645,-11.8958333335295,2.54766702651978,812
-71.3958333330255,-13.9375000002125,4.64900016784668,898
-68.9791666663395,-27.9375000003245,-2.27900004386902,140
-72.5208333330345,-15.5625000002255,1.02016699314117,567
-69.4374999996765,-28.8125000003315,1.57783305644989,111
-68.3958333330015,-27.4791666669875,1.44799995422363,107
-68.4791666663355,-24.8958333336335,2.71866703033447,50
-67.3124999996595,-24.9791666669675,8.96983337402344,67
-74.4374999997165,-15.1875000002225,15.2558298110962,102
-66.1874999996505,-26.3541666669785,7.4763331413269,178
-67.0208333329905,-26.5208333336465,1.35466694831848,163
-68.3124999996675,-22.7291666669495,9.80966663360596,36
-68.3124999996675,-20.3541666669305,5.72983312606812,87
-70.8124999996875,-14.3125000002155,4.28233289718628,870
-75.8958333330615,-12.8541666668705,14.1184997558594,249
-66.4374999996525,-25.9375000003085,8.32333374023438,147
-69.3541666663425,-14.8958333335535,6.03649997711182,868
-72.2708333330325,-13.4791666668755,11.2376699447632,790
-70.7291666663535,-15.7708333335605,5.13866710662842,725
-66.8541666663225,-20.0625000002615,9.00183296203613,129
-65.5624999996455,-24.5208333336305,12.3293304443359,316
-69.6458333330115,-14.4375000002165,4.53000020980835,899
-77.0208333330705,-9.4375000001765,9.68516635894775,837
-77.4791666664075,-9.4791666668435,7.42399978637695,648
-65.8124999996475,-22.0625000002775,10.6158304214478,271
-75.6041666663925,-12.1458333335315,5.76849985122681,827
-65.7708333329805,-25.0208333336345,12.1608295440674,270
-68.5208333330025,-26.8541666669825,3.41149997711182,77
-72.3124999996995,-13.6875000002105,15.5718297958374,926
-65.0208333329745,-22.4791666669475,11.451000213623,372
-67.7291666663295,-26.1458333336435,4.29650020599365,79
-70.1041666663485,-17.2291666669055,5.05749988555908,371
-69.2708333330085,-19.6875000002585,10.2188301086426,61
-75.0208333330545,-13.5625000002095,3.99333310127258,725
-68.3541666663345,-21.7291666669415,4.39200019836426,60
-67.6874999996625,-22.3541666669465,3.14499998092651,82
-71.5208333330265,-15.5625000002255,3.56633305549622,587
-69.0208333330065,-25.7708333336405,4.98283290863037,38
-68.5208333330025,-25.8125000003075,6.46199989318848,44
-67.7708333329965,-21.3125000002715,5.97749996185303,74
-70.5624999996855,-14.1875000002145,2.82133293151855,903
-67.4374999996605,-24.1875000002945,6.32633399963379,71
-68.4374999996685,-22.0625000002775,7.49316692352295,42
-66.9374999996565,-26.7291666669815,9.76749992370605,109
-65.8958333329815,-21.7291666669415,10.6231698989868,255
-66.6458333329875,-19.5625000002575,6.75033283233643,168
-77.6458333330755,-8.7708333335045,6.62966680526733,766
-68.1458333329995,-20.6875000002665,5.44999980926514,87
-69.1041666663405,-27.6041666669885,-0.301999986171722,110
-69.0624999996735,-17.1458333335715,8.739333152771,471
-77.1041666664045,-9.5625000001775,6.87916707992554,793
-71.3124999996915,-14.4791666668835,5.31349992752075,905
-66.6458333329875,-22.4791666669475,5.88866710662842,135
-70.4374999996845,-16.7291666669015,4.94899988174438,473
-67.6874999996625,-17.6041666669085,8.55650043487549,369
-73.6458333330435,-14.7708333335525,4.30100011825562,823
-68.2291666663335,-27.1041666669845,3.67866706848145,89
-67.4374999996605,-24.6458333336315,9.36750030517578,59
-66.3541666663185,-19.8541666669265,8.00500011444092,177
-72.2708333330325,-13.4791666668755,11.2376699447632,790
-68.2291666663335,-23.9791666669595,11.3094997406006,30
-68.7291666663375,-17.8125000002435,6.91966581344604,387
-68.4791666663355,-21.7708333336085,7.49683284759521,45
-75.7291666663935,-13.1875000002065,7.92533302307129,524
-67.1874999996585,-23.9791666669595,8.30633354187012,74
-75.7708333330605,-11.6875000001945,8.24683380126953,722
-75.4374999997245,-13.5625000002095,11.1440000534058,363
-69.0624999996735,-27.0625000003175,6.07133293151855,58
-74.0208333330465,-14.9375000002205,8.23299980163574,641
-77.5624999997415,-9.5625000001775,9.17599964141846,562
-67.3541666663265,-22.9791666669515,5.02983283996582,80
-70.1041666663485,-16.7708333335685,3.54299998283386,556
-66.6458333329875,-20.8541666669345,9.46616554260254,142
-72.3124999996995,-15.1875000002225,3.88616704940796,608
-70.8541666663545,-15.6458333335595,4.482666015625,724
-66.6874999996545,-19.6875000002585,8.91933345794678,142
-67.1458333329915,-26.6458333336475,3.38649988174438,129
-68.4791666663355,-25.9375000003085,4.59800004959106,52
-68.6458333330035,-28.3958333336615,6.02916717529297,120
-67.3958333329935,-23.6041666669565,3.49916696548462,85
-66.6458333329875,-26.3541666669785,7.09149980545044,130
-68.2708333330005,-18.8125000002515,6.62383317947388,236
-67.5624999996615,-25.9791666669755,6.79083299636841,73
-71.2708333330245,-15.1041666668885,2.29833292961121,852
-76.4374999997325,-11.3541666668585,2.6261670589447,941
-67.6458333329955,-18.9791666669195,8.20033359527588,233
-65.6041666663125,-22.4375000002805,10.935830116272,272
-66.4374999996525,-22.8541666669505,5.37949991226196,146
-67.1874999996585,-26.6458333336475,3.92400002479553,123
-70.0208333330145,-15.4375000002245,9.68350028991699,693
-70.6458333330195,-14.5625000002175,6.33733320236206,767
-68.8958333330055,-24.4375000002965,11.2868299484253,14
-69.0208333330065,-18.2291666669135,3.06299996376038,357
-65.2708333329765,-22.3125000002795,6.89683294296265,309
-65.6458333329795,-22.6041666669485,10.8428297042847,241
-67.4374999996605,-18.2708333335805,9.13016700744629,321
-66.0624999996495,-22.3125000002795,9.98250007629395,211
-68.9374999996725,-17.7291666669095,6.4064998626709,393
-69.2708333330085,-16.9375000002365,8.36100006103516,534
-67.5624999996615,-25.6041666669725,8.93966674804688,57
-74.2291666663815,-14.0208333335465,5.76516723632812,845
-67.8958333329975,-19.6458333335915,8.02716636657715,139
-66.5624999996535,-21.6041666669405,5.01966714859009,161
-66.4374999996525,-26.3125000003115,5.50983285903931,157
-75.2291666663895,-12.8541666668705,2.79800009727478,799
-76.8541666664025,-9.5208333335105,9.18316745758057,804
-69.2291666663415,-18.6041666669165,4.05516719818115,283
-68.8124999996715,-24.4791666669635,10.4540004730225,18
-68.9374999996725,-17.7291666669095,6.4064998626709,393
-74.1041666663805,-12.8958333335375,7.57200002670288,990
-68.3958333330015,-26.3958333336455,0.0646666586399078,103
-67.0208333329905,-26.4791666669795,0.672666609287262,156
-65.9791666663155,-23.2291666669535,10.3223304748535,160
-72.6041666663685,-14.4791666668835,4.10416698455811,867
-69.8124999996795,-15.5625000002255,9.79283332824707,829
-76.7291666664015,-9.5208333335105,7.85200023651123,931
-75.3124999997235,-13.8958333335455,10.568169593811,326
-73.1458333330395,-15.4791666668915,9.19216632843018,360
-65.0624999996415,-22.5625000002815,8.23666667938232,324
-77.6041666664085,-8.6875000001705,10.8745002746582,544
-66.7291666663215,-21.9791666669435,6.24499988555908,136
-67.6874999996625,-20.7291666669335,6.90033292770386,86
-71.2291666663575,-15.1875000002225,3.63450002670288,818
-68.6041666663365,-25.7291666669735,6.44866704940796,42
-66.7708333329885,-25.2291666669695,6.60716676712036,102
-69.0624999996735,-14.9375000002205,4.48099994659424,926
-74.7291666663855,-12.4791666668675,12.8388299942017,715
-68.5624999996695,-23.8958333336255,13.649829864502,21
-74.1874999997145,-14.4791666668835,4.87900018692017,764
-66.5624999996535,-22.8541666669505,2.73533296585083,150
-69.7291666663455,-16.8541666669025,7.74350023269653,473
-67.1874999996585,-17.6458333335755,9.31166553497314,461
-66.3958333329855,-23.4375000002885,9.20366668701172,127
-69.1874999996745,-20.6875000002665,13.7568302154541,18
-77.8124999997435,-8.8958333335055,15.0605001449585,359
-75.3958333330575,-13.4375000002085,9.66383361816406,477
-67.6874999996625,-18.2708333335805,7.83116722106934,312
-65.7708333329805,-25.3541666669705,13.2768297195435,230
-66.0624999996495,-23.1458333336195,9.385666847229,160
-66.4374999996525,-22.5208333336145,7.36133289337158,153
-73.2291666663735,-13.9375000002125,11.4101696014404,973
-70.4374999996845,-15.3541666668905,7.98950004577637,758
-75.0208333330545,-13.5208333335425,3.46000003814697,746
-67.1041666663245,-23.3125000002875,6.23733282089233,86
-68.6874999996705,-21.6875000002745,8.34816646575928,37
-78.1458333330795,-7.9791666668315,9.69299983978271,854
-66.1041666663165,-23.7708333336245,10.1079998016357,143
-68.4791666663355,-27.2291666669855,-2.00166702270508,120
-74.9791666663875,-13.4791666668755,4.52183294296265,736
-68.0624999996655,-20.4791666669315,7.13516712188721,93
-75.8541666663945,-11.4375000001925,6.63850021362305,874
-72.6041666663685,-14.3125000002155,4.24766683578491,900
-65.8124999996475,-25.0625000003015,7.87316703796387,215
-68.3958333330015,-24.3125000002955,10.2733297348022,28
-71.6874999996945,-13.8958333335455,8.59383296966553,819
-67.6874999996625,-26.3125000003115,9.39700031280518,60
-74.5208333330505,-12.6458333335355,8.59049987792969,950
-71.1041666663565,-15.0208333335545,5.88800001144409,817
-72.6458333330355,-14.3958333335495,3.10166692733765,887
-72.0624999996975,-14.0625000002135,11.895170211792,892
-68.6458333330035,-20.9375000002685,3.78449988365173,75
-68.4374999996685,-17.4375000002405,8.89366626739502,415
-67.3541666663265,-21.7291666669415,7.70650005340576,84
-75.1041666663885,-12.3125000001995,8.51233291625977,855
-67.8124999996635,-23.0625000002855,3.1489999294281,70
-75.9791666663955,-12.3125000001995,4.07533311843872,713
-66.0624999996495,-23.4375000002885,9.92150020599365,152
-71.6458333330275,-13.3541666668745,10.6023302078247,550
-71.9791666663635,-14.6041666668845,6.71483278274536,894
-73.6458333330435,-14.6041666668845,4.08300018310547,877
-68.8958333330055,-25.7291666669735,6.52733278274536,35
-70.3541666663505,-16.6875000002345,5.00283288955688,500
-66.8124999996555,-23.4791666669555,5.70516586303711,106
-68.0624999996655,-23.3541666669545,14.2200002670288,42
-71.2708333330245,-14.6458333335515,6.10483407974243,869
-68.3958333330015,-21.2708333336045,3.60183310508728,72
-66.6458333329875,-20.4791666669315,9.5285005569458,147
-68.5624999996695,-27.9791666669915,3.33899998664856,113
-68.8541666663385,-27.4791666669875,1.98716700077057,103
-68.8958333330055,-16.9375000002365,8.71833324432373,560
-67.4374999996605,-24.9375000003005,8.52200031280518,61
-67.5624999996615,-26.1875000003105,8.24816703796387,67
-66.7291666663215,-21.1458333336035,9.16950035095215,131
-67.0624999996575,-24.4375000002965,8.75800037384033,79
-70.4374999996845,-14.1041666668805,4.93166589736938,827
-75.2708333330565,-13.1458333335395,2.90199995040894,725
-66.8958333329895,-23.9791666669595,6.57133293151855,97
-71.8541666663625,-14.6041666668845,5.00216722488403,893
-69.7291666663455,-17.1875000002385,4.4064998626709,427
-70.4374999996845,-14.2291666668815,4.23616695404053,857
-72.5208333330345,-13.8541666668785,8.2078332901001,954
-68.8541666663385,-27.3958333336535,-0.61466658115387,107
-68.4791666663355,-26.5208333336465,-0.286666691303253,89
-73.2708333330405,-15.1875000002225,9.93733310699463,456
-66.8958333329895,-25.5625000003055,6.50400018692017,99
-66.2291666663175,-21.6458333336075,9.1966667175293,197
-74.9374999997205,-12.6041666668685,10.193829536438,782
-65.6874999996465,-24.6875000002985,9.29916667938232,226
-76.8124999997355,-9.6875000001785,7.51383399963379,848
-69.3124999996755,-16.7291666669015,7.39750003814697,644
-69.1041666663405,-19.5625000002575,4.9143328666687,129
-67.3541666663265,-24.3125000002955,8.17766666412354,65
-69.4374999996765,-28.1875000003265,-0.221666693687439,116
-71.6041666663605,-13.5625000002095,7.26949977874756,792
-67.9791666663315,-26.1041666669765,10.1951704025269,45
-68.7291666663375,-17.7291666669095,6.99083280563354,401
-70.6041666663525,-16.8125000002355,4.91900014877319,407
-66.5624999996535,-26.6041666669805,5.56366682052612,158
-66.8124999996555,-20.4375000002645,9.694167137146,132
-67.2291666663255,-23.0208333336185,5.323166847229,85
-75.0624999997215,-13.1458333335395,2.98316693305969,781
-66.3124999996515,-24.3541666669625,6.95100021362305,134
-70.8124999996875,-14.4375000002165,4.23566722869873,874
-69.3541666663425,-25.4375000003045,10.9676704406738,12
-69.5624999996775,-29.2708333336685,0.218500003218651,131
-71.7291666663615,-15.8958333335615,3.84583306312561,424
-67.7708333329965,-21.1875000002705,5.63816690444946,80
-68.8124999996715,-21.1041666669365,4.51333284378052,61
-70.0624999996815,-16.7708333335685,3.48216700553894,563
-68.7708333330045,-17.0625000002375,9.04699993133545,514
-68.4374999996685,-17.3958333335735,9.08199977874756,421
-76.0624999997295,-11.7708333335285,2.92483305931091,919
-74.1458333330475,-13.9375000002125,5.39633321762085,886
-69.3541666663425,-28.8125000003315,1.08416700363159,120
-68.6874999996705,-19.8541666669265,4.98099994659424,118
-74.0208333330465,-14.4375000002165,5.45949983596802,808
-73.6874999997105,-15.3958333335575,8.24199962615967,418
-77.1874999997385,-9.6875000001785,6.25033283233643,735
-69.7291666663455,-14.8958333335535,8.28483295440674,734
-69.1041666663405,-20.3125000002635,7.70233297348022,61
-67.0208333329905,-20.3541666669305,8.71249961853027,172
-67.9791666663315,-27.0208333336505,3.02716708183289,107
-68.4374999996685,-20.5208333335985,6.49533319473267,79
-67.2291666663255,-22.0625000002775,4.31983280181885,102
-75.1458333330555,-13.8125000002115,8.45800018310547,498
-72.6874999997025,-14.8958333335535,4.72900009155273,702
-74.1458333330475,-13.3125000002075,7.71816682815552,934
-65.8124999996475,-25.6041666669725,13.8144998550415,199
-76.2708333330645,-10.2291666668495,15.7101697921753,597
-66.3958333329855,-25.8125000003075,11.9370002746582,132
-67.0208333329905,-24.9791666669675,7.33883285522461,84
-71.0208333330225,-14.4791666668835,4.14966678619385,878
-67.7708333329965,-24.8125000002995,9.16199970245361,147
-69.0624999996735,-20.9791666669355,11.4856700897217,24
-73.2708333330405,-14.6041666668845,4.76183319091797,854
-66.6041666663205,-26.0208333336425,2.86683297157288,158
-69.2291666663415,-19.8541666669265,10.8916702270508,47
-68.2708333330005,-21.2291666669375,6.91133308410645,65
-75.8958333330615,-12.8125000002035,16.503999710083,160
-68.4374999996685,-23.6041666669565,14.2609996795654,26
-65.1874999996425,-22.2708333336125,9.10816669464111,340
-68.0208333329985,-24.5208333336305,6.25833320617676,49
-68.9374999996725,-26.7708333336485,4.77349996566772,62
-66.5624999996535,-19.6041666669245,6.65383291244507,167
-69.7708333330125,-14.7708333335525,4.58300018310547,885
-66.0208333329825,-23.3958333336215,9.13933277130127,158
-66.3124999996515,-25.6875000003065,11.2969999313354,135
-66.4791666663195,-24.4791666669635,5.74666595458984,122
-77.6874999997425,-9.3958333335095,3.65933299064636,672
-74.3958333330495,-14.9375000002205,10.8430004119873,443
-69.8541666663465,-16.1458333335635,9.01449966430664,806
-68.9791666663395,-15.2708333335565,7.11666679382324,915
-77.1458333330715,-9.4791666668435,12.0861701965332,817
-66.9374999996565,-25.0208333336345,3.30333304405212,111
-68.9374999996725,-17.6458333335755,6.8148341178894,400
-67.3958333329935,-25.7708333336405,6.37099981307983,78
-66.8541666663225,-24.3541666669625,4.53266716003418,105
-69.1458333330075,-19.8125000002595,7.92066717147827,82
-69.0624999996735,-20.0208333335945,5.59883403778076,90
-68.2708333330005,-23.6875000002905,14.1596698760986,31
-68.1874999996665,-26.0208333336425,4.60699987411499,61
-75.7708333330605,-11.6875000001945,8.24683380126953,722
-70.0208333330145,-14.8541666668865,6.99066686630249,771
-68.7291666663375,-18.4791666669155,7.19483280181885,272
-68.9791666663395,-28.1041666669925,-3.78600001335144,145
-69.6458333330115,-17.3125000002395,6.381667137146,352
-74.6874999997185,-12.6458333335355,10.1086702346802,812
-67.8541666663305,-18.0625000002455,7.54166698455811,327
-73.6874999997105,-14.8125000002195,4.27083301544189,801
-72.7291666663695,-13.8125000002115,7.81799983978271,962
-65.6458333329795,-24.1458333336275,6.65083312988281,204
-72.8541666663705,-15.0625000002215,3.90583300590515,664
-66.1041666663165,-21.8541666669425,8.61983299255371,212
-66.2291666663175,-22.3125000002795,6.55133295059204,182
-72.5624999997015,-15.3958333335575,2.74799990653992,554
-65.8124999996475,-23.8541666669585,9.87899971008301,169
-76.2708333330645,-10.3541666668505,7.40816688537598,1130
-66.8541666663225,-20.4375000002645,9.60366630554199,127
-68.0624999996655,-27.0625000003175,5.69283294677734,89
-76.2708333330645,-10.1041666668485,11.4553298950195,978
-67.1874999996585,-17.8958333335775,9.79766654968262,396
-69.6041666663445,-17.1875000002385,6.62099981307983,396
-76.6874999997345,-10.6875000001865,3.27600002288818,842
-68.3124999996675,-26.6041666669805,1.35150003433228,90
-67.5624999996615,-26.3541666669785,10.6429996490479,60
-76.2291666663975,-12.1458333335315,9.98133373260498,394
-75.1874999997225,-11.8541666668625,8.36966705322266,972
-71.8958333330295,-15.1041666668885,1.53116703033447,774
-74.3124999997155,-13.0625000002055,16.7496700286865,493
-68.0624999996655,-20.1875000002625,6.84100008010864,112
-70.6458333330195,-16.1458333335635,7.04250001907349,537
-66.4374999996525,-23.9791666669595,6.91599988937378,127
-67.4791666663275,-25.7708333336405,5.34499979019165,79
-76.2708333330645,-11.6041666668605,2.31666707992554,942
-67.8958333329975,-21.9791666669435,2.71083307266235,79
-67.0208333329905,-22.2291666669455,4.69399976730347,112
-76.8958333330695,-10.0625000001815,4.03366708755493,861
-68.3958333330015,-18.8541666669185,7.67616701126099,215
-70.1458333330155,-14.1458333335475,3.74116706848145,878
-69.5208333330105,-14.6041666668845,2.89450001716614,941
-73.6041666663765,-14.3125000002155,6.87466716766357,914
-75.5624999997255,-13.3125000002075,8.72016716003418,524
-67.7291666663295,-21.2291666669375,6.1855001449585,77
-68.6874999996705,-17.1458333335715,9.1584997177124,490
-73.4791666663755,-15.4791666668915,8.41100025177002,392
-66.0624999996495,-22.6875000002825,9.58216667175293,186
-70.5208333330185,-13.9791666668795,5.24516677856445,789
-66.7708333329885,-20.3541666669305,8.84183311462402,137
-69.3541666663425,-28.6875000003305,0.415166586637497,117
-66.8541666663225,-25.1458333336355,7.74866676330566,93
-76.6041666664005,-11.0208333335225,2.11116600036621,899
-75.1874999997225,-12.6875000002025,5.357666015625,756
-66.7291666663215,-24.2291666669615,2.63333296775818,127
-68.3541666663345,-23.1458333336195,13.998330116272,31
-66.1874999996505,-23.8541666669585,10.2558298110962,141
-71.4791666663595,-15.2708333335565,5.08883285522461,716
-74.9791666663875,-12.8541666668705,4.38000011444092,817
-70.0624999996815,-14.1458333335475,4.22749996185303,867
-66.7291666663215,-25.5208333336385,3.61849999427795,129
-75.1041666663885,-12.8541666668705,5.11083316802979,753
-75.6874999997265,-12.5625000002015,4.11800003051758,724
-69.7708333330125,-17.4375000002405,2.37283301353455,395
-75.1458333330555,-12.1875000001985,10.1801700592041,807
-69.0208333330065,-17.1875000002385,8.5290002822876,470
-70.9374999996885,-15.7708333335605,3.55983304977417,634
-69.2708333330085,-15.2708333335565,6.6399998664856,918
-68.3541666663345,-21.6875000002745,2.33783292770386,71
-70.9374999996885,-16.3125000002315,3.72116708755493,469
-72.9374999997045,-14.0625000002135,6.0861668586731,925
-70.2291666663495,-17.2291666669055,9.27216720581055,221
-73.6458333330435,-15.5208333335585,9.87316703796387,289
-73.3958333330415,-13.6041666668765,9.36250019073486,914
-72.5624999997015,-14.2291666668815,7.70766687393188,917
-69.0624999996735,-27.1041666669845,5.7649998664856,62
-66.0624999996495,-25.2291666669695,12.7561702728271,160
-65.3541666663105,-22.2708333336125,10.0658302307129,325
-71.8958333330295,-16.0208333335625,10.4224996566772,166
-68.7708333330045,-19.4375000002565,5.76599979400635,151
-72.4374999997005,-13.8958333335455,9.57516670227051,937
-73.9791666663795,-15.1458333335555,15.9545001983643,137
-68.2708333330005,-22.7291666669495,10.7410001754761,35
-68.1458333329995,-25.9375000003085,6.07766723632812,54
-67.6874999996625,-24.8541666669665,9.16499996185303,127
-65.3541666663105,-23.1458333336195,11.7873296737671,200
-72.7708333330365,-14.5625000002175,2.95749998092651,853
-68.4791666663355,-27.7291666669895,1.63866698741913,120
-66.9791666663235,-19.9375000002605,8.98149967193604,130
-67.7708333329965,-19.7291666669255,6.59566688537598,145
-66.9374999996565,-22.5208333336145,2.97966694831848,120
-73.6041666663765,-14.8125000002195,5.86850023269653,796
-67.5208333329945,-19.1458333335875,8.54049968719482,216
-73.9791666663795,-14.3958333335495,7.1788330078125,817
-66.6874999996545,-23.0625000002855,6.69049978256226,120
-67.4374999996605,-19.9791666669275,8.00066661834717,167
-68.8541666663385,-28.7291666669975,4.9921669960022,126
-68.5208333330025,-25.5625000003055,2.79333305358887,53
-68.5624999996695,-19.1875000002545,6.75649976730347,180
-69.3541666663425,-20.1458333335955,13.5786695480347,19
-78.0208333330785,-7.5208333334945,13.2729997634888,954
-66.8958333329895,-21.6458333336075,7.80299997329712,118
-70.9374999996885,-14.8958333335535,5.02500009536743,869
-75.1041666663885,-14.1041666668805,13.9324998855591,201
-74.1458333330475,-13.1458333335395,16.2153301239014,582
-69.3958333330095,-20.0208333335945,14.0228300094604,19
-70.7291666663535,-15.0208333335545,4.21183300018311,910
-72.8541666663705,-14.3125000002155,5.90183401107788,899
-68.9791666663395,-18.4791666669155,3.18983292579651,321
-74.6874999997185,-14.0625000002135,4.99749994277954,718
-68.1041666663325,-25.2708333336365,8.09366703033447,42
-70.2291666663495,-15.4375000002245,9.33883285522461,659
-70.9791666663555,-15.5625000002255,4.09683322906494,697
-68.9374999996725,-17.5625000002415,7.52833318710327,405
-68.0624999996655,-18.1875000002465,7.81500005722046,306
-66.8541666663225,-18.8125000002515,9.61100006103516,363
-66.8958333329895,-18.7708333335845,9.45233345031738,360
-74.2708333330485,-14.3958333335495,6.11583280563354,736
-74.7708333330525,-13.1458333335395,3.75200009346008,880
-67.6458333329955,-27.0625000003175,10.9203300476074,100
-77.0624999997375,-10.4791666668515,11.1680002212524,562
-74.8124999997195,-14.3541666668825,9.51216697692871,500
-69.3958333330095,-18.2708333335805,2.45666694641113,300
-67.2708333329925,-20.1041666669285,8.19999980926514,158
-68.5624999996695,-21.6875000002745,7.18249988555908,44
-66.2708333329845,-22.4791666669475,6.58699989318848,172
-71.1041666663565,-15.8125000002275,3.46849989891052,529
-71.1041666663565,-16.3958333335655,4.51749992370605,369
-68.7291666663375,-17.4791666669075,8.42133331298828,421
-67.5624999996615,-19.8541666669265,8.0198335647583,127
-67.9791666663315,-19.3125000002555,7.83900022506714,177
-69.3541666663425,-19.0208333335865,6.73316717147827,148
-71.0624999996895,-13.9375000002125,3.0220000743866,883
-72.0624999996975,-14.0208333335465,11.4986696243286,880
-68.3958333330015,-22.2291666669455,10.636830329895,34
-71.3541666663585,-15.3958333335575,2.47216701507568,735
-67.4791666663275,-20.0625000002615,7.76866722106934,171
-68.8541666663385,-24.2291666669615,10.0643301010132,16
-69.2291666663415,-20.8541666669345,15.0954999923706,12
-65.2291666663095,-22.1041666669445,8.97933387756348,349
-65.2291666663095,-22.6041666669485,10.8894996643066,310
-76.9791666664035,-10.9375000001885,10.5058298110962,539
-67.6874999996625,-25.4375000003045,6.12283277511597,63
-67.8124999996635,-22.5625000002815,0.403499990701675,91
-72.8958333330375,-15.5208333335585,10.5073299407959,321
-67.6458333329955,-20.6458333335995,6.06116676330566,92
-68.9791666663395,-18.6458333335835,5.72583293914795,258
-68.2708333330005,-25.5625000003055,6.90233278274536,44
-68.6041666663365,-18.7291666669175,7.16316699981689,234
-65.8541666663145,-24.3541666669625,9.2368335723877,167
-72.1041666663645,-15.8958333335615,6.00899982452393,317
-68.8124999996715,-26.8541666669825,2.28500008583069,81
-71.5624999996935,-16.2708333335645,10.1016702651978,178
-68.4791666663355,-18.3125000002475,7.22283315658569,303
-69.4374999996765,-29.4375000003365,1.04583299160004,130
-69.6458333330115,-28.4791666669955,-2.93700003623962,138
-73.0624999997055,-14.9791666668875,2.88350009918213,718
-75.2708333330565,-12.9375000002045,2.68583297729492,736
-67.9791666663315,-23.2291666669535,13.1374998092651,46
-66.5624999996535,-23.5208333336225,6.06416702270508,124
-70.8958333330215,-14.9375000002205,5.5861668586731,836
-74.0208333330465,-13.6458333335435,10.3136701583862,865
-65.0624999996415,-22.6875000002825,10.5354995727539,324
-68.1458333329995,-21.1458333336035,6.82216596603394,66
-77.3124999997395,-8.8541666668385,8.55316638946533,796
-67.7291666663295,-26.1458333336435,4.29650020599365,79
-75.4374999997245,-11.7708333335285,10.3404998779297,735
-67.3124999996595,-22.5208333336145,3.92866706848145,94
-67.8124999996635,-18.5625000002495,8.21883296966553,270
-77.0208333330705,-9.7291666668455,4.25333404541016,855
-75.5624999997255,-11.8958333335295,8.57233333587646,826
-70.3958333330175,-14.6458333335515,6.39133405685425,766
-73.2291666663735,-14.3125000002155,10.6761703491211,863
-67.3541666663265,-22.4375000002805,3.80450010299683,92
-69.4791666663435,-18.3125000002475,2.59549999237061,274
-73.6041666663765,-13.8958333335455,7.40283298492432,905
-67.0624999996575,-20.6041666669325,9.43383312225342,131
-74.6041666663845,-14.4375000002165,7.76733303070068,618
-72.1458333330315,-15.1458333335555,2.09349989891052,703
-70.5208333330185,-15.3541666668905,3.94449996948242,940
-69.7708333330125,-16.3541666668985,8.0305004119873,737
-68.0208333329985,-19.2708333335885,7.85449981689453,176
-67.4374999996605,-19.0625000002535,8.64716720581055,234
-67.3541666663265,-25.1875000003025,4.04233312606812,87
-67.1458333329915,-22.0625000002775,3.46883296966553,113
-67.3541666663265,-20.9375000002685,8.33083343505859,85
-76.1041666663965,-12.8125000002035,13.6941699981689,212
-68.0624999996655,-23.2291666669535,14.0778303146362,43
-68.1458333329995,-21.6458333336075,3.87916707992554,69
-68.5624999996695,-20.3541666669305,6.46950006484985,83
-67.3124999996595,-19.5208333335905,8.71700000762939,169
-65.6041666663125,-22.1458333336115,11.6881704330444,324
-68.3541666663345,-23.1041666669525,13.8906698226929,31
-66.8958333329895,-26.1041666669765,1.94900000095367,138
-73.5624999997095,-14.5208333335505,3.87633299827576,891
-67.0624999996575,-21.6458333336075,8.23916625976562,103
-77.1041666664045,-10.6041666668525,12.1796703338623,472
-67.5624999996615,-24.2291666669615,9.69033336639404,65
-66.9374999996565,-26.6458333336475,10.3388299942017,101
-66.9374999996565,-25.5625000003055,5.85533285140991,100
-69.1458333330075,-20.9375000002685,13.9233303070068,15
-78.1041666664125,-8.2708333335005,17.2356700897217,370
-67.5208333329945,-26.4791666669795,11.6321697235107,60
-66.4374999996525,-26.2708333336445,4.95366716384888,162
-67.1874999996585,-20.5625000002655,8.28366661071777,167
-70.9374999996885,-15.5625000002255,4.56699991226196,710
-66.7708333329885,-19.3958333335895,8.86166667938232,196
-68.8124999996715,-25.0208333336345,7.66883277893066,25
-72.5624999997015,-15.1458333335555,1.75499999523163,661
-76.1041666663965,-10.5208333335185,7.92316722869873,1206
-71.1874999996905,-14.0625000002135,3.50250005722046,895
-75.0208333330545,-13.9375000002125,8.76216697692871,506
-67.6874999996625,-17.3541666669065,8.07833290100098,415
-68.5624999996695,-26.8541666669825,3.12966704368591,76
-70.5624999996855,-15.0208333335545,6.635666847229,806
-65.8541666663145,-24.3125000002955,8.44649982452393,168
-68.5208333330025,-19.7708333335925,6.5770001411438,119
-70.7291666663535,-16.3125000002315,8.58366680145264,401
-76.0624999997295,-10.3125000001835,6.59250020980835,1351
-73.6041666663765,-13.6041666668765,6.67566680908203,1007
-76.3958333330655,-11.5208333335265,1.94449996948242,922
-67.7291666663295,-24.6875000002985,9.30516719818115,128
-67.6458333329955,-24.2708333336285,8.32883358001709,54
-68.1874999996665,-26.8958333336495,4.46916723251343,86
-69.5624999996775,-14.6041666668845,4.5546669960022,888
-78.3541666664145,-7.9791666668315,9.2504997253418,689
-66.6041666663205,-25.6458333336395,4.58799982070923,142
-68.9374999996725,-27.3541666669865,1.45516705513,95
-75.3541666663905,-13.0208333335385,2.54866600036621,716
-71.9791666663635,-15.3958333335575,3.98499989509583,586
-73.1458333330395,-14.0625000002135,8.9461669921875,931
-75.9791666663955,-11.3541666668585,5.50216722488403,952
-77.5624999997415,-9.9791666668475,8.44499969482422,533
-68.4374999996685,-28.1041666669925,1.47416698932648,132
-67.5208333329945,-17.6458333335755,8.85583305358887,374
-66.5208333329865,-22.2291666669455,6.19316720962524,156
-67.1874999996585,-20.6041666669325,8.50016689300537,159
-68.3541666663345,-18.4375000002485,7.81233310699463,265
-67.0624999996575,-18.7708333335845,8.98516654968262,326
-73.8958333330455,-15.3958333335575,7.22399997711182,448
-66.0624999996495,-21.8958333336095,9.89166641235352,226
-67.9374999996645,-21.5208333336065,2.3828330039978,87
-68.4374999996685,-20.0208333335945,5.58283281326294,111
-65.8124999996475,-23.7708333336245,9.82533359527588,167
-75.5208333330585,-12.5208333335345,4.44799995422363,756
-68.0208333329985,-25.8541666669745,7.37783288955688,51
-67.2708333329925,-19.4375000002565,8.79950046539307,181
-71.8958333330295,-13.6458333335435,8.19900035858154,848
-67.2708333329925,-19.9375000002605,8.33800029754639,163
-69.1458333330075,-26.8958333336495,5.50033283233643,51
-67.4374999996605,-21.0208333336025,8.21366691589355,79
-68.9374999996725,-25.9791666669755,2.54016709327698,52
-65.3958333329775,-22.5208333336145,8.83250045776367,288
-66.9791666663235,-21.1041666669365,9.28883361816406,109
-74.6458333330515,-14.4375000002165,10.7246704101562,495
-74.3124999997155,-15.3125000002235,18.3174991607666,21
-67.8958333329975,-17.2291666669055,9.03299999237061,408
-69.0208333330065,-21.0625000002695,10.573169708252,29
-68.0624999996655,-18.7291666669175,7.98433399200439,237
-75.1458333330555,-14.1041666668805,12.8343296051025,220
-69.5624999996775,-16.9375000002365,3.57633304595947,564
-67.8124999996635,-18.7291666669175,8.30516624450684,250
-71.5624999996935,-15.6041666668925,4.14966678619385,549
-74.7708333330525,-14.2291666668815,5.80516719818115,646
-73.9374999997125,-14.0208333335465,11.1271696090698,828
-65.8541666663145,-24.1875000002945,10.1176700592041,171
-69.3124999996755,-17.4375000002405,7.44016695022583,374
-66.8958333329895,-23.5208333336225,6.53950023651123,96
-70.6041666663525,-14.7708333335525,6.30800008773804,798
-67.4791666663275,-20.7291666669335,8.54450035095215,108
-67.2291666663255,-23.8541666669585,6.89050006866455,95
-65.7708333329805,-25.3125000003035,13.3933296203613,224
-66.9791666663235,-25.3541666669705,7.06983280181885,85
-68.5208333330025,-21.1875000002705,1.66933298110962,84
-67.6458333329955,-21.1875000002705,5.9433331489563,83
-72.1874999996985,-13.4375000002085,11.3916702270508,744
-74.8958333330535,-12.8541666668705,5.16633319854736,832
-67.8541666663305,-23.0625000002855,4.64383411407471,64
-75.8541666663945,-12.2291666668655,4.38899993896484,782
-73.4374999997085,-13.8541666668785,6.33850002288818,938
-65.1041666663085,-22.7291666669495,14.6446695327759,412
-68.6458333330035,-18.3958333335815,7.48616600036621,277
-70.8124999996875,-14.9791666668875,4.90100002288818,875
-66.3124999996515,-23.2291666669535,8.79899978637695,138
-68.1458333329995,-18.7708333335845,7.99633407592773,231
-66.9374999996565,-24.0625000002935,5.10249996185303,99
-71.3124999996915,-13.6041666668765,5.51666688919067,843
-68.0208333329985,-18.2708333335805,7.68016719818115,297
-68.0624999996655,-21.5625000002735,5.04899978637695,68
-67.8124999996635,-22.9791666669515,2.82483291625977,74
-68.7291666663375,-24.1875000002945,11.0419998168945,19
-74.7708333330525,-12.4375000002005,10.1463298797607,860
-68.1874999996665,-18.4375000002485,7.95366716384888,267
-66.6041666663205,-22.2291666669455,4.4921669960022,153
-68.9791666663395,-27.3125000003195,2.78666710853577,86
-68.7708333330045,-16.8541666669025,8.69550037384033,589
-74.9374999997205,-12.2708333335325,12.8441696166992,719
-68.7708333330045,-19.2708333335885,6.1560001373291,166
-70.3541666663505,-17.2291666669055,8.83533382415771,213
-66.9374999996565,-25.0625000003015,1.99816703796387,126
-70.2291666663495,-14.4375000002165,5.41849994659424,797
-73.3541666663745,-15.0208333335545,9.39433288574219,549
-73.3541666663745,-14.4375000002165,4.80983304977417,928
-71.3124999996915,-15.8958333335615,4.50400018692017,415
-75.6874999997265,-12.6458333335355,3.13450002670288,727
-69.1458333330075,-24.7291666669655,6.31316709518433,22
-67.8124999996635,-26.0208333336425,5.65866708755493,68
-71.7291666663615,-14.3125000002155,6.78066682815552,947
-70.2708333330165,-15.3958333335575,8.67700004577637,708
-69.0208333330065,-28.0208333336585,-1.08066701889038,140
-70.6458333330195,-14.4375000002165,5.44733285903931,811
-67.8541666663305,-25.1875000003025,2.78583288192749,74
-67.3958333329935,-22.9375000002845,4.64283323287964,82
-66.2291666663175,-24.7708333336325,8.58733367919922,145
-68.8541666663385,-17.1041666669045,8.94099998474121,503
-78.6041666664165,-6.8125000001555,8.51650047302246,1097
-73.5624999997095,-13.5625000002095,7.19000005722046,972
-69.2291666663415,-17.3125000002395,7.14583301544189,428
-71.8958333330295,-15.3125000002235,1.83033299446106,706
-66.6874999996545,-19.9791666669275,5.7039999961853,153
-75.6041666663925,-13.6041666668765,17.4023303985596,61
-76.1458333330635,-11.0208333335225,6.3691668510437,935
-73.1458333330395,-14.2291666668815,11.1829996109009,891
-72.1458333330315,-14.6458333335515,6.08349990844727,840
-66.3958333329855,-21.6041666669405,6.66316699981689,172
-66.9374999996565,-21.5625000002735,8.29650020599365,114
-68.4374999996685,-22.7708333336165,9.07450008392334,33
-67.6874999996625,-25.3125000003035,4.34366703033447,72
-67.2291666663255,-20.5208333335985,8.17899990081787,166
-66.4374999996525,-20.0208333335945,9.09383296966553,159
-66.1874999996505,-23.9375000002925,9.93983364105225,140
-70.5208333330185,-16.1041666668965,5.58683300018311,654
-68.8541666663385,-19.7291666669255,1.36666703224182,165
-70.2291666663495,-14.8125000002195,7.81866598129272,718
-67.7291666663295,-27.0625000003175,11.4433298110962,91
-69.6041666663445,-16.1875000002305,8.98783302307129,963
-71.4374999996925,-14.5208333335505,7.11816596984863,874
-73.1041666663725,-14.9375000002205,3.15066695213318,729
-70.5624999996855,-15.7291666668935,5.69083404541016,812
-67.5624999996615,-25.1875000003025,6.20116710662842,68
-65.5624999996455,-22.6875000002825,9.27933311462402,245
-71.4374999996925,-13.7708333335445,5.135666847229,865
-71.7291666663615,-13.6875000002105,7.89416599273682,832
-66.5208333329865,-26.3958333336455,5.00983285903931,157
-69.4374999996765,-16.7708333335685,5.12900018692017,628
-67.4374999996605,-25.6041666669725,4.4835000038147,84
-67.0624999996575,-18.6458333335835,9.09133338928223,344
-67.8541666663305,-23.1875000002865,7.98066711425781,54
-76.7708333330685,-10.1041666668485,4.96649980545044,858
-67.5208333329945,-22.0625000002775,4.94183301925659,82
-73.3124999997075,-15.4791666668915,12.1534996032715,234
-65.7708333329805,-23.5625000002895,10.127329826355,168
-67.1458333329915,-19.8958333335935,8.93333339691162,130
-72.4791666663675,-13.8958333335455,14.8896703720093,998
-69.3541666663425,-27.6875000003225,4.14699983596802,80
-75.3958333330575,-13.6041666668765,12.426830291748,294
-67.2708333329925,-26.6041666669805,8.92716693878174,87
-69.5624999996775,-29.2708333336685,0.218500003218651,131
-67.9374999996645,-20.2291666669295,7.22149991989136,109
-69.1874999996745,-20.3125000002635,11.2171697616577,34
-75.1874999997225,-12.6041666668685,7.97883319854736,789
-68.2708333330005,-20.8541666669345,6.40683317184448,74
-65.1041666663085,-22.3541666669465,9.94149971008301,351
-68.5208333330025,-24.9375000003005,4.48433303833008,41
-67.2708333329925,-18.8958333335855,8.64366626739502,274
-66.3124999996515,-21.5208333336065,7.69649982452393,181
-67.0624999996575,-20.9791666669355,9.32450008392334,101
-76.1458333330635,-12.1875000001985,4.69483280181885,672
-67.1874999996585,-24.1875000002945,6.05983400344849,82
-67.1458333329915,-18.8125000002515,8.99316692352295,304
-74.3958333330495,-13.8958333335455,7.42916679382324,770
-68.1041666663325,-18.2708333335805,8.01816654205322,295
-66.8124999996555,-20.8958333336015,9.72383308410645,124
-67.3958333329935,-24.7708333336325,8.68083381652832,63
-70.1458333330155,-14.4375000002165,5.59600019454956,791
-68.0624999996655,-23.0625000002855,13.8583297729492,44
-66.9374999996565,-25.8125000003075,4.27466678619385,115
-66.4791666663195,-23.0625000002855,6.44016599655151,135
-67.1041666663245,-21.0625000002695,8.90516662597656,99
-74.8124999997195,-14.2291666668815,6.78900003433228,612
-74.4791666663835,-12.6458333335355,7.13800001144409,1007
-68.4374999996685,-26.7291666669815,1.93783295154572,88
-70.9374999996885,-15.4791666668915,3.07100009918213,789
-77.5208333330745,-8.6041666668365,14.7206697463989,577
-65.9791666663155,-21.8125000002755,10.042670249939,237
-67.6458333329955,-26.4791666669795,8.49283313751221,71
-77.7708333330765,-9.0625000001735,14.7799997329712,383
-71.0208333330225,-13.8541666668785,2.44083309173584,905
-70.6874999996865,-14.9791666668875,6.00766706466675,834
-69.1041666663405,-28.8125000003315,5.30116701126099,104
-71.1458333330235,-15.8125000002275,3.35083293914795,519
-66.9791666663235,-26.3125000003115,3.83466696739197,129
-76.0624999997295,-11.3541666668585,5.44283294677734,899
-74.4791666663835,-12.6875000002025,8.65933322906494,972
-66.6874999996545,-20.6458333335995,10.0613298416138,142
-66.9791666663235,-22.5208333336145,2.2586669921875,122
-66.7291666663215,-25.9791666669755,4.46983289718628,130
-70.1041666663485,-15.0208333335545,8.30999946594238,719
-68.0624999996655,-26.6875000003145,1.09049999713898,102
-69.7708333330125,-14.6041666668845,4.57083320617676,869
-72.7291666663695,-14.3958333335495,3.81800007820129,880
-76.6874999997345,-10.8958333335215,5.35433292388916,751
-68.3124999996675,-24.8541666669665,7.86083316802979,35
-71.3541666663585,-14.7291666668855,6.52400016784668,850
-69.2291666663415,-18.4791666669155,4.27583312988281,302
-66.5624999996535,-24.1875000002945,5.28700017929077,122
-67.9374999996645,-19.9375000002605,7.07950019836426,169
-70.6041666663525,-15.3125000002235,3.77816700935364,926
-72.3958333330335,-15.1458333335555,3.65383291244507,626
-69.3958333330095,-19.7291666669255,13.1415004730225,30
-70.1458333330155,-15.8958333335615,7.28666687011719,771
-69.3541666663425,-18.2708333335805,3.33883309364319,300
-67.9374999996645,-27.4375000003205,9.9355001449585,107
-73.3958333330415,-13.8958333335455,5.77966690063477,972
-69.6874999996785,-17.8125000002435,6.44966697692871,242
-69.2708333330085,-28.7291666669975,3.87216711044312,100
-71.4374999996925,-14.8958333335535,6.15416717529297,824
-67.3124999996595,-23.0208333336185,5.42433404922485,85
-73.4374999997085,-15.7291666668935,13.590669631958,103
-71.0624999996895,-15.3958333335575,2.71683311462402,790
-73.8958333330455,-15.5208333335585,10.1099996566772,268
-68.1041666663325,-20.7291666669335,5.02483320236206,90
-71.7291666663615,-15.4791666668915,1.09049999713898,693
-70.5208333330185,-15.8541666668945,4.93816709518433,771
-71.8541666663625,-14.9375000002205,3.74616694450378,799
-70.7708333330205,-15.7708333335605,5.04150009155273,703
-77.6458333330755,-9.8958333335135,8.39550018310547,509
-71.1458333330235,-15.3125000002235,2.52566695213318,803
-69.0624999996735,-24.8125000002995,9.39316654205322,16
-66.2291666663175,-24.6458333336315,9.39449977874756,151
-66.4791666663195,-21.2291666669375,7.85883283615112,161
-67.4374999996605,-20.1875000002625,7.87466716766357,164
-65.9791666663155,-25.2708333336365,11.0318298339844,168
-66.0208333329825,-22.7291666669495,9.58349990844727,186
-72.5208333330345,-14.1041666668805,7.70849990844727,922
-66.6458333329875,-26.3541666669785,7.09149980545044,130
-69.1458333330075,-26.1041666669765,7.06533288955688,32
-66.9374999996565,-24.7708333336325,8.0019998550415,85
-69.8958333330135,-17.5625000002415,1.64033305644989,363
-69.2291666663415,-19.1458333335875,5.52416706085205,166
-70.2291666663495,-14.3958333335495,5.22349977493286,804
-69.1874999996745,-28.6458333336635,4.36216688156128,98
-76.9374999997365,-9.1041666668405,16.6299991607666,764
-67.3958333329935,-17.8958333335775,9.19733333587646,347
-67.6874999996625,-25.3125000003035,4.34366703033447,72
-75.9791666663955,-12.9375000002045,12.0338296890259,298
-72.9791666663715,-14.8541666668865,2.84750008583069,754
-76.3541666663985,-12.1041666668645,5.07450008392334,621
-68.4791666663355,-19.0625000002535,7.18433284759521,191
-67.5208333329945,-18.5625000002495,8.47483253479004,293
-67.8124999996635,-24.3125000002955,3.89666700363159,68
-76.6874999997345,-9.6041666668445,9.31166553497314,871
-70.5208333330185,-14.1458333335475,3.11783289909363,888
-67.1041666663245,-22.8958333336175,4.05149984359741,100
-65.2291666663095,-22.2708333336125,5.97100019454956,312
-66.0208333329825,-24.0625000002935,6.97583293914795,158
-67.0208333329905,-24.0625000002935,8.60016632080078,83
-66.4374999996525,-21.2291666669375,7.66099977493286,166
-66.0624999996495,-21.8541666669425,9.58399963378906,223
-69.3124999996755,-27.6041666669885,4.15950012207031,80
-66.4374999996525,-19.6041666669245,4.72333288192749,172
-66.2708333329845,-21.6041666669405,8.99783325195312,188
-69.3958333330095,-17.8541666669105,2.19116711616516,357
-66.7291666663215,-23.9791666669595,7.05483293533325,103
-77.1874999997385,-8.9375000001725,17.3383293151855,685
-66.7291666663215,-23.1458333336195,7.04516696929932,116
-77.1041666664045,-10.2708333335165,9.13249969482422,587
-68.8124999996715,-21.5208333336065,4.7563328742981,51
-72.1041666663645,-13.9791666668795,10.5271701812744,879
-65.7291666663135,-22.6458333336155,10.8315000534058,225
-72.2708333330325,-15.5625000002255,12.0220003128052,325
-69.6041666663445,-18.2708333335805,10.0421695709229,159
-66.8958333329895,-18.2708333335805,7.95233297348022,422
-73.2708333330405,-15.0208333335545,3.76783299446106,710
-67.4374999996605,-26.6458333336475,9.55466747283936,80
-74.4791666663835,-12.6041666668685,9.06383323669434,921
-76.9374999997365,-9.5208333335105,5.65116596221924,902
-66.5208333329865,-21.6458333336075,3.60800004005432,170
-73.3124999997075,-15.1875000002225,13.9386701583862,259
-74.0208333330465,-13.6875000002105,14.8913297653198,688
-67.8541666663305,-25.1875000003025,2.78583288192749,74
-66.9791666663235,-22.3958333336135,3.85183310508728,117
-67.1874999996585,-18.8125000002515,8.96500015258789,294
-76.2291666663975,-10.3541666668505,8.94283294677734,1056
-69.3124999996755,-17.4375000002405,7.44016695022583,374
-70.9374999996885,-14.9375000002205,5.64083290100098,842
-69.6458333330115,-29.1458333336675,1.8836669921875,117
-67.5208333329945,-27.0208333336505,2.9921669960022,127
-74.2291666663815,-12.9791666668715,16.0168304443359,553
-70.8958333330215,-14.7708333335525,6.47616720199585,798
-74.1874999997145,-13.4791666668755,10.5348300933838,878
-75.7291666663935,-12.3958333335335,4.92366600036621,749
-76.6458333330675,-10.5208333335185,4.45116710662842,871
-68.6458333330035,-18.3541666669145,7.52116584777832,285
-68.6874999996705,-26.0208333336425,5.73150014877319,49
-71.7708333330285,-16.1041666668965,10.1248302459717,179
-71.6874999996945,-14.3125000002155,7.99633312225342,976
-69.2708333330085,-26.2291666669775,8.69133377075195,28
-72.5624999997015,-14.9791666668875,2.65633296966553,700
-67.8958333329975,-26.0625000003095,7.39499998092651,57
-68.9374999996725,-27.6875000003225,-0.465499997138977,145
-65.0624999996415,-22.1875000002785,8.68366622924805,368
-70.0208333330145,-16.2708333335645,7.37883281707764,695
-67.1874999996585,-21.1875000002705,8.63949966430664,91
-68.7708333330045,-26.3541666669785,5.07183313369751,57
-76.4374999997325,-11.3541666668585,2.6261670589447,941
-68.8958333330055,-18.7291666669175,5.2731671333313,259
-68.9374999996725,-25.3541666669705,5.93683290481567,33
-68.2708333330005,-18.6041666669165,7.81083297729492,243
-71.7291666663615,-13.3958333335415,7.28350019454956,810
-69.0624999996735,-27.3125000003195,2.55433297157288,82
-65.6458333329795,-23.1041666669525,8.34549999237061,208
-68.1041666663325,-25.2291666669695,8.01200008392334,41
-74.2291666663815,-13.6875000002105,7.35249996185303,860
-69.6041666663445,-16.6875000002345,7.99700021743774,570
-68.1041666663325,-22.6041666669485,6.76033401489258,49
-75.0624999997215,-13.5625000002095,3.95916700363159,716
-68.5624999996695,-25.8125000003075,4.76866722106934,48
-77.2708333330725,-9.3958333335095,5.07083320617676,841
-69.4374999996765,-20.1458333335955,15.6365003585815,12
-66.4791666663195,-24.8958333336335,5.27383279800415,126
-74.1458333330475,-13.5625000002095,11.8511695861816,819
-72.0208333330305,-13.3541666668745,9.77683353424072,718
-67.0624999996575,-22.2291666669455,4.53000020980835,109
-68.7291666663375,-27.1875000003185,1.02133297920227,98
-70.9791666663555,-15.0625000002215,4.17600011825562,873
-66.7708333329885,-24.5208333336305,7.56116676330566,96
-68.3541666663345,-24.6875000002985,5.07433319091797,44
-66.3541666663185,-21.9791666669435,8.73900032043457,175
-69.7708333330125,-14.2291666668815,3.61966705322266,907
-74.0624999997135,-14.3125000002155,5.57283401489258,816
-68.1458333329995,-27.1458333336515,4.82649993896484,89
-71.3124999996915,-16.4791666668995,8.25083446502686,228
-69.3958333330095,-18.3541666669145,3.56533288955688,277
-76.6874999997345,-11.4791666668595,7.12716722488403,556
-67.5208333329945,-25.5208333336385,9.42483329772949,55
-66.9374999996565,-25.2291666669695,6.58199977874756,94
-77.4791666664075,-9.9791666668475,3.63566708564758,624
-71.1041666663565,-16.1041666668965,5.51383304595947,405
-69.5624999996775,-17.1041666669045,5.0998330116272,472
-70.4791666663515,-15.8541666668945,5.19999980926514,779
-69.4791666663435,-17.3125000002395,6.97183322906494,385
-75.6041666663925,-12.0208333335305,8.51866626739502,789
-65.5624999996455,-22.3958333336135,10.659330368042,280
-67.7708333329965,-26.0625000003095,5.43716716766357,72
-70.7291666663535,-15.1041666668885,2.78150010108948,925
-72.5208333330345,-15.4375000002245,2.20816707611084,563
-69.0208333330065,-15.1041666668885,8.88716697692871,903
-67.4791666663275,-25.8125000003075,6.68516683578491,75
-67.4374999996605,-22.0625000002775,6.12550020217896,81
-67.1458333329915,-18.9375000002525,9.05850028991699,282
-69.2291666663415,-18.7291666669175,3.01133298873901,261
-71.0208333330225,-14.1458333335475,4.37266683578491,858
-68.0208333329985,-20.2291666669295,6.90850019454956,149
-78.4374999997485,-7.2291666668255,14.3381700515747,735
-67.8958333329975,-22.4791666669475,2.63816690444946,72
-66.1041666663165,-24.1458333336275,6.86366701126099,150
-68.8541666663385,-19.0208333335865,2.72316694259644,239
-76.0624999997295,-11.6875000001945,4.02199983596802,902
-76.8541666664025,-10.1875000001825,4.03483295440674,862
-67.4791666663275,-25.4791666669715,8.86699962615967,58
-69.0624999996735,-27.6041666669885,-0.218666702508926,112
-68.3958333330015,-18.8125000002515,7.59783315658569,219
-70.5624999996855,-14.0208333335465,4.1501669883728,860
-73.2708333330405,-15.4791666668915,12.9460000991821,212
-69.0624999996735,-18.5208333335825,3.71466708183289,304
-74.5624999997175,-14.6041666668845,7.2896671295166,617
-68.2291666663335,-22.8958333336175,13.2001695632935,36
-66.2708333329845,-23.5625000002895,6.68050003051758,144
-74.7291666663855,-13.5625000002095,8.64000034332275,758
-72.6041666663685,-14.7708333335525,1.98733305931091,784
-69.5624999996775,-14.8125000002195,4.09066677093506,911
-70.3124999996835,-15.8958333335615,4.82350015640259,805
-65.7708333329805,-23.5625000002895,10.127329826355,168
-65.9374999996485,-24.3125000002955,8.42549991607666,162
-78.2708333330805,-7.7291666668295,8.84949970245361,986
-65.9374999996485,-22.2291666669455,10.3371696472168,238
-68.2291666663335,-27.6458333336555,5.6018328666687,113
-69.2708333330085,-20.6041666669325,15.6243295669556,12
-69.1458333330075,-28.8125000003315,5.95166683197021,99
-69.1041666663405,-25.9375000003085,4.72399997711182,39
-69.2708333330085,-25.4375000003045,9.89299964904785,15
-67.0624999996575,-21.1458333336035,9.0625,101
-75.1041666663885,-12.7291666668695,3.97683310508728,803
-68.6874999996705,-23.9375000002925,10.4631700515747,20
-68.6458333330035,-17.6458333335755,7.1536660194397,414
-67.6458333329955,-19.3125000002555,8.48333358764648,186
-71.1458333330235,-13.6875000002105,2.58599996566772,911
-67.6041666663285,-18.0208333335785,8.94833374023438,322
-69.1874999996745,-19.1458333335875,5.39183282852173,174
-69.3958333330095,-16.3125000002315,6.05133295059204,862
-69.4791666663435,-15.2291666668895,8.12916660308838,852
-74.5624999997175,-12.7708333335365,10.4808301925659,831
-66.0624999996495,-23.8125000002915,10.1353302001953,147
-66.3958333329855,-21.1041666669365,7.96966695785522,168
-75.8541666663945,-12.7291666668695,8.27483367919922,526
-74.3958333330495,-13.3541666668745,10.0749998092651,868
-74.7291666663855,-13.3541666668745,2.69483304023743,864
-71.5208333330265,-13.7291666668775,6.43983316421509,834
-77.9374999997445,-8.2708333335005,7.16566705703735,906
-65.7291666663135,-23.9375000002925,6.76350021362305,185
-69.5208333330105,-16.9375000002365,4.77683401107788,549
-65.1458333329755,-22.2708333336125,10.3588304519653,353
-65.0208333329745,-22.6458333336155,13.8479995727539,427
-65.6458333329795,-24.0625000002935,8.48966693878174,196
-78.4374999997485,-6.8958333334895,8.66666698455811,1151
-68.1041666663325,-27.2708333336525,6.95516681671143,85
-69.1874999996745,-26.1458333336435,8.32683277130127,26
-68.2291666663335,-22.4375000002805,8.20116710662842,43
-71.4791666663595,-16.1041666668965,5.12200021743774,334
-78.6041666664165,-6.8541666668225,8.37600040435791,1065
-66.4374999996525,-19.5208333335905,6.00466585159302,183
-77.2291666664055,-10.3541666668505,5.9850001335144,594
-77.2708333330725,-9.5208333335105,3.11400008201599,883
-68.7291666663375,-17.4791666669075,8.42133331298828,421
-72.2708333330325,-14.3541666668825,6.89916706085205,916
-75.8541666663945,-10.8125000001875,8.6473331451416,1006
-70.7291666663535,-14.4375000002165,4.80283308029175,845
-66.2708333329845,-23.7291666669575,10.3753299713135,134
-71.2708333330245,-16.4791666668995,3.65149998664856,358
-67.7291666663295,-19.8125000002595,7.68599987030029,135
-75.3958333330575,-12.4375000002005,5.39283323287964,788
-69.5624999996775,-14.3958333335495,6.31716680526733,885
-69.7291666663455,-14.5625000002175,5.22616720199585,848
-66.1041666663165,-23.3125000002875,9.19983291625977,157
-72.6041666663685,-15.4791666668915,1.56200003623962,583
-67.8958333329975,-21.0208333336025,7.16699981689453,69
-67.0208333329905,-22.7708333336165,4.01466703414917,107
-73.1874999997065,-15.5208333335585,17.8691692352295,65
-67.9791666663315,-27.7291666669895,10.0900001525879,107
-68.2708333330005,-17.7291666669095,7.85200023651123,376
-66.9374999996565,-21.2291666669375,9.25600147247314,111
-74.2291666663815,-14.8541666668865,12.3769998550415,408
-78.5208333330825,-7.5208333334945,16.639669418335,508
-69.8541666663465,-15.5208333335585,9.66783332824707,794
-68.8124999996715,-21.5208333336065,4.7563328742981,51
-66.0624999996495,-24.7291666669655,9.16233253479004,162
-73.4374999997085,-15.2708333335565,7.19733285903931,522
-66.6041666663205,-26.8125000003155,6.5566668510437,172
-67.8541666663305,-20.1041666669285,7.05983400344849,162
-68.4374999996685,-18.8958333335855,7.57783317565918,208
-68.5208333330025,-25.3125000003035,0.851833283901215,65
-67.2291666663255,-26.6458333336475,6.95866680145264,100
-69.0208333330065,-27.4375000003205,2.16050004959106,89
-77.1041666664045,-9.8958333335135,3.64333295822144,784
-66.6458333329875,-19.8958333335935,7.301833152771,146
-69.5624999996775,-18.4375000002485,10.0713300704956,139
-67.2708333329925,-24.8541666669665,4.2810001373291,91
-75.1041666663885,-12.4375000002005,7.95349979400635,831
-65.7708333329805,-23.2291666669535,7.2189998626709,191
-67.9374999996645,-21.0625000002695,7.45499992370605,68
-69.5624999996775,-17.0625000002375,4.11033296585083,506
-70.1041666663485,-17.4791666669075,13.0926704406738,93
-72.1458333330315,-13.3958333335415,10.7466697692871,728
-74.2291666663815,-14.1875000002145,6.23050022125244,795
-66.3541666663185,-21.9791666669435,8.73900032043457,175
-69.8124999996795,-18.0208333335785,6.72300004959106,192
-77.9791666664115,-8.4791666668355,5.67933320999146,856
-69.0208333330065,-18.9791666669195,1.5098329782486,252
-68.6041666663365,-17.3125000002395,9.50033283233643,440
-75.8124999997275,-11.1458333335235,5.89716720581055,1074
-66.9374999996565,-20.2291666669295,9.33116626739502,125
-67.4791666663275,-21.1458333336035,7.49900007247925,80
-73.7291666663775,-14.1041666668805,5.9921669960022,931
-69.0624999996735,-16.8125000002355,8.65083312988281,608
-68.1874999996665,-27.8125000003235,8.1245002746582,108
-67.7291666663295,-21.3958333336055,6.13016700744629,73
-68.0624999996655,-20.7291666669335,6.80416679382324,80
-67.6041666663285,-25.3958333336375,5.03183317184448,72
-67.6874999996625,-26.0208333336425,6.8411660194397,66
-69.0624999996735,-27.7291666669895,-0.635500013828278,119
-68.6874999996705,-26.1875000003105,2.08400011062622,70
-76.7291666664015,-9.8125000001795,7.46799993515015,876
-69.5624999996775,-28.5208333336625,0.220166698098183,111
-67.6874999996625,-23.5208333336225,4.49266719818115,65
-70.8958333330215,-14.6041666668845,5.78983306884766,841
-75.7291666663935,-11.4791666668595,7.93383312225342,835
-74.0624999997135,-14.0625000002135,4.52899980545044,883
-68.7708333330045,-18.3125000002475,5.37716722488403,336
-73.0624999997055,-15.3958333335575,13.7626695632935,243
-68.6458333330035,-19.4375000002565,7.01333284378052,144
-72.8541666663705,-14.6875000002185,2.07633304595947,813
-68.4791666663355,-26.1041666669765,2.25433301925659,68
-66.7291666663215,-21.2708333336045,8.73266696929932,133
-68.5624999996695,-22.1458333336115,10.548999786377,31
-66.7708333329885,-24.6875000002985,7.72149991989136,94
-72.3541666663665,-13.7708333335445,10.2761697769165,924
-69.4374999996765,-18.4375000002485,2.2039999961853,273
-67.8541666663305,-20.8541666669345,6.98983287811279,77
-65.5624999996455,-22.4375000002805,10.5933303833008,275
-69.2708333330085,-20.1875000002625,13.0218296051025,24
-67.5208333329945,-17.3541666669065,7.75950002670288,449
-67.4374999996605,-18.6875000002505,8.65883445739746,287
-67.7291666663295,-21.1041666669365,7.58433294296265,70
-71.1041666663565,-13.9375000002125,2.56683301925659,898
-70.2291666663495,-15.3958333335575,8.82433319091797,705
-75.5624999997255,-12.3125000001995,5.01666688919067,819
-74.0624999997135,-14.6458333335515,6.7276668548584,750
-65.7291666663135,-22.6875000002825,10.8558301925659,221
-70.6458333330195,-15.6041666668925,4.22466707229614,856
-67.2708333329925,-23.1458333336195,4.31266593933105,86
-67.8541666663305,-24.8958333336335,9.18099975585938,44
-72.1041666663645,-14.4375000002165,9.6274995803833,923
-73.7291666663775,-13.6458333335435,16.5231704711914,803
-71.6458333330275,-16.1875000002305,10.9235000610352,163
-68.8958333330055,-19.4791666669235,3.56483292579651,165
-67.7291666663295,-22.3958333336135,2.03683400154114,84
-66.3541666663185,-25.6458333336395,11.7948303222656,130
-66.8124999996555,-21.9375000002765,1.74383294582367,153
-73.1458333330395,-15.3541666668905,5.71833276748657,520
-66.6458333329875,-21.2291666669375,8.80716705322266,142
-69.2708333330085,-17.3958333335735,7.20916700363159,398
-67.5624999996615,-23.3541666669545,5.24100017547607,72
-68.2291666663335,-24.0625000002935,11.8523302078247,29
-67.0624999996575,-26.1458333336435,3.97266697883606,115
-67.8541666663305,-21.8541666669425,3.11616706848145,81
-66.4791666663195,-21.6875000002745,4.73566722869873,170
-66.6041666663205,-19.2291666669215,5.81500005722046,217
-69.3541666663425,-24.4791666669635,15.0694999694824,6
-78.1041666664125,-7.7708333334965,13.439829826355,722
-67.1041666663245,-21.3958333336055,8.88283252716064,97
-67.4791666663275,-19.8125000002595,8.11849975585938,166
-69.8124999996795,-14.3958333335495,5.18183279037476,831
-74.7708333330525,-12.7708333335365,8.3415002822876,851
-67.0208333329905,-19.1875000002545,9.28166675567627,236
-71.5208333330265,-15.6458333335595,0.897833287715912,641
-67.6458333329955,-24.7708333336325,9.2723331451416,91
-75.7291666663935,-11.8125000001955,8.25583362579346,726
-70.3958333330175,-14.6875000002185,7.37883281707764,732
-69.3958333330095,-18.1041666669125,1.15199995040894,339
-66.4374999996525,-25.8541666669745,8.52116680145264,148
-67.7291666663295,-24.6875000002985,9.30516719818115,128
-69.4374999996765,-16.3125000002315,6.72900009155273,881
-66.9791666663235,-22.4791666669475,4.2578330039978,113
-68.5208333330025,-24.4375000002965,4.32016706466675,44
-69.7291666663455,-29.0208333336665,0.365166693925858,140
-67.6041666663285,-19.1041666669205,8.506667137146,216
-71.6874999996945,-14.2291666668815,8.42783355712891,955
-68.9374999996725,-26.5625000003135,6.31533288955688,48
-78.0624999997455,-8.4375000001685,14.1599998474121,293
-68.8541666663385,-21.1458333336035,4.34033298492432,61
-76.2291666663975,-10.4375000001845,9.53983306884766,995
-74.7708333330525,-14.6875000002185,13.9636697769165,216
-67.7708333329965,-19.8541666669265,7.54300022125244,141
-66.2708333329845,-21.2708333336045,5.88450002670288,192
-74.3124999997155,-12.7708333335365,14.5421695709229,696
-78.3124999997475,-7.6875000001625,8.0319995880127,1045
-67.7291666663295,-25.2708333336365,6.56266593933105,60
-70.5624999996855,-15.3125000002235,5.27616691589355,912
-66.5208333329865,-21.1041666669365,8.73383331298828,155
-67.7291666663295,-19.6041666669245,7.26933288574219,154
-66.2291666663175,-23.9791666669595,9.72850036621094,135
-66.6874999996545,-21.5208333336065,8.01966667175293,139
-71.3958333330255,-13.4791666668755,5.75283288955688,835
-66.6041666663205,-19.7291666669255,8.17066669464111,152
-66.6874999996545,-22.1458333336115,2.94350004196167,150
-69.6041666663445,-28.5625000003295,-0.44733339548111,121
-68.9791666663395,-21.4375000002725,8.41983318328857,32
-74.2708333330485,-12.8125000002035,13.8769998550415,730
-66.2708333329845,-22.3125000002795,7.78749990463257,176
-66.6874999996545,-23.6041666669565,7.74916696548462,108
-67.3958333329935,-23.3125000002875,4.46533298492432,77
-68.0208333329985,-19.3125000002555,7.63266706466675,180
-74.3958333330495,-14.0208333335465,6.56099987030029,769
-67.3958333329935,-18.9375000002525,8.41133308410645,256
-66.4374999996525,-21.6041666669405,6.38833284378052,170
-67.8124999996635,-22.0625000002775,2.70333290100098,81
-73.5208333330425,-13.7708333335445,12.2113304138184,929
-68.2291666663335,-17.3541666669065,8.2611665725708,435
-76.8124999997355,-10.1041666668485,4.36700010299683,882
-66.2291666663175,-24.6875000002985,10.0871696472168,150
-77.3124999997395,-10.1458333335155,5.11800003051758,566
-70.0208333330145,-17.0625000002375,3.49016690254211,475
-69.2708333330085,-19.1875000002545,6.36800003051758,142
-69.4374999996765,-16.6875000002345,6.78366708755493,647
-68.8958333330055,-19.4375000002565,3.61050009727478,170
-74.6458333330515,-12.6875000002025,9.83466625213623,833
-69.9374999996805,-17.8541666669105,10.2095003128052,136
-75.7708333330605,-12.6458333335355,3.03500008583069,714
-69.2291666663415,-14.7708333335525,3.01483297348022,930
-70.4791666663515,-15.1458333335555,5.59166717529297,878
-68.4791666663355,-18.6458333335835,7.61533403396606,240
-66.1458333329835,-22.1458333336115,8.62083339691162,202
-72.8958333330375,-15.3958333335575,-1.47016704082489,691
-66.9374999996565,-23.8541666669585,5.65216684341431,97
-66.8124999996555,-26.8541666669825,6.5393328666687,147
-68.0208333329985,-25.6458333336395,1.78416705131531,76
-72.3958333330335,-14.7708333335525,1.07066702842712,812
-69.0208333330065,-17.0625000002375,8.79399967193604,507
-67.9374999996645,-18.0208333335785,7.42000007629395,332
-74.6874999997185,-14.5208333335505,13.4724998474121,307
-71.1041666663565,-15.6875000002265,3.06383299827576,621
-77.7708333330765,-9.6041666668445,10.9350004196167,477
-67.8541666663305,-23.8541666669585,7.04250001907349,54
-72.8958333330375,-14.8541666668865,1.61199998855591,762
-76.8541666664025,-9.8958333335135,7.33549976348877,809
-70.2291666663495,-15.6458333335595,9.36883354187012,628
-76.6041666664005,-11.1458333335235,4.55149984359741,775
-73.2708333330405,-14.3125000002155,9.65966701507568,871
-66.9374999996565,-25.4791666669715,5.82450008392334,98
-78.3124999997475,-8.1041666668325,7.16416597366333,829
-67.2291666663255,-20.9375000002685,9.06333446502686,93
-70.1458333330155,-14.6041666668845,3.97550010681152,885
-66.8124999996555,-26.7708333336485,10.0614995956421,113
-75.9791666663955,-12.6458333335355,13.914999961853,263
-67.1458333329915,-25.7291666669735,4.49016714096069,97
-68.8958333330055,-19.1875000002545,4.33599996566772,197
-71.9791666663635,-13.6875000002105,12.2938299179077,699
-74.1874999997145,-14.4375000002165,4.58816719055176,781
-66.3124999996515,-26.3125000003115,2.41199994087219,193
-67.6874999996625,-19.7291666669255,7.70316600799561,143
-69.9791666663475,-16.9791666669035,4.24483299255371,492
-71.3958333330255,-15.8958333335615,3.40849995613098,444
-68.8124999996715,-27.1041666669845,-3.32649993896484,133
-73.6041666663765,-13.6458333335435,8.76266670227051,964
-65.8124999996475,-25.1875000003025,12.1106700897217,222
-66.6041666663205,-21.4375000002725,7.92833280563354,148
-68.0624999996655,-20.5625000002655,7.59816598892212,81
-74.1041666663805,-14.8541666668865,8.64050006866455,642
-71.3958333330255,-14.5625000002175,6.50150012969971,871
-69.5208333330105,-28.9375000003325,-0.811166822910309,129
-66.6874999996545,-22.6875000002825,4.81633281707764,131
-76.7291666664015,-9.8125000001795,7.46799993515015,876
-67.7291666663295,-19.4791666669235,8.31949996948242,160
-67.4374999996605,-19.8125000002595,8.16216659545898,166
-65.6041666663125,-24.4791666669635,7.59433317184448,231
-72.5208333330345,-13.7708333335445,9.44799995422363,970
-70.7708333330205,-14.0208333335465,2.50433301925659,899
-68.7708333330045,-15.4375000002245,9.55200004577637,901
-69.5624999996775,-18.3958333335815,10.1934995651245,142
-67.9791666663315,-20.8125000002675,7.61916589736938,74
-69.2708333330085,-29.0625000003335,5.53216600418091,100
-67.1458333329915,-23.8125000002915,6.87249994277954,80
-70.5624999996855,-13.8541666668785,5.55200004577637,801
-70.7291666663535,-14.7291666668855,6.67116689682007,771
-68.8541666663385,-25.3958333336375,5.54300022125244,33
-69.3958333330095,-24.5625000002975,15.1773300170898,6
-67.4374999996605,-18.1458333335795,9.16416645050049,326
-68.0208333329985,-18.2708333335805,7.68016719818115,297
-76.8541666664025,-10.4375000001845,2.60233306884766,817
-68.9374999996725,-24.8541666669665,10.1741695404053,17
-76.6874999997345,-9.7291666668455,8.88783359527588,909
-68.8124999996715,-18.1875000002465,6.13149976730347,344
-69.6041666663445,-17.1458333335715,6.23250007629395,423
-69.3124999996755,-19.1875000002545,6.63299989700317,135
-66.4374999996525,-23.4375000002885,8.74816608428955,125
-72.4374999997005,-14.8125000002195,1.12483298778534,788
-68.3958333330015,-17.3958333335735,9.03066635131836,423
-70.0624999996815,-16.3125000002315,5.30366706848145,707
-71.2291666663575,-16.0625000002295,3.54450011253357,422
-70.6458333330195,-15.6041666668925,4.22466707229614,856
-69.1458333330075,-28.1875000003265,2.18583297729492,101
-65.4374999996445,-23.7708333336245,10.6446695327759,218
-68.5208333330025,-17.9375000002445,6.09033298492432,375
-70.7708333330205,-15.1875000002225,3.45199990272522,909
-67.6458333329955,-18.8125000002515,7.87333297729492,255
-68.5208333330025,-19.8125000002595,6.27933406829834,117
-72.4374999997005,-13.5208333335425,10.7543296813965,903
-68.1041666663325,-20.1041666669285,6.85783290863037,125
-77.5624999997415,-8.3541666668345,15.7531700134277,650
-67.8541666663305,-24.6875000002985,9.38199996948242,56
-68.7708333330045,-28.6041666669965,6.56199979782104,127
-66.3958333329855,-25.2291666669695,9.75533294677734,137
-66.3958333329855,-25.6875000003065,12.4298295974731,120
-69.4374999996765,-14.9375000002205,6.03316593170166,857
-77.8541666664105,-7.9791666668315,8.79133319854736,1084
-69.8958333330135,-16.3958333335655,6.16200017929077,704
-68.8124999996715,-28.3125000003275,1.86866700649261,116
-72.3541666663665,-13.6458333335435,12.2991695404053,900
-68.0624999996655,-26.5625000003135,6.2491660118103,68
-69.9374999996805,-16.9791666669035,3.58083295822144,502
-73.8124999997115,-15.0625000002215,12.7416696548462,327
-67.6458333329955,-18.0208333335785,8.74616718292236,324
-74.0208333330465,-13.6041666668765,10.7740001678467,859
-68.3958333330015,-28.7708333336645,13.1236696243286,120
-68.8541666663385,-19.3541666669225,5.48983287811279,161
-67.8958333329975,-21.1875000002705,7.45116710662842,67
-65.9374999996485,-24.3541666669625,9.29199981689453,162
-66.4791666663195,-26.1041666669765,7.85799980163574,150
-65.3124999996435,-22.8541666669505,9.07383346557617,256
-77.1041666664045,-9.8541666668465,2.93483304977417,856
-69.0624999996735,-21.3541666669385,13.1093301773071,15
-68.3958333330015,-18.2708333335805,7.06500005722046,313
-75.7291666663935,-11.3958333335255,9.48083305358887,642
-69.3124999996755,-17.7291666669095,6.95083284378052,330
-67.8958333329975,-22.6875000002825,0.336833387613297,90
-71.0624999996895,-15.8958333335615,3.43183302879333,522
-67.2708333329925,-25.4375000003045,3.90116691589355,93
-67.0208333329905,-26.9375000003165,5.50316715240479,148
-76.8124999997355,-11.1458333335235,4.98483276367188,687
-71.6874999996945,-15.8125000002275,1.16050004959106,561
-70.1874999996825,-16.1875000002305,6.5,699
-68.2708333330005,-17.3541666669065,8.11533355712891,441
-72.6874999997025,-14.8125000002195,2.0491669178009,765
-74.4374999997165,-14.9375000002205,10.9235000610352,433
-74.1458333330475,-15.4791666668915,12.3836698532104,169
-67.7291666663295,-22.8958333336175,2.94566702842712,76
-77.3958333330735,-9.8125000001795,7.48016595840454,571
-68.3958333330015,-19.6041666669245,7.44716596603394,131
-73.5624999997095,-13.8958333335455,7.7888331413269,901
-66.8541666663225,-23.6041666669565,6.79150009155273,99
-69.3124999996755,-18.0625000002455,3.19166707992554,325
-75.1874999997225,-12.8125000002035,2.77099990844727,818
-76.3958333330655,-10.2708333335165,12.7290000915527,811
-77.7291666664095,-8.2291666668335,6.22466707229614,1136
-71.6041666663605,-15.9791666668955,7.9921669960022,303
-67.9791666663315,-17.4375000002405,8.9394998550415,394
-69.1874999996745,-24.1458333336275,13.1621704101562,9
-75.9791666663955,-12.3125000001995,4.07533311843872,713
-72.6458333330355,-15.4375000002245,3.48716688156128,530
-67.0208333329905,-25.3958333336375,6.93100023269653,87
-68.7291666663375,-28.1875000003265,1.2236670255661,120
-71.2708333330245,-14.2291666668815,8.86349964141846,717
-67.9791666663315,-22.0208333336105,2.8836669921875,75
-70.2708333330165,-16.7708333335685,2.89933300018311,534
-67.7708333329965,-23.3541666669545,5.24066686630249,66
-67.6874999996625,-21.0208333336025,8.11866664886475,68
-68.2708333330005,-18.6041666669165,7.81083297729492,243
-74.7708333330525,-13.6875000002105,5.7103328704834,740
-78.3541666664145,-7.3958333334935,8.48316669464111,1029
-67.0208333329905,-24.6041666669645,8.70766639709473,79
-73.8124999997115,-13.5208333335425,18.7246704101562,706
-68.3541666663345,-19.3541666669225,6.16683292388916,166
-67.2708333329925,-26.0208333336425,6.53816699981689,85
-69.8541666663465,-16.6875000002345,4.93333292007446,605
-68.9791666663395,-18.7291666669175,0.438499987125397,291
-67.6458333329955,-19.3958333335895,8.43050003051758,198
-68.8541666663385,-19.9791666669275,4.35349988937378,110
-66.5208333329865,-19.9791666669275,6.81033277511597,157
-69.5624999996775,-15.1875000002225,8.66050052642822,811
-69.0624999996735,-17.5208333335745,7.68366718292236,394
-76.5624999997335,-9.8958333335135,8.37899971008301,945
-76.6041666664005,-10.3541666668505,4.81416702270508,970
-67.9374999996645,-22.6875000002825,3.52099990844727,68
-68.1874999996665,-26.0208333336425,4.60699987411499,61
-66.6874999996545,-24.3125000002955,1.14416694641113,137
-68.8541666663385,-18.7291666669175,5.18816709518433,261
-69.9374999996805,-16.6458333335675,3.61199998855591,628
-65.0624999996415,-22.6875000002825,10.5354995727539,324
-67.0624999996575,-24.8958333336335,7.55716705322266,84
-68.1458333329995,-27.3958333336535,8.22200012207031,84
-77.9374999997445,-7.6458333334955,8.63633346557617,1338
-69.6041666663445,-28.8541666669985,1.82633304595947,108
-68.4791666663355,-21.5208333336065,3.48016691207886,66
-68.8958333330055,-24.4791666669635,11.2456703186035,13
-71.6458333330275,-13.6458333335435,9.69583320617676,668
-74.1458333330475,-13.0208333335385,12.7573299407959,831
-68.8124999996715,-24.7291666669655,8.65066719055176,21
-66.2708333329845,-22.0625000002775,10.4499998092651,189
-68.9791666663395,-28.6041666669965,2.99833297729492,114
-65.2708333329765,-22.7291666669495,8.54733371734619,291
-71.2291666663575,-16.1041666668965,4.13616704940796,395
-75.3958333330575,-13.1041666668725,3.96083307266235,673
-70.3124999996835,-17.1041666669045,5.45599985122681,375
-71.9791666663635,-13.6041666668765,8.00949954986572,864
-75.9791666663955,-11.7708333335285,4.3691668510437,874
-72.6041666663685,-14.8125000002195,0.913333415985107,784
-70.1874999996825,-15.3958333335575,8.26633358001709,743
-74.5624999997175,-14.6041666668845,7.2896671295166,617
-66.8958333329895,-22.3125000002795,3.71133399009705,126
-67.9374999996645,-23.9791666669595,7.76100015640259,52
-77.1041666664045,-10.7708333335205,2.57200002670288,710
-77.7708333330765,-8.8125000001715,4.45949983596802,808
-69.3958333330095,-19.4791666669235,11.4701700210571,50
-66.0624999996495,-24.3125000002955,8.8120002746582,150
-77.3541666664065,-9.8125000001795,5.75316715240479,596
-67.8541666663305,-27.4375000003205,11.7733297348022,99
-76.1458333330635,-12.3958333335335,6.97816705703735,540
-70.6041666663525,-16.6458333335675,2.86433291435242,503
-68.8958333330055,-27.1875000003185,1.48166704177856,88
-67.3541666663265,-18.3125000002475,9.21866703033447,329
-68.3541666663345,-21.0625000002695,5.61649990081787,70
-69.1458333330075,-16.7291666669015,8.71483325958252,646
-67.3958333329935,-18.6875000002505,8.75,291
-67.5624999996615,-22.0625000002775,4.14400005340576,85
-66.7291666663215,-18.5625000002495,7.02783298492432,385
-68.1458333329995,-18.3958333335815,7.98750019073486,276
-77.3124999997395,-8.9375000001725,15.9618301391602,671
-69.3124999996755,-18.2291666669135,3.0715000629425,310
-65.4791666663115,-22.9375000002845,9.30399990081787,229
-66.6874999996545,-24.7291666669655,7.66750001907349,101
-68.1874999996665,-21.1041666669365,7.05783319473267,68
-69.6874999996785,-16.6875000002345,8.12133312225342,539
-74.1041666663805,-14.3958333335495,5.3604998588562,791
-69.6874999996785,-15.6458333335595,9.6651668548584,939
-70.2708333330165,-14.8958333335535,7.34266710281372,744
-68.2291666663335,-26.4791666669795,5.1811671257019,69
-66.9374999996565,-26.7291666669815,9.76749992370605,109
-67.8541666663305,-27.2708333336525,11.7571697235107,93
-70.3124999996835,-16.3541666668985,3.97000002861023,640
-68.7708333330045,-27.9791666669915,-5.42866706848145,172
-77.6874999997425,-9.4375000001765,3.51950001716614,663
-69.1041666663405,-19.2708333335885,3.47416710853577,181
-67.0624999996575,-25.8541666669745,-0.185499995946884,140
-76.2708333330645,-10.6458333335195,5.42116689682007,1050
-66.1041666663165,-23.8125000002915,10.2453298568726,142
-67.5624999996615,-22.4791666669475,4.5939998626709,79
-66.8124999996555,-21.1041666669365,9.16266632080078,123
-76.4791666663995,-11.0625000001895,2.8136670589447,939
-67.2708333329925,-18.4791666669155,9.16116619110107,323
-66.9791666663235,-26.8125000003155,8.38466644287109,121
-71.4374999996925,-13.7708333335445,5.135666847229,865
-69.1874999996745,-16.6041666669005,8.77750015258789,720
-76.5208333330665,-9.6041666668445,6.71566677093506,1042
-70.1458333330155,-14.6041666668845,3.97550010681152,885
-65.8958333329815,-24.8541666669665,8.33783340454102,191
-67.8541666663305,-21.8958333336095,3.36983299255371,83
-66.1458333329835,-22.6875000002825,9.50799942016602,177
-67.1458333329915,-17.7291666669095,9.58616638183594,448
-65.7708333329805,-25.3958333336375,12.0994997024536,227
-70.0624999996815,-17.1875000002385,3.37066698074341,421
-67.6874999996625,-21.7708333336085,3.57299995422363,85
-77.5208333330745,-9.1875000001745,0.994000017642975,976
-69.0208333330065,-17.6041666669085,6.8046669960022,395
-67.5624999996615,-26.3958333336455,11.4975004196167,59
-76.0208333330625,-12.7708333335365,12.8804998397827,256
-69.6458333330115,-14.8125000002195,6.63033294677734,819
-76.1458333330635,-11.0625000001895,6.22966718673706,917
-76.8958333330695,-10.3958333335175,1.51450002193451,847
-68.8958333330055,-26.8541666669825,0.993666589260101,85
-67.9791666663315,-24.6875000002985,7.74550008773804,45
-72.3541666663665,-15.3125000002235,7.7960000038147,427
-75.8124999997275,-12.7291666668695,7.89166688919067,542
-67.3541666663265,-21.9791666669435,6.72800016403198,85
-70.4791666663515,-17.0208333335705,1.52016699314117,455
-74.3958333330495,-12.8958333335375,13.6158304214478,722
-68.9374999996725,-20.0208333335945,3.12033295631409,114
-66.5624999996535,-24.4791666669635,6.27433300018311,117
-67.0208333329905,-18.9375000002525,9.05350017547607,296
-69.0624999996735,-16.3958333335655,8.71366691589355,850
-72.0624999996975,-14.2291666668815,10.6943302154541,915
-75.3541666663905,-11.6875000001945,8.65466690063477,958
-66.7291666663215,-24.7291666669655,7.67466688156128,99
-67.1458333329915,-25.6041666669725,3.74433302879333,101
-72.0208333330305,-15.6875000002265,4.99083280563354,420
-71.2708333330245,-13.6875000002105,6.46700000762939,784
-68.3541666663345,-18.9791666669195,7.79150009155273,198
-65.4791666663115,-22.2291666669455,10.9271697998047,320
-67.3541666663265,-22.3958333336135,4.4520001411438,92
-67.9791666663315,-24.6875000002985,7.74550008773804,45
-67.7708333329965,-25.6041666669725,4.54033279418945,70
-74.9374999997205,-12.6041666668685,10.193829536438,782
-76.6874999997345,-9.8125000001795,8.13949966430664,895
-69.0624999996735,-28.1041666669925,-1.1281670331955,126
-67.5208333329945,-19.1041666669205,8.51583290100098,220
-72.4791666663675,-15.1458333335555,2.60516691207886,644
-75.9791666663955,-13.0208333335385,10.8819999694824,344
-65.7291666663135,-24.6041666669645,10.1555004119873,192
-67.1874999996585,-19.2291666669215,8.94233322143555,220
-71.3124999996915,-14.8125000002195,6.88216590881348,816
-67.4791666663275,-21.6458333336075,6.97450017929077,80
-67.1458333329915,-26.9375000003165,6.89699983596802,122
-75.8541666663945,-11.2291666668575,6.48850011825562,964
-68.1874999996665,-19.0208333335865,7.96166706085205,196
-75.7291666663935,-12.3958333335335,4.92366600036621,749
-69.7708333330125,-15.5208333335585,9.72216701507568,834
-72.1874999996985,-14.1458333335475,7.37083292007446,967
-68.0624999996655,-19.6458333335915,5.95116710662842,149
-77.1458333330715,-9.8958333335135,2.54299998283386,822
-67.3541666663265,-23.4375000002885,4.05499982833862,83
-72.0208333330305,-14.8541666668865,4.57200002670288,784
-68.2291666663335,-19.0625000002535,8.00899982452393,188
-68.3958333330015,-27.6458333336555,3.34666705131531,107
-71.8541666663625,-13.8958333335455,7.94133281707764,896
-76.1041666663965,-10.6875000001865,5.66216707229614,1228
-67.8958333329975,-18.7708333335845,8.11983299255371,239
-76.6874999997345,-11.1458333335235,2.54833292961121,811
-66.1458333329835,-22.1458333336115,8.62083339691162,202
-67.6874999996625,-26.0208333336425,6.8411660194397,66
-75.9374999997285,-10.4375000001845,7.27500009536743,1412
-68.7291666663375,-20.5208333335985,4.62566709518433,80
-67.4374999996605,-19.0208333335865,8.46366691589355,242
-66.3124999996515,-25.5625000003055,12.3439998626709,134
-70.8958333330215,-14.1458333335475,2.65916705131531,915
-75.4791666663915,-11.9791666668635,9.66216659545898,772
-68.7291666663375,-26.2291666669775,2.14566707611084,66
-73.7708333330445,-14.1458333335475,7.25950002670288,901
-67.7291666663295,-25.2708333336365,6.56266593933105,60
-73.7291666663775,-14.6458333335515,3.54516696929932,853
-68.4791666663355,-25.3125000003035,1.6686669588089,58
-69.5624999996775,-16.4791666668995,7.44366598129272,723
-69.1458333330075,-17.8125000002435,2.91516709327698,400
-68.4791666663355,-21.2291666669375,-1.70316696166992,113
-69.1874999996745,-19.3125000002555,5.65616703033447,143
-69.9791666663475,-17.3125000002395,3.67499995231628,371
-68.1041666663325,-24.5208333336305,3.87033295631409,54
-67.3958333329935,-19.4375000002565,8.74483299255371,180
-76.0208333330625,-11.1041666668565,6.36933279037476,962
-69.2291666663415,-24.8541666669665,10.8388299942017,12
-71.4374999996925,-15.0208333335545,2.94050002098083,864
-67.2708333329925,-24.9375000003005,7.54449987411499,71
-70.1041666663485,-14.3125000002155,6.45333290100098,749
-71.1458333330235,-15.2291666668895,2.43183302879333,833
-75.8541666663945,-11.2708333335245,6.83233308792114,901
-70.5624999996855,-15.3125000002235,5.27616691589355,912
-66.3541666663185,-22.6041666669485,7.82399988174438,159
-67.8958333329975,-27.0625000003175,9.59766674041748,86
-66.3541666663185,-21.1875000002705,6.94633293151855,175
-65.8958333329815,-24.6041666669645,9.32450008392334,170
-66.9791666663235,-18.6458333335835,9.27666664123535,365
-68.0624999996655,-23.8958333336255,11.2691698074341,38
-67.8124999996635,-25.0625000003015,8.04199981689453,48
-71.0624999996895,-14.5625000002175,4.07100009918213,899
-66.4374999996525,-22.7708333336165,7.24983406066895,146
-75.0208333330545,-13.4791666668755,3.53716707229614,750
-66.9791666663235,-21.4375000002725,8.79100036621094,108
-66.0624999996495,-24.4375000002965,5.06750011444092,173
-71.1458333330235,-14.3541666668825,6.03649997711182,824
-68.2291666663335,-19.0208333335865,7.99616718292236,194
-76.7291666664015,-11.1458333335235,4.48433399200439,728
-67.6874999996625,-19.6458333335915,7.6104998588562,150
-66.8124999996555,-19.4791666669235,9.02633285522461,175
-65.2708333329765,-23.5208333336225,6.69866704940796,244
-67.6041666663285,-25.2708333336365,3.21283292770386,82
-69.1874999996745,-16.8958333335695,8.68983364105225,556
-66.8124999996555,-19.9791666669275,8.46733379364014,131
-76.7291666664015,-11.5208333335265,10.350170135498,388
-67.6874999996625,-22.6041666669485,4.16733312606812,72
-67.4374999996605,-22.5208333336145,3.91266703605652,87
-64.9791666663075,-22.5625000002815,13.4691696166992,428
-66.5208333329865,-22.6458333336155,5.7664999961853,146
-72.0208333330305,-13.3541666668745,9.77683353424072,718
-72.5624999997015,-13.6875000002105,6.8828330039978,936
-76.2708333330645,-12.1458333335315,5.74566698074341,593
-68.0624999996655,-18.7291666669175,7.98433399200439,237
-73.6041666663765,-14.6875000002185,4.0164999961853,851
-72.8958333330375,-15.3541666668905,1.12199997901917,627
-68.8124999996715,-21.6875000002745,6.0460000038147,44
-71.2291666663575,-16.3125000002315,3.65849995613098,383
-69.4374999996765,-17.1041666669045,4.29199981689453,507
-66.2291666663175,-24.5625000002975,6.43266677856445,154
-66.8958333329895,-20.8125000002675,9.82199954986572,148
-66.8124999996555,-21.1458333336035,9.08300018310547,124
-69.3541666663425,-17.0625000002375,6.40250015258789,498
-66.1041666663165,-23.9791666669595,6.6399998664856,152
-66.4791666663195,-24.1458333336275,4.99866676330566,134
-68.1458333329995,-20.4791666669315,7,98
-78.3124999997475,-7.6458333334955,10.005669593811,876
-69.3541666663425,-19.3541666669225,9.24450016021729,86
-67.6458333329955,-25.6458333336395,10.4925003051758,52
-76.7291666664015,-11.5208333335265,10.350170135498,388
-69.8958333330135,-16.0208333335625,8.90683364868164,816
-69.8124999996795,-17.6458333335755,1.2523330450058,361
-66.6874999996545,-21.8958333336095,6.05116701126099,137
-74.6458333330515,-13.2708333335405,3.53983306884766,910
-68.3958333330015,-26.9375000003165,1.96800005435944,92
-68.2291666663335,-22.3958333336135,8.72900009155273,43
-69.9791666663475,-14.6458333335515,5.58816719055176,824
-77.3124999997395,-9.7291666668455,4.51666688919067,661
-69.5208333330105,-28.1875000003265,0.558000028133392,129
-73.2291666663735,-15.6041666668925,7.20116710662842,378
-75.9791666663955,-11.3541666668585,5.50216722488403,952
-73.3124999997075,-15.1875000002225,13.9386701583862,259
-72.7708333330365,-15.4375000002245,4.69350004196167,487
-67.1041666663245,-17.7708333335765,9.74483299255371,449
-72.0208333330305,-15.6458333335595,7.70766687393188,366
-68.0208333329985,-20.1875000002625,6.87366676330566,129
-69.7291666663455,-14.3958333335495,4.74766683578491,858
-69.3124999996755,-16.6458333335675,7.14900016784668,683
-77.1458333330715,-10.6041666668525,10.9858303070068,507
-74.4791666663835,-14.1041666668805,4.95183277130127,757
-68.4374999996685,-18.9375000002525,7.59266710281372,200
-77.8124999997435,-8.5208333335025,9.00983333587646,596
-68.0624999996655,-23.6041666669565,14.292329788208,42
-66.4791666663195,-24.9791666669675,7.05149984359741,119
-69.9374999996805,-16.4375000002325,5.75349998474121,677
-66.3124999996515,-26.3125000003115,2.41199994087219,193
-68.8541666663385,-28.1875000003265,0.865333378314972,118
-67.8124999996635,-24.6875000002985,9.46116638183594,71
-68.6874999996705,-23.8125000002915,10.0193300247192,22
-68.0624999996655,-27.3958333336535,5.15100002288818,101
-68.3124999996675,-18.5625000002495,7.82950019836426,247
-73.2291666663735,-15.3541666668905,11.5358295440674,318
-66.4791666663195,-19.8958333335935,5.16683292388916,165
-77.9374999997445,-7.9791666668315,8.91416645050049,1132
-65.9374999996485,-21.8125000002755,10.4519996643066,250
-69.3541666663425,-20.4791666669315,16.5118293762207,11
-69.6874999996785,-15.1875000002225,8.36849975585938,802
-76.3541666663985,-9.8958333335135,15.3528299331665,713
-70.9791666663555,-15.6458333335595,3.55266690254211,673
-66.1458333329835,-24.0625000002935,7.95383405685425,143
-67.6041666663285,-26.1041666669765,8.63983345031738,62
-71.6041666663605,-15.4791666668915,2.39316701889038,674
-67.9791666663315,-27.3541666669865,6.6013331413269,111
-69.3124999996755,-20.3541666669305,15.0931701660156,15
-69.1041666663405,-24.5625000002975,10.4106702804565,12
-68.2291666663335,-26.0208333336425,4.46183300018311,62
-67.8958333329975,-25.9375000003085,10.3074998855591,48
-65.6041666663125,-23.9791666669595,9.85150146484375,234
-69.2291666663415,-29.3541666670025,6.24533319473267,103
-74.8124999997195,-13.3958333335415,3.31383299827576,821
-75.9791666663955,-11.7291666668615,4.74616718292236,865
-71.6458333330275,-13.9791666668795,5.95433282852173,891
-69.1458333330075,-19.6458333335915,4.85283279418945,124
-67.1041666663245,-21.2291666669375,8.93316745758057,96
-77.5624999997415,-8.8125000001715,5.74083280563354,870
-71.0208333330225,-16.2291666668975,4.93599987030029,413
-69.1874999996745,-17.8125000002435,4.506667137146,379
-70.1041666663485,-14.5208333335505,3.79999995231628,877
-76.9374999997365,-9.3958333335095,5.22366714477539,976
-67.9374999996645,-19.2708333335885,8.18850040435791,178
-75.3958333330575,-13.1458333335395,3.59333300590515,680
-70.2708333330165,-17.2708333335725,8.55249977111816,227
-68.6041666663365,-27.0208333336505,-2.33833289146423,125
-66.6041666663205,-19.8125000002595,7.21999979019165,154
-66.6041666663205,-26.5625000003135,7.09966707229614,142
-66.9791666663235,-26.9375000003165,8.36100006103516,134
-71.6458333330275,-15.3958333335575,1.63183295726776,725
-74.8958333330535,-12.3541666668665,8.49666690826416,910
-77.5208333330745,-9.4375000001765,9.73133373260498,615
-68.1458333329995,-24.5208333336305,5.17566680908203,48
-73.7291666663775,-15.3958333335575,8.23966693878174,420
-74.3541666663825,-13.8541666668785,10.3859996795654,752
-68.8124999996715,-28.2708333336605,2.0164999961853,113
-67.8958333329975,-22.4375000002805,-0.756666600704193,96
-68.7708333330045,-17.5208333335745,8.24050045013428,416
-72.2291666663655,-15.0625000002215,2.09949994087219,703
-70.0624999996815,-14.6041666668845,4.81416702270508,853
-65.8124999996475,-22.4375000002805,8.7728328704834,236
-73.2708333330405,-13.7708333335445,6.48199987411499,944
-68.3541666663345,-20.1041666669285,6.35233402252197,100
-73.9374999997125,-15.5625000002255,12.6128301620483,148
-73.8124999997115,-13.8125000002115,16.4594993591309,704
-69.8124999996795,-16.3958333335655,6.92033290863037,710
-67.1041666663245,-19.7708333335925,8.63100147247314,141
-67.6874999996625,-24.2291666669615,9.13483333587646,50
-76.1458333330635,-11.0208333335225,6.3691668510437,935
-68.8124999996715,-16.8541666669025,8.8303337097168,585
-68.0624999996655,-23.8541666669585,12.1494998931885,39
-69.4374999996765,-28.4375000003285,2.33866691589355,105
-72.1458333330315,-15.3125000002235,1.55200004577637,669
-76.8958333330695,-9.6875000001785,5.954833984375,857
-68.1041666663325,-24.4791666669635,3.59833288192749,57
-71.3124999996915,-14.2291666668815,8.53683376312256,756
-68.2708333330005,-26.4375000003125,2.56966710090637,80
-72.6041666663685,-15.0625000002215,4.12099981307983,640
-68.7291666663375,-27.6875000003225,0.573499977588654,115
-66.4791666663195,-16.8541666669025,8.58049964904785,954
-68.7291666663375,-19.2708333335885,6.62249994277954,161
-67.5208333329945,-20.6041666669325,7.87816715240479,133
-67.6458333329955,-26.7291666669815,7.16800022125244,87
-71.5624999996935,-15.7291666668935,1.19816696643829,596
-73.2291666663735,-13.8958333335455,7.73466682434082,936
-67.8958333329975,-20.2291666669295,7.19199991226196,148
-66.6874999996545,-24.6875000002985,7.69083309173584,100
-66.4374999996525,-24.0625000002935,5.52433300018311,133
-69.2708333330085,-16.8958333335695,8.54333305358887,547
-65.8958333329815,-22.1041666669445,10.5694999694824,263
-67.1458333329915,-26.2291666669775,4.71366691589355,108
-75.2708333330565,-12.2708333335325,8.27416706085205,857
-67.6458333329955,-19.2708333335885,8.52200031280518,193
-67.1041666663245,-20.3958333335975,8.48250007629395,134
-66.7291666663215,-20.3541666669305,7.21999979019165,140
-67.8124999996635,-17.6458333335755,8.59850025177002,359
-67.6041666663285,-21.5208333336065,6.24566698074341,77
-66.8124999996555,-21.3125000002715,9.01200008392334,125
-69.0208333330065,-20.2291666669295,3.40666699409485,96
-66.4791666663195,-26.1875000003105,4.44199991226196,158
-67.1041666663245,-22.8958333336175,4.05149984359741,100
-67.9374999996645,-22.1458333336115,1.07933294773102,83
-72.0624999996975,-14.1041666668805,10.9021701812744,903
-75.4791666663915,-12.1041666668645,8.70049953460693,810
-67.9374999996645,-19.2708333335885,8.18850040435791,178
-72.6458333330355,-13.7708333335445,4.85916709899902,981
-67.5624999996615,-18.6458333335835,8.58899974822998,278
-71.0624999996895,-16.3541666668985,4.56283283233643,384
-69.5624999996775,-16.1458333335635,9.60833358764648,1033
-72.8124999997035,-15.5625000002255,2.70733308792114,512
-67.8124999996635,-25.7291666669735,8.81983375549316,51
-71.7708333330285,-14.5208333335505,5.80066680908203,938
-70.1041666663485,-16.6041666669005,2.20449995994568,626
-70.6458333330195,-16.1041666668965,5.28533315658569,605
-69.3541666663425,-20.3541666669305,15.4416704177856,13
-68.8124999996715,-18.8541666669185,1.28699994087219,281
-68.7708333330045,-17.5625000002415,7.944167137146,414
-68.4374999996685,-27.0625000003175,-3.16783308982849,134
-67.1041666663245,-23.8541666669585,7.4603328704834,81
-68.2708333330005,-23.5208333336225,14.0144996643066,32
-70.6041666663525,-16.5625000002335,7.44483280181885,393
-66.9374999996565,-26.1458333336435,3.28500008583069,127
-67.0624999996575,-24.3125000002955,8.6671667098999,80
-67.3958333329935,-25.9791666669755,9.43966674804688,67
-68.0624999996655,-23.3125000002875,14.2186698913574,42
-68.3124999996675,-27.2708333336525,1.78483295440674,100
-66.8541666663225,-23.5208333336225,6.1104998588562,100
-71.4791666663595,-16.0625000002295,5.53033399581909,333
-76.1874999997305,-12.3125000001995,12.1278295516968,319
-75.1458333330555,-13.3958333335415,3.38183307647705,728
-67.6874999996625,-24.3125000002955,7.74383401870728,52
-70.5208333330185,-16.2708333335645,3.11033296585083,626
-76.6874999997345,-9.7291666668455,8.88783359527588,909
-67.3124999996595,-21.8125000002755,6.94000005722046,88
-66.8541666663225,-24.3958333336295,4.19183301925659,109
-71.3958333330255,-15.0625000002215,2.69300007820129,856
-73.1041666663725,-14.4791666668835,3.70849990844727,880
-67.3958333329935,-19.5208333335905,8.58250045776367,168
-75.6458333330595,-12.7708333335365,4.96016693115234,661
-68.6041666663365,-25.3958333336375,2.47699999809265,55
-72.0624999996975,-13.8541666668785,10.078330039978,864
-66.9374999996565,-18.1875000002465,9.6026668548584,425
-67.3124999996595,-17.6875000002425,9.12283325195312,406
-68.8958333330055,-16.8541666669025,8.73666667938232,588
-69.1458333330075,-28.1041666669925,1.86749994754791,108
-76.5208333330665,-11.0625000001895,2.38849997520447,930
-71.6874999996945,-13.9375000002125,9.92800045013428,776
-69.4374999996765,-17.5208333335745,7.46799993515015,328
-70.3124999996835,-14.2708333335485,5.61649990081787,784
-68.0208333329985,-20.1875000002625,6.87366676330566,129
-69.1041666663405,-18.1041666669125,0.41100001335144,384
-67.3541666663265,-21.2708333336045,8.41650009155273,80
-77.5208333330745,-9.6458333335115,7.19150018692017,562
-66.6041666663205,-19.2708333335885,4.94150018692017,207
-66.1041666663165,-22.8541666669505,8.36883354187012,173
-69.3124999996755,-17.8541666669105,5.80233287811279,327
-71.0208333330225,-14.9375000002205,5.13383293151855,863
-69.0208333330065,-17.2708333335725,7.89316701889038,458
-66.8958333329895,-22.5625000002815,4.92433404922485,127
-76.0624999997295,-10.8125000001875,5.23199987411499,1161
-69.0624999996735,-19.6041666669245,3.52600002288818,143
-71.9791666663635,-13.4791666668755,8.44933319091797,820
-69.4374999996765,-24.3958333336295,15.0591697692871,4
-66.5208333329865,-22.2291666669455,6.19316720962524,156
-67.6041666663285,-25.7708333336405,2.9300000667572,90
-66.4791666663195,-20.1458333335955,9.31133365631104,160
-68.3958333330015,-20.6041666669325,4.60566711425781,88
-74.4791666663835,-12.7291666668695,11.796669960022,823
-72.5208333330345,-15.6875000002265,13.3544998168945,185
-75.2708333330565,-13.1458333335395,2.90199995040894,725
-66.8541666663225,-19.3125000002555,9.52050018310547,221
-68.6041666663365,-18.3958333335815,7.55816698074341,278
-67.8958333329975,-23.3958333336215,10.4118299484253,46
-68.3958333330015,-22.8125000002835,10.6533298492432,30
-68.6458333330035,-18.5625000002495,7.52266693115234,254
-68.5208333330025,-20.1458333335955,2.82249999046326,121
-65.3958333329775,-22.7708333336165,7.80700016021729,255
-66.0208333329825,-22.8125000002835,10.5461702346802,182
-68.0208333329985,-19.9791666669275,6.99550008773804,164
-76.9374999997365,-10.0625000001815,4.13700008392334,830
-69.6458333330115,-16.6458333335675,8.01033306121826,575
-66.2291666663175,-22.4375000002805,5.20716714859009,186
-69.5624999996775,-18.1458333335795,5.60383319854736,232
-67.5208333329945,-24.8958333336335,9.38066673278809,55
-68.7708333330045,-27.1041666669845,-5.87183284759521,148
-69.1041666663405,-17.5625000002415,7.52016687393188,381
-69.9791666663475,-17.3541666669065,3.80200004577637,358
-67.1041666663245,-25.2291666669695,5.83283281326294,88
-67.9791666663315,-19.7291666669255,6.82149982452393,138
-75.3124999997235,-12.1458333335315,8.08250045776367,847
-67.8124999996635,-21.3541666669385,4.69216680526733,81
-75.7291666663935,-12.1458333335315,5.86066722869873,798
-67.4374999996605,-18.8958333335855,8.43299961090088,259
-76.1041666663965,-11.7708333335285,3.60150003433228,876
-66.1874999996505,-22.5208333336145,9.07933330535889,183
-68.9374999996725,-20.5625000002655,5.5164999961853,68
-69.6041666663445,-17.9375000002445,7.32783317565918,229
-67.6041666663285,-25.1875000003025,7.62483406066895,58
-73.0624999997055,-15.3958333335575,13.7626695632935,243
-73.9374999997125,-13.9791666668795,10.3114995956421,854
-68.4374999996685,-27.5625000003215,1.10066699981689,114
-74.7708333330525,-12.6875000002025,5.94700002670288,901
-67.4791666663275,-19.7291666669255,8.35499954223633,155
-68.2708333330005,-20.1041666669285,7.01100015640259,97
-69.3124999996755,-18.8125000002515,5.19016599655151,213
-72.8124999997035,-15.7708333335605,7.47399997711182,290
-68.3124999996675,-25.2291666669695,1.07249999046326,69
-68.3958333330015,-28.6041666669965,13.6093301773071,120
-70.9374999996885,-14.8125000002195,4.579833984375,883
-72.2291666663655,-13.5625000002095,9.15616703033447,863
-68.0624999996655,-27.7708333336565,8.95516681671143,106
-73.3124999997075,-14.6041666668845,4.48183298110962,863
-69.8541666663465,-28.7291666669975,1.78016698360443,110
-69.5624999996775,-18.3541666669145,8.8256664276123,180
-66.7708333329885,-19.2708333335885,9.60000038146973,238
-70.4791666663515,-14.3958333335495,3.92650008201599,871
-67.8958333329975,-23.3958333336215,10.4118299484253,46
-67.8541666663305,-19.6041666669245,8.11966609954834,147
-74.9791666663875,-14.0625000002135,12.6389999389648,304
-76.3958333330655,-10.4791666668515,6.15616703033447,1019
-66.6458333329875,-26.0625000003095,3.21366691589355,152
-67.1874999996585,-23.1458333336195,4.94366693496704,87
-67.8124999996635,-23.6875000002905,6.94099998474121,62
-72.3958333330335,-14.6041666668845,2.78783297538757,852
-77.6041666664085,-9.4375000001765,8.39783382415771,567
-73.9791666663795,-14.9375000002205,7.86199998855591,652
-66.6458333329875,-23.4791666669555,7.61933279037476,113
-65.7291666663135,-23.3958333336215,9.86600017547607,175
-73.6874999997105,-14.0208333335465,7.31616592407227,900
-77.3124999997395,-9.6041666668445,2.05216693878174,841
-66.0208333329825,-23.3541666669545,8.06233310699463,162
-71.6041666663605,-14.6041666668845,4.13733291625977,919
-70.3958333330175,-16.9375000002365,4.27650022506714,450
-76.2291666663975,-12.6458333335355,12.5618295669556,243
-69.2708333330085,-28.0625000003255,1.66683304309845,105
-66.4374999996525,-23.7708333336245,8.23666667938232,123
-67.6458333329955,-18.6041666669165,8.4288330078125,274
-67.1874999996585,-20.7708333336005,9.22683334350586,100
-65.7708333329805,-25.1041666669685,12.46399974823,259
-74.4374999997165,-12.6458333335355,7.84100008010864,980
-76.8541666664025,-11.3541666668585,14.8275003433228,222
-70.7291666663535,-16.3958333335655,8.15816688537598,388
-69.0624999996735,-18.1875000002465,3.40916705131531,352
-67.2291666663255,-22.1875000002785,5.20683288574219,97
-68.3541666663345,-17.6041666669085,8.55983352661133,389
-67.4791666663275,-21.1458333336035,7.49900007247925,80
-68.8958333330055,-17.3541666669065,8.56550025939941,441
-70.8124999996875,-14.7708333335525,6.77066707611084,762
-71.8541666663625,-14.6458333335515,3.55566692352295,894
-66.9791666663235,-23.5625000002895,5.20633411407471,98
-74.3124999997155,-13.3125000002075,9.43249988555908,892
-66.9374999996565,-25.1458333336355,4.95516681671143,105
-66.6041666663205,-16.8125000002355,9.64616680145264,944
-67.4791666663275,-17.0625000002375,9.09933376312256,520
-66.8541666663225,-25.3125000003035,6.77083301544189,99
-76.5624999997335,-10.0625000001815,6.9036660194397,960
-66.7708333329885,-26.2708333336445,5.46199989318848,130
-68.8541666663385,-21.3125000002715,4.35550022125244,58
-70.4791666663515,-16.6041666669005,3.82216691970825,527
-70.8541666663545,-14.4791666668835,3.28399991989136,906
-68.8958333330055,-25.8958333336415,6.09849977493286,39
-68.7291666663375,-26.6041666669805,1.47933304309845,78
-65.6874999996465,-24.6875000002985,9.29916667938232,226
-68.7291666663375,-21.9375000002765,7.59016704559326,36
-65.6874999996465,-24.1458333336275,7.10383319854736,190
-68.6458333330035,-21.9791666669435,9.573166847229,31
-68.4791666663355,-26.6041666669805,-1.19599997997284,99
-77.6041666664085,-9.6875000001785,5.94600009918213,595
-68.9791666663395,-26.3125000003115,8.56099987030029,34
-69.2708333330085,-14.9791666668875,6.05216693878174,872
-70.9791666663555,-16.0208333335625,3.18016695976257,534
-73.8541666663785,-15.0208333335545,9.34016704559326,563
-66.0624999996495,-23.8541666669585,9.96266746520996,147
-67.2708333329925,-17.7708333335765,9.28616619110107,395
-68.2291666663335,-19.6458333335915,7.45050001144409,136
-75.1874999997225,-13.8541666668785,9.12266635894775,435
-66.6041666663205,-21.5625000002735,7.26999998092651,149
-72.6458333330355,-15.0208333335545,2.96700000762939,684
-67.9374999996645,-23.6041666669565,11.1866703033447,45
-68.3958333330015,-20.9791666669355,3.562833070755,79
-66.9791666663235,-23.1875000002865,6.10333299636841,97
-76.6874999997345,-10.6458333335195,3.30699992179871,858
-65.6458333329795,-22.4375000002805,11.0028295516968,265
-72.7708333330365,-14.1875000002145,6.61333322525024,901
-70.9791666663555,-14.3958333335495,1.58566701412201,936
-69.3958333330095,-14.8541666668865,5.7268328666687,869
-76.5208333330665,-9.9791666668475,9.4350004196167,957
-68.4791666663355,-19.1875000002545,7.11233282089233,176
-69.3541666663425,-17.7291666669095,7.09066677093506,316
-66.3958333329855,-19.5625000002575,4.81166696548462,176
-66.8541666663225,-26.3958333336455,6.06566715240479,125
-69.6458333330115,-28.5208333336625,-2.78383302688599,140
-67.1874999996585,-19.8958333335935,8.61016654968262,138
-70.7291666663535,-14.7708333335525,6.89699983596802,752
-70.1041666663485,-16.4791666668995,6.12333297729492,612
-75.2291666663895,-13.1041666668725,2.95416688919067,734
-72.4374999997005,-13.6875000002105,15.9643297195435,1040
-74.3541666663825,-13.3125000002075,11.4385004043579,843
-75.9374999997285,-13.0625000002055,11.7361698150635,294
-67.5208333329945,-17.7708333335765,8.7616662979126,349
-67.6874999996625,-22.1458333336115,3.52749991416931,82
-67.8958333329975,-24.5208333336305,9.4379997253418,43
-70.8124999996875,-15.7708333335605,5.0393328666687,685
-73.9374999997125,-13.3541666668745,8.76733303070068,957
-67.6041666663285,-24.6458333336315,9.34966659545898,86
-71.8124999996955,-15.4375000002245,0.189500004053116,713
-75.0208333330545,-13.3125000002075,4.82100009918213,745
-69.6458333330115,-16.8541666669025,6.23616600036621,535
-67.3541666663265,-23.6875000002905,4.31233310699463,81
-67.3541666663265,-21.3541666669385,8.33100032806396,78
-67.7291666663295,-24.9791666669675,9.42983341217041,129
-68.9791666663395,-24.8541666669665,10.2428302764893,16
-67.4374999996605,-19.2291666669215,8.49050045013428,208
-76.1041666663965,-11.1458333335235,5.27483320236206,993
-65.1041666663085,-22.2291666669455,7.19099998474121,341
-66.6458333329875,-21.9791666669435,6.75516700744629,138
-72.2291666663655,-13.4791666668755,11.9928302764893,747
-72.4791666663675,-14.9791666668875,2.99499988555908,693
-77.8958333330775,-8.3958333335015,4.8895001411438,965
-71.7708333330285,-14.2708333335485,6.60333299636841,959
-68.2708333330005,-25.8541666669745,6.12766599655151,51
-74.5208333330505,-13.3958333335415,4.89483404159546,918
-71.5208333330265,-15.8958333335615,1.77649998664856,509
-67.6041666663285,-18.3541666669145,8.68583297729492,304
-71.7708333330285,-14.1458333335475,4.4520001411438,939
-68.3124999996675,-17.5625000002415,8.89550018310547,386
-71.1041666663565,-14.5625000002175,5.24166679382324,858
-70.5208333330185,-14.6875000002185,6.98133277893066,749
-75.8124999997275,-11.3541666668585,7.28983402252197,869
-68.1041666663325,-23.8125000002915,13.8776702880859,38
-69.3958333330095,-18.5208333335825,2.2279999256134,271
-65.1874999996425,-23.1458333336195,7.14200019836426,260
-68.2291666663335,-27.5625000003215,2.80900001525879,119
-65.2291666663095,-22.3125000002795,5.49616718292236,310
-68.2708333330005,-20.7708333336005,5.59083318710327,79
-67.1458333329915,-24.7708333336325,7.27433300018311,79
-76.0624999997295,-11.3125000001915,5.29466676712036,955
-68.2291666663335,-20.7708333336005,4.47900009155273,87
-74.6874999997185,-12.4375000002005,9.98900032043457,892
-66.1041666663165,-22.4375000002805,10.0038299560547,200
-68.7291666663375,-19.6458333335915,3.79450011253357,153
-67.8958333329975,-24.2291666669615,8.2906665802002,47
-68.5624999996695,-23.2291666669535,13.7309999465942,22
-74.9791666663875,-14.2291666668815,12.2908296585083,298
-67.1041666663245,-20.5208333335985,8.80266666412354,145
-71.9791666663635,-13.8541666668785,7.46333312988281,882
-71.3958333330255,-15.0208333335545,3.55183291435242,853
-78.1874999997465,-7.9791666668315,7.82450008392334,1049
-67.0624999996575,-24.6875000002985,8.05266666412354,79
-69.5208333330105,-17.8541666669105,2.46650004386902,331
-73.7708333330445,-15.3125000002235,8.13633346557617,443
-66.9791666663235,-19.0208333335865,9.17549991607666,282
-72.3958333330335,-15.4791666668915,6.39349985122681,407
-68.4374999996685,-22.0625000002775,7.49316692352295,42
-71.3958333330255,-15.2708333335565,5.12150001525879,726
-74.0624999997135,-13.7708333335445,9.05466747283936,858
-65.3124999996435,-22.9375000002845,10.100830078125,242
-67.0208333329905,-20.6041666669325,9.55150032043457,131
-68.3124999996675,-27.1875000003185,2.34833288192749,98
-67.3958333329935,-23.1875000002865,4.89699983596802,79
-73.8124999997115,-14.8958333335535,6.64300012588501,721
-76.3541666663985,-10.4791666668515,6.8270001411438,1045
-68.9374999996725,-20.6875000002665,5.90250015258789,61
-68.6458333330035,-28.7291666669975,10.9636697769165,135
-67.8541666663305,-24.4791666669635,9.2616662979126,44
-75.3124999997235,-12.4375000002005,7.10633277893066,797
-65.3124999996435,-22.2708333336125,9.33833312988281,324
-76.8124999997355,-10.9791666668555,3.73200011253357,733
-67.1874999996585,-21.1041666669365,6.9776668548584,101
-77.1874999997385,-9.9375000001805,1.31649994850159,851
-69.7708333330125,-15.1875000002225,8.93783378601074,767
-66.7708333329885,-26.8125000003155,9.95849990844727,119
-71.1874999996905,-15.0208333335545,5.86266708374023,813
-69.0624999996735,-17.4791666669075,7.70516681671143,405
-70.6458333330195,-15.3958333335575,2.04683303833008,895
-67.4791666663275,-24.9375000003005,9.06999969482422,58
-67.8541666663305,-20.7291666669335,7.70416688919067,78
-71.5208333330265,-14.1041666668805,7.0373330116272,886
-71.4791666663595,-15.8125000002275,3.45099997520447,467
-68.4374999996685,-22.1041666669445,8.4355001449585,40
-69.1458333330075,-17.6458333335755,6.6486668586731,370
-66.9374999996565,-21.3125000002715,9.08583354949951,112
-71.4374999996925,-14.8541666668865,6.81216716766357,820
-69.3958333330095,-18.2708333335805,2.45666694641113,300
-65.5624999996455,-24.4791666669635,11.2775001525879,283
-66.9791666663235,-22.4375000002805,4.51933288574219,112
-76.3124999997315,-12.3125000001995,12.7463302612305,271
-75.2291666663895,-13.9791666668795,8.33466625213623,449
-68.2291666663335,-26.7708333336485,0.956499993801117,99
-71.2708333330245,-15.4791666668915,3.74799990653992,665
-70.7708333330205,-15.7708333335605,5.04150009155273,703
-67.3541666663265,-21.8958333336095,6.82466697692871,84
-66.3958333329855,-21.1458333336035,7.65549993515015,170
-66.6041666663205,-21.2708333336045,8.59283447265625,147
-78.3958333330815,-7.2708333334925,12.9396696090698,749
-72.3958333330335,-14.3958333335495,4.0861668586731,883
-66.0624999996495,-23.3958333336215,9.58800029754639,155
-67.1041666663245,-26.6875000003145,5.53083276748657,120
-73.4791666663755,-15.7291666668935,12.6590003967285,127
-66.9374999996565,-24.7708333336325,8.0019998550415,85
-69.2708333330085,-20.0625000002615,11.7706699371338,33
-67.4791666663275,-23.5625000002895,5.04783296585083,74
-68.8541666663385,-20.6041666669325,4.80333280563354,72
-69.8124999996795,-16.7291666669015,7.38383293151855,521
-68.0208333329985,-21.5625000002735,5.07266712188721,69
-75.7291666663935,-11.2708333335245,8.19683361053467,857
-68.8541666663385,-27.5208333336545,2.13883304595947,96
-74.3958333330495,-14.6875000002185,6.04433298110962,662
-65.5208333329785,-22.6875000002825,9.56016635894775,249
-73.4791666663755,-15.5625000002255,10.3731698989868,260
-78.1874999997465,-8.3125000001675,11.9394998550415,372
-65.9791666663155,-23.4375000002885,10.5179996490479,155
-67.1458333329915,-24.2291666669615,7.60783290863037,77
-69.3958333330095,-16.9791666669035,7.23566722869873,510
-72.3541666663665,-13.9791666668795,5.41416597366333,962
-68.7708333330045,-28.0208333336585,-7.92566680908203,190
-73.2291666663735,-13.9375000002125,11.4101696014404,973
-65.8124999996475,-23.0625000002855,10.5550003051758,181
-77.5624999997415,-9.8958333335135,3.36450004577637,629
-75.7708333330605,-12.2291666668655,5.21983289718628,781
-76.8958333330695,-10.2291666668495,1.77300000190735,938
-69.5208333330105,-29.2291666670015,0.407166689634323,129
-72.8124999997035,-15.0625000002215,2.55900001525879,685
-76.3541666663985,-12.3958333335335,12.9788303375244,242
-68.7708333330045,-25.8541666669745,4.27600002288818,47
-66.4374999996525,-20.1875000002625,9.37633323669434,167
-68.1874999996665,-24.8541666669665,5.23516702651978,46
-66.8541666663225,-20.1041666669285,8.81483364105225,130
-68.6458333330035,-26.8541666669825,0.657166600227356,89
-77.4791666664075,-10.0208333335145,4.107666015625,615
-66.8124999996555,-21.4375000002725,8.5290002822876,126
-77.8958333330775,-8.5208333335025,10.5793304443359,393
-76.1458333330635,-12.7291666668695,10.8888301849365,317
-66.1458333329835,-24.2708333336285,7.13666677474976,144
-68.8124999996715,-20.8125000002675,3.87849998474121,70
-68.0208333329985,-17.4791666669075,8.87616634368896,393
-68.3541666663345,-21.2708333336045,5.87750005722046,64
-67.8124999996635,-25.2708333336365,4.47466707229614,68
-74.1041666663805,-15.2291666668895,16.5633296966553,83
-69.1458333330075,-18.7291666669175,4.05600023269653,263
-67.5208333329945,-23.5208333336225,5.88966703414917,69
-76.2291666663975,-11.9791666668635,3.9375,722
-67.5624999996615,-26.2708333336445,8.70316696166992,68
-78.6458333330835,-7.1458333334915,10.6525001525879,740
-68.6458333330035,-28.7708333336645,9.64616680145264,143
-71.3958333330255,-16.0625000002295,6.52666711807251,331
-78.1041666664125,-7.5208333334945,16.4759998321533,697
-66.8958333329895,-21.5625000002735,8.1783332824707,117
-69.7708333330125,-17.5625000002415,2.76633310317993,345
-65.5624999996455,-24.4375000002965,9.35333347320557,247
-78.1458333330795,-7.8541666668305,11.7320003509521,791
-68.5624999996695,-19.4375000002565,5.40049982070923,159
-77.7708333330765,-9.1458333335075,14.6563301086426,389
-69.3958333330095,-19.2291666669215,8.51566696166992,102
-76.0208333330625,-10.6875000001865,5.73116588592529,1302
-65.7291666663135,-22.6875000002825,10.8558301925659,221
-75.4374999997245,-12.9791666668715,5.01133298873901,650
-69.1041666663405,-28.5208333336625,4.48566722869873,101
-67.8541666663305,-24.4791666669635,9.2616662979126,44
-68.7708333330045,-26.5208333336465,2.08100008964539,74
-70.7708333330205,-14.3958333335495,5.34383296966553,820
-69.4791666663435,-17.9375000002445,5.23616600036621,283
-69.3124999996755,-16.9375000002365,7.41949987411499,542
-66.9791666663235,-24.3125000002955,8.3256664276123,83
-66.8958333329895,-19.1875000002545,9.5290002822876,244
-69.0624999996735,-28.9375000003325,2.92016696929932,121
-78.1041666664125,-7.3541666668265,14.7151699066162,816
-73.9374999997125,-13.3125000002075,8.25850009918213,953
-72.4374999997005,-13.8541666668785,12.3020000457764,938
-75.1041666663885,-14.1041666668805,13.9324998855591,201
-69.4374999996765,-14.7291666668855,3.62249994277954,915
-74.5208333330505,-12.8958333335375,13.4921703338623,686
-71.8958333330295,-14.1041666668805,5.76966714859009,953
-66.8541666663225,-26.8958333336495,6.87633323669434,152
-67.3958333329935,-18.4375000002485,9.01599979400635,310
-66.9791666663235,-20.4375000002645,9.28066635131836,139
-68.8958333330055,-17.8541666669105,5.29933404922485,396
-78.5624999997495,-7.1875000001585,10.6780004501343,750
-69.3124999996755,-20.1041666669285,12.8979997634888,25
-70.3124999996835,-14.1875000002145,3.09666705131531,891
-67.2291666663255,-26.2291666669775,7.53049993515015,86
-66.4791666663195,-19.9375000002605,6.26333284378052,160
-68.5624999996695,-24.0625000002935,11.9496698379517,20
-66.3541666663185,-25.6041666669725,12.6765003204346,132
-68.7708333330045,-27.2291666669855,1.86916697025299,90
-69.0208333330065,-16.8541666669025,8.69983386993408,590
-72.1874999996985,-15.3958333335575,0.0193332396447659,674
-67.3124999996595,-18.0208333335785,9.44766712188721,354
-74.1458333330475,-15.2708333335565,14.6859998703003,138
-73.6041666663765,-15.4791666668915,8.15716552734375,394
-66.0624999996495,-24.2291666669615,8.0290002822876,153
-66.6874999996545,-20.3125000002635,6.96683311462402,147
-67.1041666663245,-23.9791666669595,8.42083358764648,78
-71.8541666663625,-15.9375000002285,5.98183298110962,331
-66.8541666663225,-24.0208333336265,7.53883409500122,94
-76.6874999997345,-10.6041666668525,2.42683291435242,918
-65.5624999996455,-24.3125000002955,6.29199981689453,237
-69.1458333330075,-25.8541666669745,5.95050001144409,37
-69.9374999996805,-17.1041666669045,3.32316708564758,461
-68.9791666663395,-21.5208333336065,9.42749977111816,27
-77.2708333330725,-10.4375000001845,3.29500007629395,633
-68.3541666663345,-27.2291666669855,2.33999991416931,98
-67.1874999996585,-18.9375000002525,8.93166637420654,277
-66.3958333329855,-25.0208333336345,2.64416694641113,157
-66.4374999996525,-26.6458333336475,10.6461696624756,161
-76.4374999997325,-11.3125000001915,2.55250000953674,965
-65.5624999996455,-23.6458333336235,10.6078300476074,196
-68.7708333330045,-28.2708333336605,1.62366700172424,115
-67.3124999996595,-18.5208333335825,9.0736665725708,311
-68.5208333330025,-24.2291666669615,7.85716676712036,30
-67.9791666663315,-23.8541666669585,9.73633289337158,44
-67.6041666663285,-21.9791666669435,4.42899990081787,83
-66.6874999996545,-20.8958333336015,9.49233341217041,137
-67.6458333329955,-26.1875000003105,9.01049995422363,60
-68.8958333330055,-20.7708333336005,5.45233297348022,63
-68.4791666663355,-18.5625000002495,7.61149978637695,251
-70.3958333330175,-15.3125000002235,8.03033447265625,756
-68.6041666663365,-27.2708333336525,-2.49033308029175,115
-74.6041666663845,-14.7708333335525,10.3866701126099,469
-67.3541666663265,-25.8541666669745,6.56300020217896,79
-67.8541666663305,-19.0625000002535,8.43099975585938,204
-69.5624999996775,-29.4791666670035,1.41799998283386,134
-67.5624999996615,-21.6041666669405,6.78749990463257,77
-78.8958333330855,-1.5208333334465,5.53366708755493,640
-67.8124999996635,-26.1041666669765,3.24783301353455,84
-68.4791666663355,-23.7708333336245,13.9899997711182,23
-67.1874999996585,-24.0208333336265,8.50816631317139,72
-70.6041666663525,-16.6458333335675,2.86433291435242,503
-68.5624999996695,-19.1458333335875,4.66083288192749,212
-68.3958333330015,-20.5208333335985,6.14650011062622,80
-67.4791666663275,-17.7291666669095,8.98916721343994,355
-69.5208333330105,-28.1041666669925,0.966666579246521,115
-68.7291666663375,-21.3958333336055,5.72616720199585,52
-75.4791666663915,-13.4791666668755,14.8315000534058,205
-66.1874999996505,-22.7291666669495,8.53950023651123,170
-68.5208333330025,-25.8125000003075,6.46199989318848,44
-67.2291666663255,-21.0625000002695,6.74866676330566,99
-76.7291666664015,-10.1875000001825,5.94866704940796,879
-76.3124999997315,-11.3125000001915,3.43016695976257,1033
-67.6458333329955,-18.1875000002465,7.06733322143555,335
-71.6874999996945,-14.3958333335495,6.24283313751221,946
-72.0624999996975,-14.7291666668855,4.88266706466675,819
-68.3541666663345,-24.4791666669635,3.72933292388916,51
-67.8124999996635,-19.4791666669235,8.22183322906494,161
-71.3541666663585,-15.3125000002235,4.91966676712036,711
-66.1041666663165,-24.3541666669625,7.81899976730347,148
-66.2708333329845,-23.8958333336255,8.79633331298828,133
-69.1874999996745,-17.7708333335765,5.06516599655151,375
-68.5624999996695,-20.8541666669345,2.95799994468689,83
-68.8958333330055,-25.5625000003055,7.2276668548584,30
-68.8541666663385,-26.1041666669765,2.53116703033447,57
-66.9374999996565,-20.3958333335975,9.09966659545898,155
-69.4374999996765,-16.5625000002335,7.80083322525024,708
-71.8541666663625,-16.1458333335635,11.9693298339844,116
-67.6041666663285,-19.3541666669225,8.48166656494141,184
-73.6458333330435,-15.4375000002245,7.83050012588501,416
-67.3958333329935,-18.8125000002515,8.78983306884766,267
-67.9791666663315,-22.6875000002825,5.26049995422363,56
-68.1458333329995,-25.3125000003035,6.99499988555908,44
-68.4791666663355,-20.6458333335995,1.16216695308685,108
-67.3124999996595,-21.8541666669425,6.82933282852173,88
-68.5208333330025,-22.2291666669455,11.4364995956421,30
-69.2708333330085,-24.5208333336305,13.2639999389648,8
-65.6041666663125,-24.5208333336305,10.1968297958374,257
-71.8958333330295,-14.9791666668875,2.12933301925659,802
-69.4374999996765,-17.8541666669105,2.03600001335144,353
-77.3958333330735,-8.4791666668355,17.024169921875,688
-69.0208333330065,-21.3125000002715,11.6590003967285,20
-65.3541666663105,-23.1875000002865,12.5126695632935,188
-66.3124999996515,-22.2291666669455,8.49416637420654,175
-71.4791666663595,-14.3958333335495,7.27050018310547,890
-74.7291666663855,-13.5625000002095,8.64000034332275,758
-67.4374999996605,-21.0625000002695,8.02633380889893,79
-66.2291666663175,-23.4791666669555,8.02366638183594,141
-70.0624999996815,-17.1875000002385,3.37066698074341,421
-70.3541666663505,-16.8958333335695,4.48216676712036,460
-72.3124999996995,-14.6041666668845,4.13600015640259,839
-65.3958333329775,-22.1458333336115,11.0749998092651,341
-67.1874999996585,-21.4375000002725,8.69983291625977,89
-68.2708333330005,-24.6458333336315,5.49149990081787,45
-68.6041666663365,-18.9375000002525,6.27166700363159,220
-67.3124999996595,-21.6041666669405,8.0446662902832,85
-76.1458333330635,-10.6041666668525,6.30133295059204,1236
-69.0208333330065,-17.3125000002395,7.73899984359741,452
-67.1874999996585,-25.1458333336355,7.48283290863037,77
-72.5624999997015,-14.1875000002145,6.04233312606812,931
-69.1458333330075,-28.1875000003265,2.18583297729492,101
-67.8541666663305,-19.9791666669275,7.17399978637695,171
-76.6041666664005,-10.1875000001825,7.57283401489258,957
-76.8124999997355,-10.1458333335155,5.31933307647705,858
-67.8124999996635,-24.2291666669615,5.04699993133545,60
-68.8958333330055,-25.7708333336405,9.68033313751221,24
-76.1874999997305,-11.3958333335255,4.42500019073486,974
-77.6041666664085,-9.0208333335065,2.80100011825562,885
-69.1041666663405,-15.3958333335575,7.48316717147827,920
-75.2291666663895,-13.6458333335435,6.00683307647705,614
-66.7291666663215,-24.4375000002965,5.14983320236206,112
-68.3541666663345,-20.8125000002675,6.07066679000854,73
-76.3541666663985,-11.5208333335265,1.97650003433228,945
-71.3958333330255,-15.8958333335615,3.40849995613098,444
-73.7291666663775,-13.8958333335455,11.8535003662109,868
-68.9791666663395,-24.6458333336315,11.0924997329712,24
-65.1874999996425,-22.8541666669505,7.60533285140991,280
-67.4374999996605,-17.4791666669075,8.16916656494141,432
-73.6041666663765,-15.6041666668925,10.34850025177,236
-68.1874999996665,-22.2708333336125,9.53783321380615,43
-69.2291666663415,-18.0208333335785,4.17350006103516,343
-75.3124999997235,-13.3958333335415,5.83033323287964,639
-68.1458333329995,-19.8125000002595,7.5479998588562,120
-68.3541666663345,-19.3541666669225,6.16683292388916,166
-70.7291666663535,-13.8958333335455,2.44566702842712,904
-76.7291666664015,-10.6458333335195,3.45033311843872,822
-66.8958333329895,-24.1458333336275,7.31766700744629,90
-68.6874999996705,-22.0208333336105,8.82133293151855,33
-68.4374999996685,-18.8958333335855,7.57783317565918,208
-66.6874999996545,-19.8125000002595,8.74016666412354,134
-75.9374999997285,-11.9375000001965,4.70300006866455,817
-67.9374999996645,-23.9375000002925,7.23733282089233,54
-68.5208333330025,-17.7291666669095,7.84683322906494,380
-75.5624999997255,-13.3958333335415,10.2056703567505,417
-73.9374999997125,-15.2291666668895,10.0346698760986,404
-67.6874999996625,-20.8958333336015,7.51616716384888,73
-65.4374999996445,-22.5625000002815,9.44099998474121,274
-68.7708333330045,-28.6458333336635,8.04716682434082,134
-68.8958333330055,-17.4791666669075,8.32100009918213,413
-70.3541666663505,-15.2708333335565,7.75883293151855,767
-67.0624999996575,-26.0625000003095,2.42249989509583,122
-67.7291666663295,-24.8541666669665,9.1584997177124,136
-66.8124999996555,-24.1875000002945,5.68050003051758,105
-66.6874999996545,-20.6041666669325,9.91583347320557,139
-76.1874999997305,-12.1458333335315,8.24183368682861,467
-72.8124999997035,-14.9375000002205,1.70350003242493,735
-70.8124999996875,-16.5625000002335,12.2783298492432,202
-67.5624999996615,-23.1875000002865,3.70650005340576,82
-66.4791666663195,-21.9375000002765,9.14666652679443,159
-66.7291666663215,-22.8541666669505,4.65749979019165,126
-77.1458333330715,-9.6041666668445,6.34683322906494,803
-67.4791666663275,-27.1458333336515,9.51416683197021,118
-68.8124999996715,-19.6458333335915,3.12116694450378,157
-68.6041666663365,-18.1041666669125,7.13116693496704,333
-69.4791666663435,-15.2291666668895,8.12916660308838,852
-74.9791666663875,-13.6041666668765,5.34133291244507,702
-67.9791666663315,-22.1875000002785,2.7971670627594,73
-68.1458333329995,-27.1458333336515,4.82649993896484,89
-68.3541666663345,-22.2708333336125,10.6828298568726,36
-69.3124999996755,-17.4791666669075,7.75699996948242,359
-67.9791666663315,-19.5208333335905,7.74849987030029,156
-70.5624999996855,-15.1041666668885,6.11883401870728,866
-66.7291666663215,-21.5625000002735,7.87066698074341,134
-74.0624999997135,-15.1875000002225,12.9396696090698,255
-72.0208333330305,-14.1458333335475,6.1186671257019,950
-67.1874999996585,-19.4791666669235,8.74583339691162,172
-69.2291666663415,-16.3541666668985,8.86149978637695,915
-72.3124999996995,-14.0208333335465,6.29733276367188,961
-71.2708333330245,-14.9791666668875,5.26599979400635,835
-67.7291666663295,-19.3125000002555,8.45333290100098,183
-73.6874999997105,-13.6875000002105,15.4953298568726,857
-72.0624999996975,-14.3125000002155,9.17216682434082,931
-66.4374999996525,-22.8958333336175,5.10633277893066,147
-71.0624999996895,-15.7291666668935,3.53999996185303,592
-73.6458333330435,-14.2708333335485,6.65166711807251,918
-75.2291666663895,-13.1458333335395,2.40750002861023,755
-69.0624999996735,-21.0625000002695,11.9253301620483,21
-77.7708333330765,-8.4375000001685,6.36933279037476,955
-66.7708333329885,-25.8125000003075,4.74316692352295,124
-67.3958333329935,-23.8958333336255,5.16866683959961,76
-76.5624999997335,-10.6875000001865,4.65216684341431,886
-69.8541666663465,-16.0208333335625,8.73950004577637,855
-68.7708333330045,-26.1875000003105,1.51133298873901,67
-75.0624999997215,-13.5208333335425,3.50916695594788,731
-67.6041666663285,-19.4375000002565,8.51966667175293,170
-65.6874999996465,-24.3958333336295,3.14466691017151,208
-70.3958333330175,-13.8958333335455,1.5978330373764,935
-68.8958333330055,-25.6875000003065,6.80600023269653,33
-66.9791666663235,-26.6041666669805,8.21433353424072,116
-66.9791666663235,-19.6875000002585,8.54500007629395,145
-67.6874999996625,-26.8958333336495,7.82566690444946,91
-68.5208333330025,-26.3958333336455,1.42016696929932,86
-66.1874999996505,-26.4375000003125,7.64433288574219,191
-70.6458333330195,-16.3541666668985,2.7346670627594,580
-68.1041666663325,-21.5208333336065,0.594500005245209,94
-66.4374999996525,-21.6041666669405,6.38833284378052,170
-69.1458333330075,-17.5208333335745,7.7126669883728,379
-74.1041666663805,-14.5208333335505,5.010666847229,780
-71.8958333330295,-13.5625000002095,11.2391700744629,659
-68.6041666663365,-28.3958333336615,7.67616701126099,123
-65.9791666663155,-24.1458333336275,9.50633335113525,161
-74.7708333330525,-13.2291666668735,3.95233297348022,862
-74.9791666663875,-12.9375000002045,3.78083300590515,830
-68.9374999996725,-16.8125000002355,8.71916675567627,604
-71.4791666663595,-16.5208333335665,14.5594997406006,62
-76.2708333330645,-10.1041666668485,11.4553298950195,978
-75.2291666663895,-12.3125000001995,9.4888334274292,791
-67.8541666663305,-19.2708333335885,8.28816699981689,177
-70.1041666663485,-16.6458333335675,1.78400003910065,611
-69.1041666663405,-25.9375000003085,4.72399997711182,39
-65.8124999996475,-21.8125000002755,13.2969999313354,290
-65.4791666663115,-23.5625000002895,10.0565004348755,209
-67.3958333329935,-27.0208333336505,6.05516719818115,113
-66.6458333329875,-22.6041666669485,4.2786660194397,138
-69.8541666663465,-14.9375000002205,8.43866634368896,717
-67.6041666663285,-26.2291666669775,9.31166553497314,62
-65.9374999996485,-24.8958333336335,8.77016639709473,179
-67.3124999996595,-21.3125000002715,8.45333290100098,84
-68.8124999996715,-16.9791666669035,8.9709997177124,540
-69.3124999996755,-28.9791666669995,5.03283309936523,99
-67.1458333329915,-18.8541666669185,9.02966690063477,291
-67.6874999996625,-20.1458333335955,7.37483310699463,160
-68.1458333329995,-24.5208333336305,5.17566680908203,48
-71.9374999996965,-15.1458333335555,1.75433301925659,750
-68.4791666663355,-28.3125000003275,5.47316598892212,129
-76.3124999997315,-11.0625000001895,4.29150009155273,970
-68.2708333330005,-23.2291666669535,14.0686702728271,32
-67.9374999996645,-21.6875000002745,3.38333296775818,77
-67.5208333329945,-25.7291666669735,4.40000009536743,81
-75.5624999997255,-11.8125000001955,9.21049976348877,762
-66.9374999996565,-22.3541666669465,3.79966688156128,122
-68.1458333329995,-19.4375000002565,7.08583307266235,178
-67.7291666663295,-24.0208333336265,6.92533302307129,57
-69.3124999996755,-18.5625000002495,2.34333300590515,280
-71.2708333330245,-15.4791666668915,3.74799990653992,665
-69.1458333330075,-19.8541666669265,8.7276668548584,71
-71.0624999996895,-15.5625000002255,3.93683290481567,662
-76.3541666663985,-11.7291666668615,3.41249990463257,795
-68.3958333330015,-17.5625000002415,8.81900024414062,393
-67.8541666663305,-20.8125000002675,5.95133399963379,86
-67.9374999996645,-23.8958333336255,7.75966596603394,51
-74.2708333330485,-15.3125000002235,14.836669921875,109
-68.1874999996665,-21.0208333336025,6.16450023651123,74
-67.5208333329945,-17.9375000002445,9.02266597747803,331
-70.9374999996885,-16.0625000002295,3.1796669960022,539
-69.0624999996735,-27.5625000003215,1.02866697311401,102
-67.3958333329935,-19.6458333335915,8.86366653442383,153
-72.1458333330315,-15.6875000002265,12.6738300323486,241
-68.0624999996655,-21.4375000002725,1.09599995613098,96
-70.3124999996835,-17.2708333335725,8.06133365631104,233
-68.9791666663395,-19.1875000002545,2.42833399772644,212
-68.1458333329995,-23.9375000002925,12.2355003356934,35
-66.5208333329865,-25.9375000003085,7.92049980163574,138
-68.0208333329985,-25.6041666669725,1.73749995231628,76
-68.6041666663365,-19.6041666669245,5.16216707229614,146
-69.5624999996775,-28.2291666669935,3.29500007629395,106
-72.8541666663705,-14.1458333335475,4.44166707992554,932
-74.7708333330525,-13.9375000002125,4.07649993896484,741
-78.1458333330795,-7.6041666668285,17.2784996032715,587
-68.1041666663325,-24.9791666669675,6.3521671295166,46
-71.7708333330285,-15.6458333335595,9.42300033569336,373
-67.0624999996575,-19.7291666669255,8.49849987030029,142
-70.3541666663505,-17.0625000002375,2.03333306312561,454
-69.8541666663465,-17.3958333335735,2.0251669883728,396
-66.4791666663195,-26.1041666669765,7.85799980163574,150
-76.3124999997315,-11.4375000001925,3.27883291244507,1004
-67.9374999996645,-27.0625000003175,7.14266681671143,93
-69.9791666663475,-28.7291666669975,4.51466703414917,77
-69.1041666663405,-28.5625000003295,4.54366683959961,103
-66.5208333329865,-25.5208333336385,7.05366706848145,147
-65.8124999996475,-22.1875000002785,9.81733322143555,259
-66.1874999996505,-22.1458333336115,8.01483345031738,194
-67.3124999996595,-17.7291666669095,9.32716655731201,390
-70.2708333330165,-14.1458333335475,3.91400003433228,864
-69.6041666663445,-18.5625000002495,9.16616725921631,141
-67.3958333329935,-26.1041666669765,10.1934995651245,62
-69.1874999996745,-26.0208333336425,6.91050004959106,31
-69.3958333330095,-16.8541666669025,8.01816654205322,552
-69.1458333330075,-19.4375000002565,6.83400011062622,116
-75.2291666663895,-13.5208333335425,5.31233310699463,658
-67.6041666663285,-21.6458333336075,5.70733308792114,81
-68.0208333329985,-22.3125000002795,4.67083311080933,61
-77.7708333330765,-9.3958333335095,3.22716689109802,698
-74.2708333330485,-14.1875000002145,6.20416593551636,789
-65.8124999996475,-22.1458333336115,10.1456699371338,264
-72.1874999996985,-15.2291666668895,0.878166615962982,702
-72.1041666663645,-14.3125000002155,10.6765003204346,922
-73.9374999997125,-15.0208333335545,7.49116706848145,620
-67.3958333329935,-18.2708333335805,9.17450046539307,327
-70.8541666663545,-14.7291666668855,6.09616708755493,812
-71.6458333330275,-15.4791666668915,0.924833297729492,700
-68.7291666663375,-21.0208333336025,1.96333301067352,81
-72.3541666663665,-13.6458333335435,12.2991695404053,900
-70.0208333330145,-14.8541666668865,6.99066686630249,771
-65.5624999996455,-24.1875000002945,10.0848302841187,261
-67.0208333329905,-26.0208333336425,3.12916707992554,117
-68.8541666663385,-27.0208333336505,2.36033296585083,93
-68.0208333329985,-23.5208333336225,14.1234998703003,44
-66.1458333329835,-26.2291666669775,7.57716703414917,182
-67.4791666663275,-18.9375000002525,8.31183338165283,249
-68.3541666663345,-23.6041666669565,14.2259998321533,28
-71.3124999996915,-15.0208333335545,5.32216596603394,825
-66.5624999996535,-23.5625000002895,6.15000009536743,124
-71.3541666663585,-15.9791666668955,5.18966722488403,374
-72.6874999997025,-14.3125000002155,3.88466691970825,892
-69.1041666663405,-18.1041666669125,0.41100001335144,384
-78.1458333330795,-7.2708333334925,14.0246696472168,898
-67.3124999996595,-24.6041666669645,6.05083322525024,78
-75.5208333330585,-13.3125000002075,7.37666702270508,573
-67.3541666663265,-23.8958333336255,5.06766700744629,77
-76.3958333330655,-11.2291666668575,3.21566700935364,959
-69.9374999996805,-28.7291666669975,4.15433406829834,84
-68.5208333330025,-26.6041666669805,2.33966708183289,77
-76.3541666663985,-10.6875000001865,5.51049995422363,938
-66.8124999996555,-26.5625000003135,10.5481700897217,101
-67.6458333329955,-18.9791666669195,8.20033359527588,233
-73.3541666663745,-15.5208333335585,7.02783298492432,430
-67.4791666663275,-25.3125000003035,9.91849994659424,56
-73.6458333330435,-13.5625000002095,8.09666633605957,979
-69.4374999996765,-24.4375000002965,15.2770004272461,6
-67.7708333329965,-20.1875000002625,7.15733289718628,158
-66.5624999996535,-23.7708333336245,6.97300004959106,119
-78.4374999997485,-7.6458333334955,11.4265003204346,657
-78.3541666664145,-7.7291666668295,11.7518301010132,666
-77.5624999997415,-9.2291666668415,6.44216680526733,677
-68.1874999996665,-23.3125000002875,13.9636697769165,36
-68.9791666663395,-17.3125000002395,8.16266632080078,449
-72.1874999996985,-14.0208333335465,8.3008337020874,957
-67.6874999996625,-21.3125000002715,6.07533407211304,79
-68.9374999996725,-17.8125000002435,5.87866687774658,391
-68.6041666663365,-21.4791666669395,6.61116695404053,49
-68.8541666663385,-19.6041666669245,3.29833292961121,158
-67.9374999996645,-17.8125000002435,8.12049961090088,345
-74.4791666663835,-12.8541666668705,11.4556703567505,822
-66.6458333329875,-26.0625000003095,3.21366691589355,152
-77.3541666664065,-9.6458333335115,5.28550004959106,659
-67.8958333329975,-17.7708333335765,8.39949989318848,346
-74.2291666663815,-14.7291666668855,7.79133319854736,695
-68.2291666663335,-21.1875000002705,6.86316680908203,70
-65.5208333329785,-24.2291666669615,12.1256704330444,342
-68.2708333330005,-20.8541666669345,6.40683317184448,74
-66.6458333329875,-24.5208333336305,7.67950010299683,104
-66.5208333329865,-22.5208333336145,6.1564998626709,149
-68.2708333330005,-23.0625000002855,13.8879995346069,33
-69.1874999996745,-20.7291666669335,13.6520004272461,17
-66.5624999996535,-20.0208333335945,7.24283409118652,153
-73.9791666663795,-15.3958333335575,9.52966690063477,344
-74.1041666663805,-12.8958333335375,7.57200002670288,990
-67.3124999996595,-20.4375000002645,8.03450012207031,160
-69.0208333330065,-27.1041666669845,5.52349996566772,64
-68.0208333329985,-20.9791666669355,4.61816596984863,87
-76.3124999997315,-10.6458333335195,5.36850023269653,1008
-75.8124999997275,-10.8125000001875,8.54683303833008,1051
-68.3124999996675,-26.7291666669815,1.3093329668045,93
-66.7291666663215,-21.3541666669385,8.79966640472412,133
-67.3958333329935,-19.1875000002545,8.4375,218
-65.8958333329815,-22.4375000002805,9.79333305358887,226
-68.1041666663325,-24.7708333336325,4.65383291244507,53
-76.7708333330685,-10.2708333335165,4.92583322525024,885
-68.9791666663395,-26.3958333336455,7.11700010299683,41
-68.4374999996685,-17.3125000002395,8.78283309936523,445
-69.1458333330075,-20.0208333335945,8.55616664886475,64
-66.8958333329895,-22.7291666669495,4.64633321762085,116
-67.6041666663285,-24.1041666669605,8.94733333587646,55
-69.1041666663405,-15.1041666668885,5.27333402633667,928
-69.3541666663425,-19.8125000002595,12.5295000076294,32
-70.5208333330185,-14.8541666668865,5.72283315658569,843
-67.2708333329925,-20.5625000002655,8.16899967193604,159
-74.4374999997165,-14.7291666668855,7.14966678619385,639
-67.6874999996625,-22.5208333336145,1.54633295536041,87
-73.3541666663745,-13.6875000002105,11.41100025177,924
-72.1458333330315,-15.4791666668915,2.74166703224182,558
-71.9374999996965,-15.9791666668955,7.53016710281372,260
-74.8541666663865,-13.5625000002095,7.83816719055176,703
-66.1874999996505,-25.3541666669705,14.6933298110962,145
-75.2708333330565,-13.9791666668795,11.7770004272461,259
-68.1041666663325,-27.6458333336555,6.62016677856445,110
-68.6458333330035,-20.1041666669285,3.80299997329712,112
-77.2708333330725,-10.1875000001825,3.82833290100098,616
-70.3958333330175,-14.5625000002175,6.06416702270508,784
-67.5624999996615,-22.3958333336135,3.44199991226196,85
-67.6874999996625,-23.1041666669525,2.40033292770386,83
-75.5624999997255,-11.6041666668605,9.08366680145264,803
-75.1041666663885,-13.4791666668755,3.55916690826416,729
-71.2291666663575,-14.5625000002175,4.5711669921875,905
-67.9791666663315,-24.3541666669625,6.5856671333313,50
-77.2708333330725,-9.9791666668475,2.50466704368591,731
-67.9791666663315,-20.0208333335945,7.02716684341431,157
-68.0208333329985,-26.1875000003105,10.1176700592041,46
-68.8124999996715,-17.5208333335745,8.12433338165283,416
-66.9374999996565,-20.3541666669305,9.21883296966553,146
-69.2291666663415,-19.1458333335875,5.52416706085205,166
-70.5624999996855,-14.9791666668875,7.21799993515015,752
-68.4791666663355,-25.4375000003045,4.06933403015137,50
-69.3124999996755,-20.0625000002615,12.7718296051025,26
-68.1874999996665,-21.6458333336075,5.19950008392334,62
-68.5208333330025,-28.6875000003305,12.6936702728271,116
-67.3124999996595,-21.1458333336035,8.07033252716064,85
-67.5624999996615,-20.5208333335985,7.72116708755493,142
-65.1874999996425,-22.2708333336125,9.10816669464111,340
-68.8958333330055,-18.3125000002475,5.88833284378052,333
-70.0624999996815,-17.5625000002415,10.0436697006226,160
-67.3958333329935,-23.2708333336205,3.56783294677734,91
-71.3541666663585,-15.8541666668945,4.37616682052612,427
-65.8958333329815,-24.8958333336335,4.96816682815552,208
-74.8541666663865,-12.4791666668675,10.9064998626709,796
-69.5624999996775,-16.1041666668965,9.68366622924805,1046
-66.3541666663185,-19.9791666669275,8.35116672515869,171
-67.6458333329955,-23.9791666669595,5.17449998855591,66
-75.5208333330585,-12.3125000001995,5.14533281326294,830
-69.7291666663455,-17.5208333335745,2.99933290481567,354
-67.3541666663265,-17.9791666669115,9.31016635894775,347
-67.1041666663245,-24.3958333336295,8.60750007629395,76
-68.1458333329995,-26.2708333336445,4.0848331451416,73
-67.6874999996625,-18.1875000002465,7.34516716003418,328
-68.9374999996725,-19.5625000002575,3.5153329372406,152
-71.0624999996895,-14.5625000002175,4.07100009918213,899
-67.4374999996605,-18.9791666669195,8.37399959564209,245
-67.8958333329975,-24.2291666669615,8.2906665802002,47
-69.1041666663405,-18.2708333335805,2.35033297538757,338
-66.3541666663185,-21.1875000002705,6.94633293151855,175
-68.9791666663395,-25.1875000003025,6.96449995040894,30
-68.2291666663335,-17.6458333335755,8.30399990081787,380
-67.5624999996615,-20.8125000002675,8.48950004577637,88
-68.8541666663385,-24.5208333336305,10.9283304214478,16
-68.9791666663395,-18.8125000002515,3.53083300590515,255
-66.0208333329825,-22.3541666669465,10.2174997329712,222
-71.4374999996925,-13.8541666668785,6.23850011825562,851
-73.8958333330455,-13.8958333335455,14.4971704483032,739
-68.7708333330045,-19.5208333335905,5.4771671295166,146
-69.1458333330075,-28.6458333336635,4.43483304977417,100
-67.8124999996635,-25.6458333336395,5.58266592025757,66
-71.1458333330235,-14.9375000002205,6.3741660118103,810
-68.1458333329995,-18.3541666669145,8.03333282470703,281
-67.1041666663245,-21.3541666669385,8.8638334274292,97
-71.6458333330275,-14.3541666668825,7.72916698455811,966
-72.6874999997025,-14.7708333335525,1.39066696166992,788
-68.5208333330025,-19.1041666669205,5.76616716384888,206
-67.8541666663305,-18.6458333335835,8.21916675567627,256
-68.0624999996655,-18.1875000002465,7.81500005722046,306
-75.5624999997255,-13.5625000002095,14.6528301239014,179
-71.2708333330245,-15.4791666668915,3.74799990653992,665
-77.8958333330775,-7.9375000001645,11.5868301391602,898
-67.5624999996615,-24.5208333336305,9.35499954223633,98
-67.5208333329945,-18.6875000002505,8.48983383178711,280
-65.6041666663125,-24.2708333336285,3.30516695976257,218
-73.8958333330455,-14.1875000002145,8.5314998626709,847
-67.1458333329915,-19.3125000002555,9.07483291625977,206
-78.5624999997495,-6.8541666668225,10.0298299789429,1048
-67.9374999996645,-21.3541666669385,5.10449981689453,73
-76.1458333330635,-10.5208333335185,7.73050022125244,1168
-68.0208333329985,-20.8125000002675,7.44366598129272,73
-66.4374999996525,-26.3125000003115,5.50983285903931,157
-77.1458333330715,-8.8125000001715,11.5578298568726,805
-68.4374999996685,-22.1458333336115,9.32699966430664,37
-72.4791666663675,-14.7291666668855,0.853333413600922,817
-74.3124999997155,-13.8958333335455,9.41866683959961,774
-68.8958333330055,-20.3125000002635,5.35633277893066,79
-67.9791666663315,-25.4375000003045,1.06233298778534,84
-71.8541666663625,-15.4375000002245,-0.322166800498962,714
-71.8958333330295,-15.0625000002215,1.65233302116394,785
-68.6041666663365,-27.9375000003245,1.94099998474121,116
-72.6041666663685,-14.6041666668845,1.99483299255371,835
-68.4791666663355,-26.9375000003165,0.808333277702332,96
-69.2708333330085,-24.7708333336325,11.7285003662109,10
-71.1874999996905,-14.6875000002185,5.36316680908203,879
-65.5624999996455,-22.6041666669485,9.21233367919922,251
-67.0208333329905,-21.0625000002695,9.27200031280518,104
-66.6041666663205,-22.1458333336115,4.63049983978271,151
-71.5624999996935,-16.3541666668985,14.72350025177,78
-70.1874999996825,-16.1041666668965,5.29300022125244,757
-73.2291666663735,-14.2708333335485,9.11816692352295,898
-67.7708333329965,-24.0625000002935,6.01483297348022,58
-69.1041666663405,-25.3125000003035,6.09416723251343,29
-67.6041666663285,-18.7708333335845,8.03550052642822,262
-68.1874999996665,-23.9375000002925,12.6300001144409,32
-69.2291666663415,-26.1041666669765,7.18149995803833,29
-68.3958333330015,-20.8125000002675,5.70783281326294,75
-74.5624999997175,-14.3541666668825,5.59450006484985,676
-67.5208333329945,-20.0208333335945,7.68800020217896,172
-74.0208333330465,-15.5208333335585,14.3179998397827,101
-71.5208333330265,-14.1458333335475,7.23366594314575,892
-72.8124999997035,-14.8541666668865,1.85933303833008,757
-67.6458333329955,-20.8958333336015,8.305832862854,74
-75.2708333330565,-13.8958333335455,7.59549999237061,492
-78.2291666664135,-7.5625000001615,14.0369997024536,700
-78.1458333330795,-7.5625000001615,17.2916698455811,604
-65.4791666663115,-23.4375000002885,8.2408332824707,219
-77.9374999997445,-8.4791666668355,6.05416679382324,847
-68.1041666663325,-17.1875000002385,8.86833381652832,430
-68.7291666663375,-17.2291666669055,9.2281665802002,467
-68.9791666663395,-24.3958333336295,9.67599964141846,16
-65.6041666663125,-22.9791666669515,9.1366662979126,212
-67.6041666663285,-21.1875000002705,5.00533294677734,90
-68.9374999996725,-27.1041666669845,3.3828330039978,77
-70.9374999996885,-15.5625000002255,4.56699991226196,710
-67.1874999996585,-23.3958333336215,5.27250003814697,85
-74.4374999997165,-13.1458333335395,9.73266696929932,867
-65.6041666663125,-23.1458333336195,9.17800045013428,204
-76.9791666664035,-10.3541666668505,4.50600004196167,689
-75.1458333330555,-12.1458333335315,10.8178300857544,775
-65.8124999996475,-25.0625000003015,7.87316703796387,215
-66.6874999996545,-23.6458333336235,7.64599990844727,108
-65.2291666663095,-22.4791666669475,7.63500022888184,306
-68.2291666663335,-18.4791666669155,7.90233278274536,263
-69.5624999996775,-28.9791666669995,-0.000666653097141534,126
-68.0208333329985,-19.0625000002535,8.09483337402344,201
-75.6458333330595,-11.9375000001965,7.11083316802979,864
-70.8124999996875,-14.0208333335465,2.20133304595947,915
-75.5208333330585,-12.6041666668685,3.22749996185303,769
-73.7708333330445,-14.9375000002205,6.58333301544189,705
-67.2708333329925,-22.4375000002805,3.687166929245,99
-66.7708333329885,-26.8958333336495,9.13033294677734,145
-66.8541666663225,-23.6041666669565,6.79150009155273,99
-69.1041666663405,-17.0208333335705,8.75416660308838,511
-68.2708333330005,-19.1041666669205,7.91599988937378,182
-67.4791666663275,-20.2708333335965,7.77600002288818,164
-69.4374999996765,-16.6458333335675,6.7413330078125,669
-68.5208333330025,-20.2708333335965,6.38733291625977,86
-72.4791666663675,-14.9791666668875,2.99499988555908,693
-77.0624999997375,-10.8541666668545,6.42866706848145,600
-70.2291666663495,-15.5625000002255,9.38833332061768,639
-66.1458333329835,-25.9375000003085,7.88016700744629,195
-68.1041666663325,-20.8958333336015,5.13266706466675,81
-69.4374999996765,-14.5208333335505,4.89499998092651,907
-68.4791666663355,-25.0625000003015,4.44283294677734,48
-78.1874999997465,-7.5208333334945,16.6608295440674,617
-66.8958333329895,-21.2291666669375,9.26483345031738,115
-75.9791666663955,-12.3125000001995,4.07533311843872,713
-68.5624999996695,-21.6875000002745,7.18249988555908,44
-69.5208333330105,-18.1458333335795,3.02466702461243,283
-66.4791666663195,-24.4791666669635,5.74666595458984,122
-75.1458333330555,-12.3541666668665,10.7798299789429,737
-66.5624999996535,-22.1875000002785,5.35550022125244,154
-68.2708333330005,-22.0625000002775,4.64900016784668,56
-67.5208333329945,-21.0625000002695,8.06400012969971,75
-78.4791666664155,-6.8125000001555,10.3248300552368,1117
-66.6874999996545,-23.6875000002905,7.48449993133545,108
-68.3124999996675,-22.9791666669515,13.506329536438,31
-75.7291666663935,-13.0208333335385,5.63899993896484,605
-68.5208333330025,-19.7291666669255,6.53666687011719,124
-68.8541666663385,-18.6875000002505,6.63733291625977,239
-68.6458333330035,-18.8125000002515,4.93333292007446,252
-68.7291666663375,-26.0208333336425,5.98299980163574,47
-75.6041666663925,-11.4375000001925,8.56599998474121,854
-67.8958333329975,-22.6875000002825,0.336833387613297,90
-66.8124999996555,-21.6041666669405,7.80966711044312,126
-69.6874999996785,-16.5208333335665,6.66583299636841,672
-76.7291666664015,-11.4375000001925,3.41633296012878,745
-68.3541666663345,-23.3125000002875,14.1800003051758,30
-66.3958333329855,-19.6041666669245,3.82750010490417,175
-70.1874999996825,-14.0625000002135,3.02783298492432,894
-66.4374999996525,-20.2291666669295,9.77316665649414,166
-69.5624999996775,-29.3541666670025,3.90116691589355,106
-71.5208333330265,-15.8125000002275,2.8970000743866,489
-66.7708333329885,-23.5208333336225,7.72666597366333,100
-74.2708333330485,-13.0625000002055,17.3028297424316,491
-68.3958333330015,-25.7291666669735,4.70766687393188,53
-67.8958333329975,-20.4375000002645,7.83449983596802,82
-75.8958333330615,-11.9375000001965,4.65183401107788,842
-74.7291666663855,-13.9375000002125,4.50466680526733,743
-69.0208333330065,-28.0208333336585,-1.08066701889038,140
-67.4791666663275,-21.3541666669385,8.11366653442383,74
-68.7708333330045,-27.8958333336575,-4.46533298492432,164
-69.6874999996785,-17.0625000002375,5.67950010299683,449
-71.7708333330285,-16.1458333335635,11.4744997024536,136
-70.3124999996835,-16.6041666669005,4.66050004959106,541
-68.4374999996685,-18.1875000002465,4.08483409881592,376
-66.5208333329865,-25.2291666669695,5.67833280563354,149
-75.4791666663915,-12.2708333335325,6.58933401107788,816
-68.8124999996715,-17.2708333335725,8.93133354187012,462
-65.6874999996465,-23.1875000002865,7.16166687011719,209
-77.1874999997385,-10.5208333335185,15.8138303756714,281
-69.5624999996775,-28.7708333336645,0.417666703462601,117
-68.7291666663375,-17.1041666669045,9.13599967956543,501
-66.9791666663235,-19.1458333335875,9.28999996185303,252
-68.3124999996675,-23.0625000002855,13.9513301849365,32
-76.6041666664005,-9.6041666668445,6.45733308792114,1004
-67.9374999996645,-17.1875000002385,9.15333366394043,407
-72.6874999997025,-15.3958333335575,4.22216701507568,516
-69.8541666663465,-28.8125000003315,3.13700008392334,101
-74.6041666663845,-12.5208333335345,8.74833297729492,961
-73.1874999997065,-14.6458333335515,4.4375,851
-69.1874999996745,-17.3541666669065,7.21533298492432,425
-67.4791666663275,-25.3958333336375,10.2388296127319,55
-71.5624999996935,-15.5208333335585,5.35066699981689,558
-67.1874999996585,-18.3541666669145,9.42783355712891,357
-68.1874999996665,-24.2708333336285,6.97366714477539,41
-65.1458333329755,-22.7291666669495,14.2078304290771,361
-71.6458333330275,-14.8125000002195,4.96299982070923,853
-77.7291666664095,-8.6458333335035,6.02183294296265,870
-73.3958333330415,-14.6041666668845,4.13549995422363,871
-65.8958333329815,-23.6458333336235,10.0716695785522,158
-67.4374999996605,-26.0208333336425,9.61950016021729,64
-69.7291666663455,-14.5625000002175,5.22616720199585,848
-76.9791666664035,-8.9791666668395,12.614330291748,828
-67.2291666663255,-19.2708333335885,8.98916625976562,213
-74.2708333330485,-13.4375000002085,9.28333377838135,896
-68.1874999996665,-24.5625000002975,7.91750001907349,39
-67.6874999996625,-21.4791666669395,5.1269998550415,81
-75.4791666663915,-12.8541666668705,3.66516709327698,664
-68.2708333330005,-21.7291666669415,5.67700004577637,57
-68.1458333329995,-21.8541666669425,3.28749990463257,68
-68.5624999996695,-25.8958333336415,3.34516596794128,56
-77.1458333330715,-10.6458333335195,3.57366704940796,663
-75.9791666663955,-12.6458333335355,13.914999961853,263
-71.2291666663575,-15.3541666668905,3.1713330745697,761
-67.6458333329955,-18.8958333335855,8.0305004119873,246
-73.7291666663775,-15.0625000002215,9.41866683959961,529
-69.2708333330085,-19.5208333335905,11.8765001296997,52
-69.2708333330085,-28.1875000003265,2.20149993896484,102
-68.1874999996665,-22.1041666669445,3.24016690254211,63
-77.4374999997405,-8.8125000001715,11.9761695861816,592
-72.3958333330335,-15.6458333335595,4.16016721725464,433
-69.1041666663405,-16.3958333335655,7.18650007247925,870
-67.8124999996635,-19.7291666669255,6.24550008773804,144
-68.8958333330055,-21.1041666669365,6.6710000038147,52
-69.2291666663415,-19.4375000002565,7.76966714859009,105
-67.6458333329955,-22.1458333336115,3.60933303833008,83
-72.1041666663645,-15.2708333335565,2.91916704177856,648
-68.1041666663325,-26.1875000003105,6.36583280563354,59
-69.8124999996795,-16.3958333335655,6.92033290863037,710
-67.7291666663295,-19.1875000002545,8.46100044250488,200
-68.8124999996715,-17.9375000002445,5.5231671333313,383
-73.3541666663745,-15.4791666668915,8.08866691589355,411
-66.4374999996525,-23.0208333336185,7.25050020217896,138
-72.4374999997005,-14.7291666668855,2.1340000629425,807
-66.7291666663215,-26.2708333336445,5.14066600799561,135
-66.3124999996515,-23.9375000002925,7.06750011444092,136
-66.8541666663225,-25.8958333336415,2.36883306503296,134
-66.7291666663215,-22.6041666669485,4.79050016403198,132
-74.1041666663805,-15.2291666668895,16.5633296966553,83
-66.6458333329875,-26.6458333336475,4.14750003814697,160
-69.8124999996795,-17.6458333335755,1.2523330450058,361
-68.1458333329995,-25.6041666669725,4.89633321762085,54
-66.3958333329855,-26.0208333336425,9.83783340454102,131
-72.6458333330355,-14.6458333335515,1.64499998092651,826
-68.8541666663385,-17.8541666669105,6.10433292388916,387
-75.1041666663885,-11.8958333335295,6.51100015640259,1013
-67.5624999996615,-23.4375000002885,5.90049982070923,66
-68.4374999996685,-22.5208333336145,10.546669960022,32
-66.7708333329885,-20.4375000002645,9.24866676330566,136
-71.0208333330225,-16.0208333335625,3.58599996566772,499
-69.7291666663455,-16.1458333335635,8.92016696929932,898
-66.9791666663235,-25.7291666669735,2.81566691398621,120
-74.8958333330535,-13.6458333335435,6.65933322906494,688
-67.3124999996595,-26.9375000003165,5.28049993515015,119
-66.3958333329855,-22.4791666669475,8.03266620635986,157
-65.8541666663145,-21.7291666669415,12.3128299713135,271
-69.6041666663445,-28.5625000003295,-0.44733339548111,121
-68.4374999996685,-20.6458333335995,0.586499989032745,113
-66.9791666663235,-26.1458333336435,2.78666710853577,126
-69.2291666663415,-20.2291666669295,12.3923301696777,28
-68.9791666663395,-25.8125000003075,5.68533277511597,35
-67.1874999996585,-23.6041666669565,5.16183280944824,85
-69.2291666663415,-26.1458333336435,8.6051664352417,27
-77.1041666664045,-9.1875000001745,5.0019998550415,979
-77.8541666664105,-7.9375000001645,9.39299964904785,1105
-71.8124999996955,-15.4791666668915,0.152833297848701,689
-65.7708333329805,-24.2291666669615,8.99433326721191,175
-69.0208333330065,-17.2291666669055,8.37266635894775,461
-71.1458333330235,-14.1875000002145,6.25250005722046,819
-67.4374999996605,-18.6458333335835,8.70433330535889,291
-66.6458333329875,-19.5208333335905,6.42500019073486,174
-68.3958333330015,-22.8541666669505,11.7534999847412,30
-68.4791666663355,-17.6458333335755,8.6961669921875,384
-70.2708333330165,-16.9375000002365,3.77816700935364,471
-66.0624999996495,-23.9791666669595,7.444167137146,152
-70.0624999996815,-16.0625000002295,8.29450035095215,723
-76.7291666664015,-9.5625000001775,10.9375,848
-67.0624999996575,-22.2291666669455,4.53000020980835,109
-74.3541666663825,-12.8958333335375,17.3296699523926,513
-66.7708333329885,-23.3125000002875,7.41833400726318,107
-73.3541666663745,-13.7291666668775,9.70899963378906,840
-74.8124999997195,-13.0625000002055,6.545166015625,831
-78.2291666664135,-7.6458333334955,12.5581703186035,768
-67.3124999996595,-17.7291666669095,9.32716655731201,390
-67.5208333329945,-24.2291666669615,9.59666633605957,60
-70.5208333330185,-15.1875000002225,4.80066680908203,928
-68.0208333329985,-19.7291666669255,7.82233285903931,133
-77.0624999997375,-9.4791666668435,5.36533403396606,873
-67.2708333329925,-19.1041666669205,8.78849983215332,240
-69.2291666663415,-25.6458333336395,7.88216686248779,22
-69.1458333330075,-18.7708333335845,3.77716708183289,258
-65.8124999996475,-22.1458333336115,10.1456699371338,264
-67.6041666663285,-25.3125000003035,0.246666699647903,104
-66.9374999996565,-21.0208333336025,9.53466701507568,111
-66.5208333329865,-21.6875000002745,3.7039999961853,171
-65.7291666663135,-24.2291666669615,6.31799983978271,185
-68.9791666663395,-18.6458333335835,5.72583293914795,258
-69.2291666663415,-25.1875000003025,3.42566704750061,39
-72.3541666663665,-14.6458333335515,3.2826669216156,834
-68.0208333329985,-19.7708333335925,7.80933284759521,136
-68.8124999996715,-28.5208333336625,5.16833400726318,117
-72.0208333330305,-14.8958333335535,3.99366688728333,775
-66.9791666663235,-22.7708333336165,3.19916701316833,113
-68.6041666663365,-27.0625000003175,-1.30449998378754,163
-68.8541666663385,-19.8125000002595,4.00050020217896,126
-66.6458333329875,-25.8958333336415,4.4375,134
-78.0624999997455,-7.8125000001635,12.4651699066162,802
-74.0624999997135,-14.4375000002165,5.62016677856445,802
-73.2291666663735,-14.6041666668845,6.01149988174438,851
-67.5208333329945,-17.5208333335745,7.95066690444946,408
-67.2708333329925,-25.8958333336415,5.56733322143555,89
-68.6041666663365,-17.4791666669075,8.90583324432373,414
-73.8541666663785,-15.6041666668925,9.46683311462402,271
-67.5624999996615,-20.6041666669325,8.10550022125244,105
-68.9791666663395,-27.0625000003175,5.19733285903931,63
-66.3958333329855,-25.1875000003025,7.73750019073486,151
-68.7708333330045,-18.7708333335845,5.15299987792969,258
-65.9374999996485,-22.5625000002815,9.87933254241943,210
-69.2708333330085,-25.3541666669705,8.86016654968262,15
-67.6041666663285,-25.9375000003085,3.83266711235046,86
-76.2291666663975,-12.3125000001995,13.0684995651245,290
-65.8124999996475,-23.4375000002885,10.4333295822144,164
-68.1874999996665,-24.6041666669645,7.52166700363159,40
-72.1874999996985,-13.3958333335415,10.7326698303223,756
-70.4791666663515,-15.4375000002245,4.82916593551636,928
-69.2291666663415,-28.6458333336635,5.17466592788696,94
-66.9791666663235,-20.3958333335975,8.86250019073486,162
-68.1041666663325,-24.6875000002985,4.82883405685425,51
-68.6041666663365,-26.8958333336495,2.88000011444092,83
-69.4791666663435,-20.0625000002615,15.5784997940063,11
-71.7708333330285,-13.9375000002125,11.3776702880859,737
-68.7708333330045,-20.2708333335965,4.54566717147827,91
-69.7291666663455,-15.7291666668935,9.69183254241943,943
-69.2708333330085,-14.6875000002185,1.5789999961853,962
-68.8124999996715,-18.1875000002465,6.13149976730347,344
-68.9791666663395,-16.8541666669025,8.74466609954834,589
-74.9791666663875,-13.1458333335395,2.49066710472107,830
-67.1874999996585,-26.6041666669805,5.66816711425781,111
-66.7708333329885,-22.9791666669515,5.68616676330566,119
-76.1458333330635,-12.1041666668645,6.22933292388916,606
-68.7291666663375,-25.3541666669705,6.67983293533325,31
-69.0208333330065,-19.8958333335935,4.11600017547607,112
-68.7708333330045,-24.2291666669615,11.034330368042,18
-67.0208333329905,-23.6875000002905,4.60400009155273,97
-68.2708333330005,-27.9375000003245,5.17416715621948,118
-69.0208333330065,-26.4791666669795,7.35866594314575,40
-70.3541666663505,-16.0208333335625,5.18900012969971,745
-67.3958333329935,-19.1458333335875,8.49200057983398,224
-68.4374999996685,-28.7291666669975,13.4215002059937,118
-66.9374999996565,-20.1875000002625,9.2413330078125,126
-71.4791666663595,-13.6458333335435,8.75616645812988,686
-67.5208333329945,-17.8125000002435,8.94983386993408,339
-71.6874999996945,-14.0625000002135,7.26766681671143,897
-69.7291666663455,-15.0625000002215,8.3323335647583,759
-67.5208333329945,-21.2708333336045,5.8769998550415,88
-68.3124999996675,-21.5208333336065,6.67083406448364,56
-65.3541666663105,-22.7291666669495,8.40766620635986,268
-73.7291666663775,-15.3958333335575,8.23966693878174,420
-72.0208333330305,-15.3958333335575,2.32816696166992,638
-70.4374999996845,-15.5208333335585,6.00116682052612,876
-76.4374999997325,-9.9791666668475,12.0748300552368,883
-69.7708333330125,-16.7708333335685,7.83416700363159,494
-74.4374999997165,-14.6458333335515,6.21883296966553,657
-69.8958333330135,-28.5208333336625,2.7511670589447,114
-65.6874999996465,-24.1458333336275,7.10383319854736,190
-67.4791666663275,-26.4375000003125,11.5741701126099,60
-77.6041666664085,-9.3958333335095,12.2631702423096,549
-74.9791666663875,-13.9791666668795,11.5841703414917,366
-67.2708333329925,-26.5625000003135,9.67216682434082,81
-65.9791666663155,-22.6875000002825,10.1103296279907,194
-73.1458333330395,-13.7708333335445,5.08933401107788,985
-68.9374999996725,-24.5208333336305,11.0678300857544,13
-70.4374999996845,-16.8125000002355,3.31116700172424,486
-66.8958333329895,-20.3541666669305,9.42850017547607,125
-74.0624999997135,-13.3541666668745,7.44750022888184,947
-67.3541666663265,-21.2708333336045,8.41650009155273,80
-70.8541666663545,-15.6458333335595,4.482666015625,724
-78.2291666664135,-7.2708333334925,14.2283296585083,823
-67.3541666663265,-25.2708333336365,5.26100015640259,82
-66.9374999996565,-20.5208333335985,9.7519998550415,123
-68.5208333330025,-18.8541666669185,7.31516599655151,215
-68.9791666663395,-17.6041666669085,6.91283321380615,401
-68.8958333330055,-19.6875000002585,3.45099997520447,144
-74.0208333330465,-13.2291666668735,13.2023296356201,798
-68.9791666663395,-28.1041666669925,-3.78600001335144,145
-68.3958333330015,-17.9791666669115,6.0856671333313,368
-68.3541666663345,-25.8958333336415,3.69416689872742,57
-67.2291666663255,-19.2708333335885,8.98916625976562,213
-69.1458333330075,-28.1458333336595,2.51183295249939,101
-66.8124999996555,-23.2291666669535,5.635666847229,112
-74.4374999997165,-13.9791666668795,5.00099992752075,785
-68.4374999996685,-23.6041666669565,14.2609996795654,26
-75.9791666663955,-11.6041666668605,6.30649995803833,760
-77.0208333330705,-10.1458333335155,5.73316717147827,685
-67.4791666663275,-20.0208333335945,7.83166599273682,169
-68.7291666663375,-19.6458333335915,3.79450011253357,153
-70.3124999996835,-16.1875000002305,2.49633288383484,726
-74.6041666663845,-13.6875000002105,4.4123330116272,803
-73.1874999997065,-15.1458333335555,7.36499977111816,585
-68.4791666663355,-27.5208333336545,-0.116333402693272,115
-76.7291666664015,-11.4375000001925,3.41633296012878,745
-67.7708333329965,-22.4375000002805,1.50699996948242,85
-67.0208333329905,-19.3125000002555,9.14966678619385,208
-70.0624999996815,-16.3125000002315,5.30366706848145,707
-66.9374999996565,-21.6875000002745,7.42733287811279,117
-69.7291666663455,-18.1041666669125,6.75116682052612,192
-67.8124999996635,-21.4375000002725,5.0633339881897,76
-76.2291666663975,-12.5208333335345,11.7030000686646,286
-77.7708333330765,-8.3541666668345,6.03499984741211,1024
-66.3958333329855,-26.1041666669765,8.47333335876465,149
-68.3541666663345,-20.8958333336015,5.32433319091797,77
-69.0208333330065,-20.3958333335975,4.71649980545044,78
-67.9791666663315,-26.5625000003135,1.44483304023743,98
-67.1041666663245,-20.6875000002665,9.40383338928223,108
-67.6041666663285,-23.6041666669565,3.6961669921875,77
-65.4791666663115,-23.2708333336205,8.08566665649414,218
-66.0624999996495,-23.5625000002895,10.5434999465942,149
-68.5208333330025,-21.4375000002725,3.51633310317993,63
-70.5208333330185,-16.1041666668965,5.58683300018311,654
-76.2708333330645,-10.4791666668515,7.10300016403198,1115
-67.7291666663295,-18.9791666669195,8.34049987792969,224
-66.3541666663185,-26.0625000003095,8.40516662597656,152
-72.7708333330365,-14.3125000002155,5.03200006484985,895
-75.0624999997215,-14.1458333335475,17.3463306427002,107
-69.7708333330125,-14.6041666668845,4.57083320617676,869
-65.5624999996455,-24.4791666669635,11.2775001525879,283
-73.5208333330425,-15.3541666668905,7.45416593551636,491
-68.3958333330015,-19.6875000002585,7.34916687011719,125
-69.1874999996745,-20.0625000002615,9.87283325195312,51
-69.2291666663415,-18.1041666669125,2.92933297157288,344
-67.8958333329975,-23.4375000002885,9.88500022888184,47
-71.6874999996945,-13.3958333335415,7.8813328742981,762
-76.0208333330625,-11.5208333335265,5.11483287811279,888
-69.7291666663455,-28.7291666669975,-2.53800010681152,137
-67.8958333329975,-23.9375000002925,7.30483293533325,55
-75.3124999997235,-12.4791666668675,5.45550012588501,783
-67.4791666663275,-17.5208333335745,7.944167137146,418
-66.2708333329845,-24.2708333336285,7.27983283996582,135
-67.2708333329925,-23.6041666669565,4.42433309555054,83
-69.5624999996775,-28.6875000003305,1.15550005435944,115
-70.7291666663535,-15.7291666668935,5.87516593933105,759
-72.8958333330375,-13.8958333335455,14.5446701049805,1050
-78.9374999997525,-1.5625000001135,8.82216644287109,727
-71.8958333330295,-15.7291666668935,-1.10866701602936,653
-67.3124999996595,-26.0208333336425,8.07699966430664,76
-73.3124999997075,-14.3541666668825,5.10483312606812,919
-67.1458333329915,-19.5625000002575,8.46683311462402,164
-67.8958333329975,-27.2708333336525,9.96733283996582,102
-68.1041666663325,-18.6875000002505,7.86666679382324,241
-71.2291666663575,-16.1041666668965,4.13616704940796,395
-67.8958333329975,-19.6458333335915,8.02716636657715,139
-69.7708333330125,-16.7291666669015,7.45450019836426,524
-69.1458333330075,-15.3125000002235,5.49749994277954,938
-66.5208333329865,-20.8958333336015,9.56649971008301,155
-67.3958333329935,-22.3958333336135,3.35366702079773,94
-69.1458333330075,-20.8958333336015,13.7508296966553,15
-67.7291666663295,-21.5208333336065,2.40700006484985,97
-76.6041666664005,-11.1041666668565,3.46600008010864,829
-66.6458333329875,-22.0208333336105,6.22083282470703,141
-74.5208333330505,-14.6875000002185,7.64133310317993,619
-69.1041666663405,-18.7291666669175,4.01716709136963,266
-72.4374999997005,-14.4375000002165,3.80900001525879,881
-67.0624999996575,-25.0208333336345,7.42600011825562,82
-69.1458333330075,-25.5625000003055,6.49049997329712,27
-74.2291666663815,-14.5625000002175,6.23133277893066,719
-65.7708333329805,-24.8125000002995,12.9491701126099,274
-72.6458333330355,-14.9375000002205,2.09616708755493,730
-68.0624999996655,-17.6458333335755,8.20549964904785,370
-65.1458333329755,-23.1458333336195,8.76650047302246,260
-67.5624999996615,-19.0208333335865,8.31716632843018,232
-66.9791666663235,-23.1458333336195,6.27783298492432,97
-70.5624999996855,-14.8958333335535,7.34016704559326,743
-66.6041666663205,-26.5625000003135,7.09966707229614,142
-65.4791666663115,-23.1458333336195,8.60599994659424,217
-70.1458333330155,-15.6458333335595,9.48950004577637,629
-69.5208333330105,-28.0625000003255,1.69366705417633,110
-74.3958333330495,-14.6041666668845,5.52783298492432,683
-74.8541666663865,-13.8541666668785,7.17283296585083,672
-72.2708333330325,-14.3125000002155,7.32916688919067,920
-69.6874999996785,-16.0208333335625,9.57283306121826,969
-72.1458333330315,-14.1458333335475,5.77750015258789,971
-75.3541666663905,-12.8541666668705,2.95149993896484,726
-72.8958333330375,-14.7291666668855,2.42166709899902,797
-75.8958333330615,-12.8958333335375,13.9154996871948,251
-69.5208333330105,-29.6041666670045,-0.491000086069107,165
-74.1458333330475,-14.7708333335525,14.3411703109741,313
-76.1041666663965,-10.9791666668555,6.40383291244507,991
-69.6874999996785,-16.8958333335695,6.91666698455811,490
-68.8958333330055,-25.0625000003015,8.10216617584229,41
-66.3541666663185,-25.3125000003035,13.4336700439453,141
-76.1874999997305,-10.0625000001815,14.7913303375244,742
-75.7291666663935,-12.0208333335305,5.98533296585083,826
-77.0208333330705,-9.9375000001805,3.42799997329712,861
-68.4374999996685,-25.3958333336375,4.18816709518433,49
-66.2708333329845,-24.3541666669625,6.40083408355713,139
-74.0208333330465,-14.9375000002205,8.23299980163574,641
-66.1041666663165,-21.8125000002755,8.20083332061768,210
-67.8124999996635,-23.9791666669595,6.26633405685425,55
-69.2708333330085,-19.2708333335885,4.99066686630249,153
-68.0624999996655,-19.6041666669245,6.01583290100098,150
-72.6458333330355,-14.0625000002135,11.2255001068115,945
-67.5624999996615,-22.4791666669475,4.5939998626709,79
-71.2291666663575,-14.1041666668805,4.24849987030029,883
-67.8541666663305,-18.9375000002525,8.3730001449585,222
-69.2291666663415,-17.8958333335775,4.82183313369751,356
-66.6041666663205,-23.7708333336245,5.81133317947388,121
-72.5208333330345,-15.3125000002235,2.36916708946228,597
-69.2291666663415,-29.4791666670035,6.23633289337158,106
-72.0624999996975,-14.9375000002205,2.97866702079773,770
-66.6041666663205,-22.7708333336165,4.33066701889038,139
-66.7708333329885,-19.1041666669205,9.74600028991699,286
-67.7291666663295,-23.6875000002905,3.43566703796387,74
-69.3958333330095,-20.3958333335975,16.5171699523926,9
-67.4374999996605,-24.3125000002955,6.28233289718628,70
-68.0208333329985,-23.4375000002885,14.0629997253418,44
-66.3124999996515,-22.3958333336135,7.72833299636841,169
-76.7291666664015,-10.7708333335205,2.0460000038147,864
-70.8541666663545,-14.6458333335515,5.83266592025757,837
-68.0624999996655,-19.2708333335885,7.56433296203613,177
-68.9791666663395,-24.7708333336325,11.1918296813965,15
-74.8541666663865,-14.0208333335465,6.62566709518433,644
-72.2291666663655,-15.6458333335595,12.0533304214478,249
-69.0208333330065,-17.7291666669095,5.42766714096069,395
-77.8541666664105,-7.9791666668315,8.79133319854736,1084
-66.1874999996505,-21.5208333336065,7.88966703414917,199
-72.3958333330335,-14.0625000002135,4.98299980163574,954
-78.4791666664155,-7.1875000001585,14.8311700820923,771
-75.2291666663895,-13.5208333335425,5.31233310699463,658
-76.5208333330665,-10.8125000001875,4.0538330078125,890
-67.4374999996605,-18.1041666669125,9.14716625213623,327
-74.4791666663835,-14.4375000002165,5.92933320999146,682
-68.3958333330015,-23.6875000002905,13.096170425415,26
-69.3124999996755,-15.0625000002215,6.56933403015137,872
-66.8124999996555,-25.4791666669715,5.32233285903931,108
-78.6041666664165,-6.7708333334885,9.20133304595947,1129
-71.1041666663565,-16.0208333335625,3.25683307647705,479
-65.8124999996475,-23.0625000002855,10.5550003051758,181
-76.6874999997345,-10.6875000001865,3.27600002288818,842
-67.0624999996575,-22.1041666669445,3.83400011062622,117
-74.9791666663875,-12.2708333335325,11.1724996566772,821
-68.8124999996715,-24.3958333336295,10.7760000228882,17
-68.2291666663335,-19.1875000002545,7.42283296585083,189
-67.3541666663265,-18.1041666669125,9.33166694641113,344
-67.9791666663315,-18.5208333335825,8.02349853515625,267
-67.0624999996575,-19.6875000002585,8.49100017547607,148
-68.4791666663355,-18.4791666669155,7.73150014877319,261
-72.9374999997045,-14.6041666668845,3.61549997329712,827
-67.8124999996635,-17.2708333335725,8.33383369445801,423
-68.0624999996655,-17.5208333335745,8.83399963378906,382
-67.5624999996615,-20.9791666669355,8.12399959564209,74
-67.4374999996605,-23.2708333336205,3.06116700172424,112
-70.0624999996815,-14.1041666668805,4.28866720199585,870
-67.8124999996635,-20.6458333335995,7.40216684341431,85
-67.5208333329945,-20.4791666669315,7.64366722106934,139
-70.8958333330215,-16.6458333335675,5.14266681671143,366
-68.3958333330015,-17.5625000002415,8.81900024414062,393
-70.5208333330185,-14.1875000002145,2.80749988555908,904
-68.5208333330025,-18.3541666669145,7.61199998855591,285
-73.9374999997125,-13.5625000002095,7.15583276748657,935
-66.3124999996515,-22.6875000002825,5.72149991989136,167
-66.1874999996505,-21.6041666669405,8.56516647338867,203
-68.3124999996675,-19.8958333335935,6.32350015640259,116
-76.1041666663965,-11.4375000001925,4.99116706848145,880
-74.0624999997135,-14.4791666668835,5.30800008773804,803
-77.3958333330735,-9.0208333335065,11.4548301696777,652
-70.3124999996835,-14.0208333335465,3.67166709899902,879
-75.3124999997235,-12.5625000002015,5.05350017547607,755
-68.1874999996665,-17.2708333335725,7.12833404541016,480
-74.4374999997165,-14.6875000002185,6.41083288192749,651
-66.6041666663205,-20.3125000002635,7.90116691589355,156
-68.9791666663395,-16.6458333335675,8.37566661834717,691
-68.3958333330015,-26.1875000003105,-1.39583301544189,98
-72.0624999996975,-14.8541666668865,3.72933292388916,786
-78.4374999997485,-7.0208333334905,10.5276699066162,967
-71.8124999996955,-15.1041666668885,1.74516701698303,793
-67.0208333329905,-25.1875000003025,6.77033281326294,87
-65.3541666663105,-23.5625000002895,11.0638303756714,212
-66.9374999996565,-20.1041666669285,9.24583339691162,128
-70.4791666663515,-15.3958333335575,6.4685001373291,871
-68.7291666663375,-19.6458333335915,3.79450011253357,153
-69.9374999996805,-16.9375000002365,3.56866693496704,513
-69.5208333330105,-18.2708333335805,4.15516710281372,248
-67.1041666663245,-18.4791666669155,9.35183334350586,367
-70.8124999996875,-14.6458333335515,6.2161660194397,797
-68.7708333330045,-20.5625000002655,4.32266712188721,79
-69.8958333330135,-16.4791666668995,3.51433300971985,699
-74.6458333330515,-13.3125000002075,3.78283309936523,888
-67.2708333329925,-25.1875000003025,5.43349981307983,86
-74.4791666663835,-14.6875000002185,6.99533319473267,635
-73.6458333330435,-13.7708333335445,13.3699998855591,885
-70.8124999996875,-13.7708333335445,1.87016701698303,928
-68.2708333330005,-24.9791666669675,4.81683301925659,48
-66.5624999996535,-19.7291666669255,6.5393328666687,160
-69.1041666663405,-19.2708333335885,3.47416710853577,181
-73.3124999997075,-14.3958333335495,5.17433309555054,923
-74.3541666663825,-13.9791666668795,8.16416645050049,757
-69.9374999996805,-15.8125000002275,9.65633296966553,751
-75.3541666663905,-12.4791666668675,6.21683311462402,777
-69.4374999996765,-17.2708333335725,4.75466680526733,443
-68.5624999996695,-27.6458333336555,4.11899995803833,103
-68.1874999996665,-27.8125000003235,8.1245002746582,108
-68.6041666663365,-18.8125000002515,6.77766704559326,229
-67.4791666663275,-25.6458333336395,4.02899980545044,89
-67.2708333329925,-19.9375000002605,8.33800029754639,163
-75.1874999997225,-12.8125000002035,2.77099990844727,818
-70.7291666663535,-15.6041666668925,4.58050012588501,819
-67.6458333329955,-26.7708333336485,5.857666015625,92
-66.0624999996495,-22.7291666669495,8.93716621398926,183
-66.9374999996565,-26.8541666669825,9.01283359527588,121
-69.6874999996785,-14.6875000002185,3.84933400154114,906
-74.9374999997205,-14.3958333335495,16.0874996185303,136
-75.5208333330585,-13.0208333335385,5.02600002288818,635
-66.5208333329865,-21.2291666669375,8.24199962615967,155
-74.7291666663855,-12.7708333335365,9.26566696166992,854
-66.7291666663215,-23.8541666669585,7.77333402633667,102
-68.1874999996665,-19.1875000002545,7.44883298873901,176
-67.6458333329955,-19.8958333335935,7.30983400344849,128
-73.6041666663765,-15.6875000002265,11.8950004577637,151
-71.1041666663565,-15.8125000002275,3.46849989891052,529
-69.1041666663405,-24.1041666669605,11.8479995727539,12
-70.3958333330175,-16.1875000002305,3.85533308982849,682
-69.1458333330075,-24.8125000002995,6.66916704177856,22
-76.8541666664025,-9.7708333335125,7.1643328666687,830
-72.5624999997015,-13.7708333335445,8.59633445739746,966
-65.9374999996485,-25.1458333336355,11.0891704559326,172
-70.3958333330175,-16.0208333335625,4.09716701507568,751
-66.7291666663215,-21.5208333336065,7.29250001907349,136
-65.4791666663115,-23.6875000002905,12.3446702957153,239
-68.8124999996715,-19.1875000002545,3.5161669254303,210
-68.8541666663385,-28.7291666669975,4.9921669960022,126
-77.0208333330705,-9.5208333335105,6.37233400344849,851
-68.0624999996655,-23.1458333336195,13.9764995574951,43
-68.6458333330035,-21.2708333336045,5.23099994659424,60
-66.8541666663225,-19.8958333335935,8.74233341217041,130
-76.3541666663985,-12.0625000001975,4.67133283615112,655
-66.8124999996555,-21.1041666669365,9.16266632080078,123
-71.9374999996965,-13.5208333335425,11.1533298492432,664
-67.7291666663295,-20.9791666669355,8.13300037384033,77
-71.3124999996915,-14.1458333335475,6.19833278656006,866
-67.7291666663295,-24.5208333336305,9.4171667098999,48
-66.6874999996545,-21.8958333336095,6.05116701126099,137
-72.4791666663675,-14.9375000002205,1.86266696453094,730
-78.3124999997475,-8.1041666668325,7.16416597366333,829
-68.1458333329995,-21.6041666669405,3.61616706848145,71
-69.1874999996745,-24.3541666669625,11.4713296890259,10
-70.6041666663525,-16.9375000002365,2.46966695785522,444
-67.7291666663295,-19.0625000002535,8.37599945068359,214
-69.7291666663455,-17.0208333335705,5.42233276367188,467
-68.2708333330005,-27.0625000003175,-0.702166616916656,119
-75.4791666663915,-11.7708333335285,10.8026695251465,680
-68.1041666663325,-24.3125000002955,3.21466708183289,60
-69.6041666663445,-17.4375000002405,5.96416711807251,338
-68.3541666663345,-24.3958333336295,8.51633358001709,32
-71.2291666663575,-15.5625000002255,2.30816698074341,681
-68.0624999996655,-26.7291666669815,0.119666703045368,111
-68.3541666663345,-25.9791666669755,5.72016716003418,52
-71.7291666663615,-13.7291666668775,5.93800020217896,919
-74.8541666663865,-13.8958333335455,6.01666593551636,688
-71.8541666663625,-15.1875000002225,2.02900004386902,754
-77.8541666664105,-8.5208333335025,12.9206695556641,310
-67.1041666663245,-23.7708333336245,6.10166692733765,88
-77.1874999997385,-10.0625000001815,4.18883323669434,638
-73.6874999997105,-15.3125000002235,9.84083366394043,371
-76.0624999997295,-10.3958333335175,6.16983318328857,1367
-73.6041666663765,-15.1041666668885,7.57466697692871,591
-68.4374999996685,-24.3958333336295,8.09816646575928,30
-66.9374999996565,-22.4375000002805,3.92916703224182,119
-73.8124999997115,-14.1041666668805,7.85699987411499,875
-76.7708333330685,-9.2291666668415,9.45166683197021,904
-67.4374999996605,-18.4791666669155,8.78316688537598,306
-68.9374999996725,-16.7708333335685,8.63466644287109,623
-69.0624999996735,-24.3958333336295,9.87899971008301,13
-68.7708333330045,-19.9791666669275,3.32599997520447,117
-72.8124999997035,-14.6041666668845,2.00383305549622,847
-69.1041666663405,-17.0625000002375,8.78316688537598,492
-69.2291666663415,-27.1041666669845,3.79583311080933,64
-67.0208333329905,-19.9791666669275,8.7093334197998,128
-68.3958333330015,-28.6458333336635,13.778829574585,121
-76.5208333330665,-10.9791666668555,3.22950005531311,921
-73.6041666663765,-13.5625000002095,8.06350040435791,959
-65.7708333329805,-25.3541666669705,13.2768297195435,230
-67.6874999996625,-19.2708333335885,8.51433372497559,188
-67.2291666663255,-23.4791666669555,5.12366676330566,84
-68.3958333330015,-17.9791666669115,6.0856671333313,368
-69.0208333330065,-16.7291666669015,8.62383365631104,647
-67.8541666663305,-17.6875000002425,8.61983299255371,357
-68.1041666663325,-17.3958333335735,8.63899993896484,407
-72.0624999996975,-15.8125000002275,5.37166690826416,357
-77.0208333330705,-10.1875000001825,7.01666593551636,684
-66.6874999996545,-26.3541666669785,7.50716686248779,124
-69.3541666663425,-24.6041666669645,13.7968301773071,7
-77.3958333330735,-8.6875000001705,13.34850025177,609
-78.1458333330795,-7.3958333334935,14.8216695785522,781
-67.8958333329975,-21.5208333336065,2.78500008583069,87
-68.5208333330025,-20.7291666669335,3.29883289337158,88
-67.9791666663315,-20.1458333335955,6.96016597747803,158
-68.3124999996675,-21.1041666669365,5.39550018310547,72
-67.4374999996605,-19.4375000002565,8.73266696929932,176
-68.8541666663385,-20.6458333335995,4.98466682434082,70
-68.1874999996665,-26.3541666669785,2.00166702270508,83
-66.4791666663195,-19.5208333335905,5.0475001335144,176
-68.2708333330005,-24.1875000002945,10.8129997253418,30
-77.4791666664075,-9.9791666668475,3.63566708564758,624
-72.8541666663705,-15.5625000002255,5.93766593933105,425
-67.5208333329945,-23.7708333336245,1.91916704177856,86
-67.7708333329965,-23.2291666669535,5.43783283233643,69
-76.4791666663995,-11.1041666668565,2.39766693115234,943
-72.3541666663665,-15.6875000002265,5.81850004196167,376
-67.7708333329965,-19.6041666669245,8.09533309936523,151
-66.0208333329825,-21.8541666669425,9.91533374786377,231
-74.1874999997145,-13.0625000002055,16.5868301391602,539
-67.9374999996645,-27.0625000003175,7.14266681671143,93
-68.6874999996705,-23.6458333336235,11.2569999694824,20
-68.3541666663345,-25.6458333336395,6.59749984741211,45
-68.0208333329985,-23.6041666669565,13.8103303909302,42
-67.8958333329975,-23.1875000002865,9.61483383178711,49
-74.8124999997195,-13.1458333335395,3.42400002479553,877
-76.6458333330675,-9.8958333335135,7.87816715240479,913
-68.7291666663375,-28.7291666669975,9.52849960327148,133
-67.5624999996615,-22.3541666669465,1.76183295249939,94
-68.0208333329985,-24.5208333336305,6.25833320617676,49
-69.8124999996795,-14.2291666668815,4.21666717529297,873
-72.4374999997005,-13.9791666668795,8.33899974822998,917
-75.8958333330615,-11.7708333335285,5.68433284759521,834
-69.1458333330075,-24.3541666669625,10.1253299713135,12
-66.4374999996525,-24.9375000003005,3.38316702842712,143
-67.6041666663285,-17.6875000002425,8.71449947357178,359
-70.2708333330165,-15.3125000002235,7.08099985122681,818
-73.4374999997085,-14.7708333335525,6.29899978637695,807
-76.6874999997345,-11.5208333335265,12.3606700897217,319
-68.1041666663325,-24.5625000002975,4.76749992370605,51
-72.6458333330355,-14.3125000002155,3.55299997329712,907
-74.9791666663875,-13.5625000002095,4.93883323669434,722
-66.6874999996545,-21.3958333336055,8.29816627502441,141
-76.1041666663965,-12.4791666668675,4.37783288955688,662
-68.7708333330045,-26.3125000003115,4.73216676712036,55
-67.0208333329905,-21.8541666669425,6.67199993133545,110
-66.6874999996545,-25.0625000003015,5.42199993133545,113
-66.4791666663195,-23.2291666669535,5.83850002288818,136
-66.6041666663205,-21.1458333336035,9.09749984741211,147
-65.3958333329775,-23.7708333336245,8.75366687774658,211
-73.1874999997065,-13.8541666668785,4.90216684341431,974
-73.9791666663795,-13.4375000002085,8.30416679382324,955
-66.5624999996535,-23.0625000002855,7.16066598892212,127
-71.3124999996915,-16.0208333335625,5.20033311843872,372
-67.1874999996585,-22.4791666669475,2.24833297729492,110
-71.6874999996945,-14.4791666668835,4.77816677093506,940
-66.8958333329895,-22.6875000002825,4.81799983978271,117
-68.2291666663335,-22.6041666669485,9.27799987792969,40
-67.8124999996635,-25.9791666669755,6.43633317947388,65
-78.4791666664155,-7.1041666668245,13.0430002212524,818
-70.1041666663485,-14.8125000002195,7.45966720581055,752
-77.3124999997395,-8.8958333335055,11.8439998626709,665
-68.7708333330045,-21.0625000002695,3.38633298873901,69
-67.9791666663315,-18.7291666669175,7.96533298492432,243
-68.7708333330045,-17.8958333335775,6.66316699981689,368
-68.6874999996705,-17.8958333335775,6.73116683959961,372
-68.0208333329985,-24.0625000002935,7.46216678619385,49
-68.5208333330025,-20.5625000002655,3.96799993515015,88
-72.3124999996995,-14.3125000002155,4.79300022125244,911
-67.8541666663305,-19.7708333335925,7.64733409881592,135
-74.7708333330525,-14.0625000002135,4.40416717529297,707
-70.8124999996875,-15.1875000002225,2.02666711807251,904
-70.6874999996865,-15.5208333335585,5.45716714859009,870
-73.6041666663765,-14.0625000002135,12.4440002441406,873
-68.8541666663385,-20.5625000002655,4.98416709899902,73
-74.6458333330515,-14.6875000002185,9.96783447265625,502
-67.5208333329945,-17.2708333335725,7.25283288955688,484
-76.3124999997315,-11.6041666668605,1.91483294963837,930
-67.7708333329965,-17.5625000002415,8.5044994354248,375
-67.3958333329935,-26.4791666669795,11.5468301773071,66
-73.7291666663775,-14.8125000002195,3.39433288574219,793
-76.0624999997295,-11.7708333335285,2.92483305931091,919
-67.8124999996635,-24.5208333336305,7.13183403015137,51
-66.6458333329875,-24.8541666669665,6.65466690063477,109
-76.1874999997305,-11.3125000001915,5.03950023651123,915
-65.9374999996485,-25.0625000003015,9.80883312225342,186
-73.5624999997095,-15.1041666668885,8.79800033569336,547
-69.5208333330105,-18.0208333335785,5.48299980163574,259
-71.3124999996915,-15.8541666668945,4.49183320999146,431
-71.3958333330255,-14.9375000002205,6.30083322525024,810
-76.2291666663975,-12.2708333335325,11.6941699981689,327
-73.1874999997065,-14.7708333335525,5.3828330039978,792
-68.8541666663385,-18.3541666669145,5.47249984741211,334
-76.3541666663985,-12.3958333335335,12.9788303375244,242
-76.3541666663985,-10.5625000001855,5.18450021743774,1040
-67.9374999996645,-25.1458333336355,3.18983292579651,71
-66.0624999996495,-23.6458333336235,10.2591695785522,148
-76.6874999997345,-11.0625000001895,2.08783292770386,840
-66.4374999996525,-25.6041666669725,13.0788297653198,116
-75.2291666663895,-12.1875000001985,11.0074996948242,716
-67.8124999996635,-22.8958333336175,3.95466709136963,71
-73.1041666663725,-14.8541666668865,2.89883303642273,759
-67.4791666663275,-24.3125000002955,6.66683292388916,67
-68.8124999996715,-21.2291666669375,4.31150007247925,59
-68.8958333330055,-24.8958333336335,7.80783319473267,25
-66.0624999996495,-21.8541666669425,9.58399963378906,223
-67.4791666663275,-24.9791666669675,8.51833343505859,59
-66.8541666663225,-23.1458333336195,5.45333290100098,109
-70.0624999996815,-14.9791666668875,7.46150016784668,765
-66.3958333329855,-21.9791666669435,8.11783313751221,170
-68.5208333330025,-17.4375000002405,9.32349967956543,410
-68.8958333330055,-26.2708333336445,5.87066698074341,44
-67.9791666663315,-26.2291666669775,9.98516654968262,49
-66.8541666663225,-23.2291666669535,4.61116600036621,112
-67.8958333329975,-23.6041666669565,10.3003301620483,47
-66.7291666663215,-19.8541666669265,8.72916698455811,133
-72.5208333330345,-14.5625000002175,2.08666706085205,860
-67.5208333329945,-17.3125000002395,7.63766717910767,459
-68.3958333330015,-24.1458333336275,10.5644998550415,27
-67.3124999996595,-20.2708333335965,8.15166664123535,154
-65.9374999996485,-24.4375000002965,10.689829826355,168
-66.8541666663225,-25.1458333336355,7.74866676330566,93
-70.0624999996815,-14.7291666668855,6.93466711044312,770
-67.4374999996605,-26.2708333336445,11.130669593811,60
-68.9374999996725,-17.3958333335735,8.28633308410645,434
-67.4791666663275,-25.6875000003065,3.04900002479553,93
-69.0208333330065,-17.9791666669115,2.53533291816711,396
-71.8958333330295,-14.1458333335475,5.0963339805603,954
-66.3541666663185,-26.0208333336425,10.2425003051758,128
-66.6874999996545,-22.3958333336135,6.15816688537598,131
-75.5624999997255,-13.3958333335415,10.2056703567505,417
-67.0624999996575,-22.8541666669505,2.97866702079773,108
-69.1874999996745,-24.3958333336295,11.7041702270508,10
-66.0624999996495,-23.0625000002855,9.99366664886475,163
-71.6458333330275,-14.7291666668855,6.54650020599365,863
-70.2708333330165,-17.3958333335735,10.2884998321533,154
-74.5624999997175,-13.6041666668765,9.87666702270508,792
-68.1874999996665,-24.7291666669655,5.48150014877319,48
-66.1041666663165,-25.1458333336355,13.3956699371338,162
-70.0208333330145,-14.4791666668835,5.66616678237915,806
-69.9374999996805,-28.6458333336635,2.27800011634827,102
-68.1874999996665,-21.1041666669365,7.05783319473267,68
-66.7291666663215,-25.8541666669745,5.08216714859009,122
-67.7291666663295,-20.1875000002625,7.23833322525024,158
-67.4374999996605,-18.0625000002455,9.11866664886475,325
-65.5624999996455,-24.4791666669635,11.2775001525879,283
-70.3958333330175,-14.7291666668855,7.420166015625,726
-72.6458333330355,-13.8958333335455,5.88149976730347,927
-69.2708333330085,-19.9791666669275,11.3280000686646,39
-73.4374999997085,-15.6041666668925,11.1786699295044,213
-73.6041666663765,-14.7708333335525,5.67799997329712,817
-69.8124999996795,-15.0208333335545,8.58716678619385,733
-75.1874999997225,-12.3958333335335,8.80249977111816,793
-73.3541666663745,-13.9791666668795,5.14449977874756,990
-74.1041666663805,-14.7291666668855,12.5658302307129,473
-68.1458333329995,-26.5208333336465,5.10599994659424,70
-67.6458333329955,-21.7291666669415,2.71600008010864,93
-71.5624999996935,-14.0625000002135,7.10300016403198,893
-75.4791666663915,-11.7291666668615,10.4945001602173,699
-68.8541666663385,-24.5625000002975,10.8701696395874,17
-69.6874999996785,-16.6458333335675,8.21316623687744,559
-69.1874999996745,-18.6458333335835,4.26700019836426,275
-78.1041666664125,-7.5625000001615,15.7888298034668,751
-68.0208333329985,-25.6041666669725,1.73749995231628,76
-67.8124999996635,-21.8958333336095,3.41700005531311,78
-69.3958333330095,-17.7291666669095,6.75183296203613,313
-68.2291666663335,-23.0208333336185,13.9076700210571,36
-70.5624999996855,-15.6875000002265,7.00400018692017,815
-75.7708333330605,-12.8958333335375,6.72816705703735,593
-76.9374999997365,-10.9791666668555,5.20016717910767,666
-73.8958333330455,-13.9375000002125,14.8140001296997,730
-71.6458333330275,-15.9375000002285,7.8046669960022,313
-68.7708333330045,-24.1875000002945,11.1161699295044,18
-78.1041666664125,-8.5625000001695,14.5576696395874,239
-67.2291666663255,-20.2291666669295,8.2723331451416,135
-74.6458333330515,-12.5625000002015,9.7413330078125,889
-74.3958333330495,-12.6875000002025,10.2418298721313,895
-75.3541666663905,-12.8125000002035,2.7511670589447,759
-68.6041666663365,-27.5625000003215,3.89283299446106,94
-70.3541666663505,-16.3125000002315,2.06883311271667,672
-73.1458333330395,-15.6458333335595,11.9733295440674,195
-67.8541666663305,-19.1041666669205,8.41316699981689,197
-76.5624999997335,-11.4375000001925,4.01016712188721,783
-68.3541666663345,-20.1458333335955,6.93483400344849,93
-67.7291666663295,-18.3958333335815,8.12249946594238,293
-70.6458333330195,-14.8541666668865,7.18200016021729,745
-68.9791666663395,-25.2291666669695,6.80916690826416,37
-67.4374999996605,-21.0625000002695,8.02633380889893,79
-68.8541666663385,-25.5208333336385,8.239333152771,28
-69.4791666663435,-16.5625000002335,5.43333292007446,706
-72.2708333330325,-15.6041666668925,12.1666698455811,268
-69.9791666663475,-17.3125000002395,3.67499995231628,371
-69.6458333330115,-14.4375000002165,4.53000020980835,899
-68.6458333330035,-18.7291666669175,6.85333299636841,237
-69.1041666663405,-25.0208333336345,7.17049980163574,26
-69.2708333330085,-19.7708333335925,11.1121702194214,47
-68.0624999996655,-22.9791666669515,13.4919996261597,43
-68.3124999996675,-25.3541666669705,3.26316690444946,56
-66.3958333329855,-24.5625000002975,2.91533303260803,143
-74.7708333330525,-12.2708333335325,17.5820007324219,844
-68.5624999996695,-24.0208333336265,12.229829788208,20
-69.5208333330105,-17.7291666669095,4.08633279800415,321
-75.8958333330615,-11.9375000001965,4.65183401107788,842
-74.7291666663855,-12.6041666668685,9.04083347320557,850
-74.3541666663825,-15.1875000002225,14.5909996032715,138
-66.8541666663225,-22.7708333336165,4.38416719436646,120
-67.7291666663295,-18.8541666669185,8.27349853515625,240
-72.6458333330355,-14.2708333335485,5.25216722488403,901
-69.0208333330065,-17.5208333335745,7.68416595458984,402
-68.8124999996715,-19.7708333335925,1.02566695213318,161
-69.4791666663435,-19.8125000002595,14.4638299942017,17
-66.5624999996535,-21.8958333336095,6.45666599273682,152
-68.3958333330015,-23.5625000002895,14.0686702728271,28
-71.1458333330235,-16.4791666668995,1.36583304405212,450
-67.8958333329975,-22.4791666669475,2.63816690444946,72
-68.9791666663395,-21.2291666669375,10.8571701049805,25
-76.1041666663965,-10.2291666668495,10.0538301467896,1071
-67.8958333329975,-21.7291666669415,2.1796669960022,85
-70.9374999996885,-14.9791666668875,6.15033292770386,817
-67.4791666663275,-27.1041666669845,7.39249992370605,119
-77.6041666664085,-8.9791666668395,1.22749996185303,979
-66.5208333329865,-20.4375000002645,10.0041704177856,161
-71.3958333330255,-15.2708333335565,5.12150001525879,726
-72.3958333330335,-15.1875000002225,4.80716705322266,582
-75.8541666663945,-11.3125000001915,6.59133291244507,915
-72.1874999996985,-15.4791666668915,1.18266701698303,602
-70.5624999996855,-14.8541666668865,6.52299976348877,801
-76.1874999997305,-12.0208333335305,3.55850005149841,755
-69.6041666663445,-18.4791666669155,10.5486698150635,115
-71.2708333330245,-15.6458333335595,2.99833297729492,598
-77.2291666664055,-9.6041666668445,5.55633401870728,741
-75.7708333330605,-11.3125000001915,8.57983303070068,741
-75.1041666663885,-13.7291666668775,6.81283283233643,603
-70.0624999996815,-15.4375000002245,9.7805004119873,669
-70.9374999996885,-16.4375000002325,2.16149997711182,486
-67.7708333329965,-22.3958333336135,2.14333295822144,81
-66.3958333329855,-19.8125000002595,6.09066677093506,171
-67.8541666663305,-26.6458333336475,7.13983297348022,75
-78.0208333330785,-8.2291666668335,16.6801700592041,419
-69.6041666663445,-14.4375000002165,6.31216716766357,842
-74.9791666663875,-13.8541666668785,4.73983287811279,691
-72.5624999997015,-14.4375000002165,5.15450000762939,878
-77.6041666664085,-8.9375000001725,2.24383306503296,942
-66.4791666663195,-26.7291666669815,11.5451698303223,153
-72.3541666663665,-14.9375000002205,0.719333291053772,763
-66.9374999996565,-19.8958333335935,8.68483352661133,131
-77.3958333330735,-9.1458333335075,10.3715000152588,696
-68.7291666663375,-28.0625000003255,-2.10833311080933,132
-68.2708333330005,-21.1041666669365,5.4763331413269,72
-74.1041666663805,-13.7291666668775,11.1603298187256,799
-69.3958333330095,-18.7291666669175,4.69750022888184,223
-70.2291666663495,-17.0625000002375,3.65899991989136,447
-77.0624999997375,-8.9791666668395,17.2403297424316,745
-65.6458333329795,-24.4375000002965,3.13066697120667,216
-73.7291666663775,-15.0208333335545,6.67116594314575,663
-67.6874999996625,-19.8958333335935,7.63749980926514,127
-72.6458333330355,-15.4375000002245,3.48716688156128,530
-70.6041666663525,-16.8958333335695,3.26683306694031,436
-67.1874999996585,-24.2291666669615,5.44083404541016,85
-73.3541666663745,-13.7708333335445,9.0939998626709,853
-74.3958333330495,-14.1041666668805,6.32350015640259,744
-69.7291666663455,-17.9791666669115,5.92183399200439,217
-77.1458333330715,-10.3541666668505,14.8113298416138,383
-68.0624999996655,-21.8541666669425,3.5758330821991,71
-66.7708333329885,-26.5625000003135,10.3590002059937,106
-69.5624999996775,-14.6458333335515,4.62249994277954,878
-66.8958333329895,-22.3125000002795,3.71133399009705,126
-66.1458333329835,-26.1041666669765,4.37516689300537,206
-68.8124999996715,-28.8958333336655,6.81783294677734,124
-67.9374999996645,-18.9791666669195,8.34033298492432,209
-68.9374999996725,-18.1458333335795,3.70749998092651,376
-71.0208333330225,-14.1458333335475,4.37266683578491,858
-68.7291666663375,-27.8541666669905,-2.61833310127258,142
-69.1874999996745,-24.5208333336305,9.79950046539307,12
-68.8958333330055,-27.3541666669865,-1.16083300113678,109
-67.3958333329935,-21.6041666669405,6.01166677474976,90
-72.0208333330305,-14.3958333335495,6.79983282089233,928
-75.7708333330605,-12.6875000002025,4.40383291244507,666
-68.3541666663345,-18.8541666669185,7.74166679382324,215
-66.9374999996565,-25.1041666669685,3.04483294487,120
-67.1458333329915,-25.6458333336395,3.90149998664856,100
-67.3958333329935,-17.5625000002415,7.79500007629395,438
-68.0208333329985,-23.9375000002925,8.88599967956543,42
-69.3958333330095,-19.3958333335895,10.5430002212524,65
-76.9791666664035,-10.6041666668525,5.64066600799561,676
-66.3124999996515,-26.4375000003125,8.9370002746582,178
-72.0624999996975,-14.9375000002205,2.97866702079773,770
-67.1458333329915,-23.9375000002925,8.3348331451416,74
-66.9791666663235,-23.3125000002875,6.74049997329712,93
-68.6041666663365,-28.2708333336605,6.00883293151855,112
-67.1041666663245,-17.8541666669105,9.88633346557617,433
-68.9374999996725,-24.7291666669655,11.0944995880127,15
-75.8958333330615,-12.4791666668675,11.5041704177856,399
-68.1041666663325,-24.8541666669665,5.23150014877319,50
-72.1458333330315,-13.5208333335425,8.34066677093506,837
-69.6458333330115,-16.5208333335665,7.82833290100098,645
-68.1874999996665,-19.2291666669215,7.29666709899902,170
-76.3958333330655,-11.6875000001945,3.06166696548462,825
-68.8541666663385,-28.3958333336615,1.67566704750061,117
-68.7708333330045,-18.8958333335855,2.67733311653137,268
-68.6041666663365,-24.3541666669625,7.07333278656006,29
-69.8958333330135,-14.8541666668865,7.28183317184448,760
-68.8541666663385,-27.3125000003195,-0.241166606545448,102
-67.4791666663275,-17.4791666669075,8.37783336639404,418
-71.2708333330245,-16.3958333335655,1.84016704559326,427
-67.6041666663285,-26.6875000003145,8.22583293914795,82
-69.0624999996735,-25.4791666669715,5.15633296966553,33
-77.0208333330705,-10.1458333335155,5.73316717147827,685
-74.8541666663865,-13.1875000002065,3.17600011825562,855
-70.1041666663485,-15.2708333335565,9.31083297729492,684
-69.5624999996775,-14.4791666668835,6.60150003433228,834
-69.3124999996755,-14.8541666668865,4.96133279800415,895
-67.1874999996585,-22.5208333336145,2.89466691017151,105
-68.5624999996695,-18.8541666669185,6.53249979019165,225
-78.1874999997465,-7.9375000001645,7.92500019073486,1083
-67.7291666663295,-26.0208333336425,6.82783317565918,66
-76.3541666663985,-9.9791666668475,11.3351697921753,993
-72.0208333330305,-15.8125000002275,4.26000022888184,407
-70.1458333330155,-16.4791666668995,4.67416715621948,633
-67.7291666663295,-19.6458333335915,7.5086669921875,149
-65.6041666663125,-22.4375000002805,10.935830116272,272
-68.5624999996695,-21.4791666669395,5.72949981689453,52
-68.9374999996725,-19.8125000002595,4.05316686630249,124
-74.4374999997165,-12.6458333335355,7.84100008010864,980
-69.6458333330115,-29.0208333336665,1.39900004863739,119
-70.1874999996825,-16.4791666668995,3.96516704559326,636
-74.6874999997185,-13.7708333335445,3.63216710090637,795
-68.2291666663335,-20.9791666669355,6.44999980926514,73
-68.7291666663375,-27.3541666669865,3.73616695404053,80
-66.3541666663185,-23.8958333336255,7.42749977111816,129
-76.8541666664025,-10.0208333335145,5.07866716384888,831
-73.7708333330445,-15.6458333335595,13.1253299713135,125
-69.8124999996795,-16.6041666669005,6.07100009918213,609
-76.0208333330625,-12.2708333335325,3.63150000572205,731
-65.4791666663115,-23.4791666669555,9.35983371734619,213
-71.6458333330275,-14.1458333335475,8.73483371734619,880
-66.8124999996555,-25.3125000003035,5.76599979400635,106
-66.6874999996545,-22.3958333336135,6.15816688537598,131
-72.3958333330335,-14.3958333335495,4.0861668586731,883
-71.1458333330235,-15.5208333335585,2.92600011825562,700
-67.9791666663315,-19.5625000002575,7.38616704940796,144
-75.6874999997265,-13.0208333335385,4.70366716384888,621
-65.6874999996465,-24.3541666669625,2.40400004386902,209
-68.5208333330025,-19.1041666669205,5.76616716384888,206
-74.3541666663825,-13.4375000002085,9.20833301544189,872
-67.1041666663245,-22.9791666669515,4.67566680908203,95
-71.7291666663615,-14.1041666668805,6.75500011444092,916
-70.5624999996855,-16.1041666668965,4.54916715621948,659
-69.4791666663435,-14.6875000002185,3.53716707229614,911
-72.6041666663685,-15.4791666668915,1.56200003623962,583
-76.4374999997325,-11.1875000001905,2.76833295822144,949
-66.2708333329845,-24.7708333336325,7.243332862854,147
-69.6458333330115,-14.7708333335525,6.06716680526733,840
-66.3958333329855,-26.0208333336425,9.83783340454102,131
-67.9374999996645,-22.2291666669455,1.19099998474121,81
-77.6041666664085,-8.4791666668355,7.53283405303955,901
-67.8124999996635,-27.3958333336535,13.9708299636841,88
-67.4374999996605,-25.9791666669755,9.49983310699463,62
-66.5624999996535,-23.3125000002875,7.47149991989136,122
-68.4791666663355,-21.7708333336085,7.49683284759521,45
-66.7291666663215,-21.0208333336025,9.60083293914795,134
-67.1041666663245,-21.1458333336035,9.04383373260498,97
-70.0208333330145,-16.9375000002365,3.87400007247925,508
-74.9374999997205,-12.8541666668705,4.8439998626709,820
-71.3541666663585,-14.8125000002195,6.90116691589355,818
-67.5208333329945,-26.2291666669775,10.1113300323486,59
-77.6041666664085,-9.8125000001795,7.49616718292236,570
-69.1874999996745,-24.1875000002945,11.6358299255371,10
-71.6041666663605,-15.8958333335615,5.65766716003418,373
-67.6041666663285,-27.0208333336505,7.45616722106934,104
-69.1458333330075,-28.1041666669925,1.86749994754791,108
-71.4791666663595,-14.0208333335465,7.81183290481567,810
-77.2291666664055,-9.0625000001735,6.76533317565918,847
-67.4374999996605,-22.0208333336105,6.21916723251343,81
-71.1874999996905,-14.6458333335515,3.9449999332428,918
-65.1458333329755,-23.1458333336195,8.76650047302246,260
-68.5624999996695,-24.1458333336275,11.0746698379517,22
-65.7708333329805,-24.3958333336295,10.0246696472168,184
-65.8958333329815,-23.7708333336245,10.2950000762939,160
-74.7291666663855,-12.7708333335365,9.26566696166992,854
-67.5624999996615,-18.7291666669175,8.2180004119873,268
-71.0208333330225,-15.9375000002285,3.0318329334259,551
-77.8124999997435,-8.4375000001685,5.35550022125244,998
-72.6874999997025,-15.5208333335585,-1.50883305072784,669
-65.2291666663095,-22.7708333336165,12.5113296508789,299
-70.6874999996865,-13.8958333335455,4.68699979782104,826
-66.2708333329845,-25.2708333336365,13.7471704483032,150
-66.2708333329845,-26.5208333336465,11.5845003128052,157
-68.0624999996655,-17.6041666669085,8.47416687011719,372
-67.8958333329975,-19.1041666669205,8.42716693878174,196
-67.3124999996595,-19.3541666669225,8.80816745758057,194
-71.5208333330265,-15.6041666668925,1.97116696834564,629
-70.3124999996835,-14.2291666668815,3.57816696166992,873
-66.5208333329865,-19.9791666669275,6.81033277511597,157
-68.9374999996725,-17.0208333335705,8.01883316040039,545
-69.1458333330075,-19.1875000002545,3.94000005722046,186
-69.2708333330085,-26.3958333336455,7.26550006866455,33
-74.8124999997195,-13.8541666668785,5.14883279800415,725
-69.2291666663415,-28.3541666669945,4.02199983596802,91
-70.8124999996875,-14.6458333335515,6.2161660194397,797
-72.3541666663665,-15.2708333335565,7.46766710281372,455
-74.8541666663865,-12.2708333335325,14.7761697769165,706
-68.4374999996685,-20.5625000002655,5.45366716384888,82
-75.1874999997225,-11.7708333335285,8.58016681671143,967
-71.6041666663605,-16.0208333335625,7.87066698074341,289
-76.6874999997345,-9.9791666668475,9.66266632080078,910
-66.3124999996515,-23.9375000002925,7.06750011444092,136
-67.6874999996625,-26.2708333336445,8.52266693115234,62
-67.4791666663275,-26.3541666669785,11.5565004348755,59
-76.5624999997335,-9.7291666668455,6.65333318710327,1031
-68.7708333330045,-24.3958333336295,10.3183298110962,19
-66.5624999996535,-21.3541666669385,8.06799983978271,151
-70.5624999996855,-15.0208333335545,6.635666847229,806
-67.4791666663275,-22.4791666669475,4.35816717147827,82
-71.2291666663575,-13.7708333335445,1.63566696643829,966
-66.3124999996515,-19.7291666669255,5.50333404541016,176
-71.3124999996915,-15.8958333335615,4.50400018692017,415
-74.0208333330465,-15.1458333335555,14.4428300857544,193
-66.7708333329885,-26.8125000003155,9.95849990844727,119
-74.7708333330525,-14.6458333335515,11.9820003509521,321
-71.3124999996915,-14.2291666668815,8.53683376312256,756
-68.6041666663365,-18.1875000002465,6.92666721343994,331
-67.0208333329905,-23.4375000002885,6.61183309555054,90
-68.5624999996695,-27.8958333336575,2.66366696357727,115
-70.4791666663515,-14.4375000002165,5.15000009536743,823
-66.8541666663225,-22.5208333336145,4.63933277130127,126
-72.6458333330355,-14.2708333335485,5.25216722488403,901
-65.1041666663085,-22.7708333336165,15.1646699905396,435
-68.5208333330025,-25.4375000003045,2.72366690635681,54
-73.0208333330385,-14.8541666668865,2.64066696166992,759
-67.6041666663285,-26.5208333336465,10.3701696395874,66
-67.6874999996625,-20.8541666669345,8.19083309173584,74
-71.2708333330245,-16.0208333335625,4.28433322906494,391
-69.5624999996775,-16.8958333335695,2.91716694831848,589
-67.0208333329905,-20.3541666669305,8.71249961853027,172
-67.7708333329965,-20.3541666669305,7.2736668586731,141
-67.2708333329925,-20.7708333336005,9.15450000762939,91
-66.7708333329885,-24.7708333336325,6.29616689682007,102
-66.0208333329825,-22.9375000002845,10.0448303222656,176
-72.8124999997035,-14.5625000002175,2.3671669960022,860
-68.1874999996665,-18.8958333335855,7.57833290100098,219
-69.0624999996735,-21.0625000002695,11.9253301620483,21
-73.5624999997095,-15.5208333335585,9.47116661071777,320
-68.6874999996705,-24.6875000002985,6.10816717147827,32
-77.6874999997425,-9.1875000001745,14.7983303070068,483
-67.2291666663255,-24.9375000003005,6.75400018692017,79
-68.3541666663345,-24.3958333336295,8.51633358001709,32
-67.6458333329955,-24.8541666669665,9.21216678619385,111
-67.3541666663265,-23.5208333336225,3.96566700935364,84
-67.6458333329955,-19.5625000002575,4.66450023651123,171
-70.2708333330165,-16.8125000002355,3.70516705513,507
-66.6041666663205,-19.7708333335925,7.3769998550415,155
-69.0624999996735,-27.6458333336555,-0.0223334208130836,116
-66.5624999996535,-23.5625000002895,6.15000009536743,124
-74.0208333330465,-13.9791666668795,5.26666688919067,904
-65.9374999996485,-21.9791666669435,10.6231698989868,248
-67.4374999996605,-19.1458333335875,8.5218334197998,219
-69.6041666663445,-16.6041666669005,6.73133277893066,648
-71.3958333330255,-15.5625000002255,6.47666597366333,524
-76.2291666663975,-12.0625000001975,5.0149998664856,660
-68.8958333330055,-16.9375000002365,8.71833324432373,560
-67.5624999996615,-20.1041666669285,7.55166721343994,166
-66.6041666663205,-22.9791666669515,5.05716705322266,135
-75.9374999997285,-11.8958333335295,4.24149990081787,871
-76.2291666663975,-10.6041666668525,5.79266595840454,1127
-66.6874999996545,-26.4791666669795,8.26716709136963,120
-67.9791666663315,-21.0625000002695,7.43133401870728,67
-66.8541666663225,-22.9375000002845,5.5770001411438,113
-69.3124999996755,-17.6875000002425,7.23799991607666,330
-69.1041666663405,-17.7291666669095,5.61950016021729,385
-67.7291666663295,-24.6875000002985,9.30516719818115,128
-67.4791666663275,-19.1458333335875,8.55300045013428,216
-68.0624999996655,-27.5208333336545,4.33400011062622,116
-66.5624999996535,-21.5208333336065,7.41033315658569,153
-69.1041666663405,-27.9375000003245,0.694500029087067,111
-76.1458333330635,-10.7291666668535,5.61266708374023,1139
-71.8541666663625,-15.8958333335615,4.50033283233643,394
-66.5624999996535,-25.0625000003015,2.27066707611084,146
-70.4374999996845,-16.7291666669015,4.94899988174438,473
-66.8124999996555,-23.9375000002925,7.44649982452393,95
-75.6041666663925,-13.0625000002055,6.62550020217896,597
-76.9791666664035,-8.8958333335055,9.43333339691162,914
-67.6458333329955,-18.9375000002525,8.10883331298828,239
-76.8124999997355,-9.4791666668435,10.4938297271729,809
-74.6041666663845,-12.5208333335345,8.74833297729492,961
-71.3541666663585,-14.4375000002165,4.92566680908203,920
-78.2291666664135,-7.4375000001605,15.1998300552368,697
-69.3124999996755,-17.3125000002395,5.77933406829834,435
-66.2291666663175,-22.4375000002805,5.20716714859009,186
-69.0208333330065,-17.6875000002425,6.20050001144409,390
-78.8958333330855,-1.3125000001115,5.33650016784668,751
-75.0208333330545,-13.3541666668745,3.73566699028015,770
-68.5208333330025,-18.3958333335815,7.59283399581909,274
-66.9791666663235,-20.6875000002665,9.42366695404053,123
-68.9374999996725,-25.4791666669715,6.36950016021729,30
-68.7708333330045,-25.2291666669695,7.57250022888184,27
-68.9791666663395,-28.7291666669975,4.72666597366333,110
-72.8124999997035,-14.8541666668865,1.85933303833008,757
-68.8541666663385,-25.7291666669735,8.46350002288818,29
-76.2708333330645,-10.0625000001815,14.77649974823,722
-75.9791666663955,-11.8541666668625,4.00050020217896,886
-68.8958333330055,-19.0208333335865,4.17066717147827,227
-67.7291666663295,-19.2708333335885,8.47900009155273,185
-72.4374999997005,-14.7291666668855,2.1340000629425,807
-67.6874999996625,-21.4791666669395,5.1269998550415,81
-74.5208333330505,-14.4791666668835,6.31949996948242,655
-69.1874999996745,-19.5208333335905,7.68216705322266,101
-73.7708333330445,-14.0625000002135,6.16300010681152,919
-70.5624999996855,-13.8541666668785,5.55200004577637,801
-67.9374999996645,-17.5208333335745,8.70816707611084,383
-67.4374999996605,-22.1458333336115,5.37633323669434,85
-65.3958333329775,-23.1458333336195,11.7866697311401,197
-71.8541666663625,-14.9791666668875,3.12216711044312,803
-68.4374999996685,-22.8541666669505,10.5726699829102,30
-66.4374999996525,-20.0208333335945,9.09383296966553,159
-67.8958333329975,-18.5625000002495,8.12066745758057,264
-69.2708333330085,-14.6458333335515,2.08833289146423,960
-77.4374999997405,-9.4375000001765,1.73516702651978,814
-77.2708333330725,-8.7291666668375,15.6794996261597,697
-68.0208333329985,-27.0625000003175,3.19416689872742,101
-72.9791666663715,-15.2291666668895,13.2239999771118,332
-67.8958333329975,-17.6041666669085,8.60883331298828,367
-69.1041666663405,-21.1458333336035,13.5331697463989,15
-66.6458333329875,-19.6041666669245,8.18416690826416,159
-66.1874999996505,-25.1875000003025,14.5291700363159,170
-67.3958333329935,-21.5208333336065,6.95650005340576,84
-67.2708333329925,-19.4791666669235,8.760666847229,174
-65.2708333329765,-23.2291666669535,11.4553298950195,210
-70.4374999996845,-14.3958333335495,3.63350009918213,881
-69.0624999996735,-16.8958333335695,8.69983386993408,569
-72.3124999996995,-14.0625000002135,6.07883310317993,975
-66.2291666663175,-24.3125000002955,7.3585000038147,138
-69.8124999996795,-15.0208333335545,8.58716678619385,733
-67.1874999996585,-21.8958333336095,6.04466676712036,102
-71.0624999996895,-16.0625000002295,4.99516677856445,437
-70.1874999996825,-15.5625000002255,9.47483253479004,634
-68.0624999996655,-22.5208333336145,4.64583301544189,58
-66.5624999996535,-16.8541666669025,7.5338339805603,961
-67.8541666663305,-26.8125000003155,4.32766723632812,96
-71.2708333330245,-15.8958333335615,4.43983316421509,424
-71.0208333330225,-13.8541666668785,2.44083309173584,905
-68.7291666663375,-23.7708333336245,10.0366697311401,22
-65.9791666663155,-22.1458333336115,10.4449996948242,234
-68.3541666663345,-21.9375000002765,4.9088339805603,55
-71.1041666663565,-13.9375000002125,2.56683301925659,898
-65.6458333329795,-22.6041666669485,10.8428297042847,241
-75.8958333330615,-13.1458333335395,10.6443300247192,366
-71.6874999996945,-16.2708333335645,14.4461698532104,81
-77.1458333330715,-8.8958333335055,18.2140007019043,723
-77.8124999997435,-9.5208333335105,14.3426704406738,357
-67.5208333329945,-22.5208333336145,4.64016723632812,78
-69.6874999996785,-18.1875000002465,9.06599998474121,175
-68.4374999996685,-18.7291666669175,7.47700023651123,228
-74.6458333330515,-12.6041666668685,13.3203296661377,698
-67.2291666663255,-17.4375000002405,7.22650003433228,532
-68.0208333329985,-25.9375000003085,8.30749988555908,47
-72.1874999996985,-14.7708333335525,2.48799991607666,815
-66.7291666663215,-26.8125000003155,8.15733337402344,136
-75.0208333330545,-13.2291666668735,2.81433296203613,788
-74.8124999997195,-13.6041666668765,6.53033399581909,720
-74.5624999997175,-12.6458333335355,11.1326704025269,828
-68.8958333330055,-18.3541666669145,6.01416683197021,320
-67.3958333329935,-22.4791666669475,3.94050002098083,89
-66.6458333329875,-20.7291666669335,10.0613298416138,143
-69.3124999996755,-29.4375000003365,6.642333984375,97
-67.9374999996645,-24.5208333336305,9.40416622161865,43
-68.1874999996665,-25.0625000003015,8.32616710662842,46
-66.6458333329875,-20.7291666669335,10.0613298416138,143
-67.9791666663315,-26.1458333336435,10.1933298110962,46
-66.8958333329895,-19.2708333335885,9.49666690826416,222
-68.8541666663385,-27.0208333336505,2.36033296585083,93
-66.2291666663175,-22.5625000002815,8.15983295440674,178
-68.0624999996655,-17.1875000002385,8.69116687774658,439
-76.1041666663965,-12.7291666668695,8.44466686248779,437
-73.6041666663765,-15.3125000002235,9.71833324432373,383
-69.3541666663425,-24.3958333336295,13.9674997329712,7
-74.6874999997185,-13.4375000002085,2.19899988174438,865
-68.2708333330005,-23.5208333336225,14.0144996643066,32
-67.8124999996635,-21.1458333336035,6.45349979400635,74
-65.8958333329815,-24.1875000002945,9.53783321380615,168
-73.2708333330405,-14.4375000002165,4.48400020599365,905
-68.9791666663395,-20.0625000002615,1.84483301639557,123
-68.3541666663345,-23.6041666669565,14.2259998321533,28
-67.1874999996585,-19.8125000002595,9.03133296966553,135
-68.3958333330015,-18.6458333335835,7.68499994277954,237
-70.3124999996835,-14.6875000002185,7.4296669960022,726
-70.1874999996825,-16.5625000002335,1.62216699123383,630
-67.0624999996575,-22.1875000002785,4.57499980926514,110
-77.2291666664055,-9.4791666668435,5.52816677093506,791
-68.2291666663335,-19.2708333335885,7.24533319473267,169
-72.2708333330325,-14.0208333335465,7.63816595077515,949
-71.8958333330295,-14.9375000002205,2.58866691589355,813
-78.4374999997485,-7.3958333334935,8.42783355712891,965
-66.6458333329875,-25.6041666669725,7.6100001335144,112
-65.9374999996485,-25.1458333336355,11.0891704559326,172
-69.0208333330065,-17.3541666669065,7.90566682815552,441
-76.8541666664025,-10.4375000001845,2.60233306884766,817
-68.5624999996695,-28.3958333336615,9.22616672515869,124
-67.9374999996645,-17.4791666669075,8.80216693878174,384
-77.3541666664065,-10.3958333335175,3.97533297538757,614
-73.9791666663795,-13.5625000002095,8.57233333587646,916
-67.3958333329935,-19.6875000002585,8.87800025939941,158
-69.5624999996775,-17.8958333335775,5.94133281707764,266
-67.2291666663255,-17.8541666669105,9.67983341217041,392
-67.6874999996625,-21.5208333336065,4.16033315658569,88
-68.1458333329995,-27.5208333336545,8.31550025939941,91
-75.8124999997275,-11.5208333335265,6.78066682815552,875
-67.4791666663275,-22.6875000002825,1.98133301734924,92
-69.7708333330125,-16.4375000002325,4.69566679000854,724
-67.3958333329935,-24.9375000003005,8.43116664886475,63
-65.8958333329815,-21.6458333336075,9.80566692352295,249
-69.2708333330085,-25.8541666669745,7.11800003051758,28
-66.1874999996505,-21.4791666669395,8.55533313751221,201
-68.4374999996685,-26.5625000003135,2.68899989128113,75
-67.6458333329955,-20.2291666669295,7.41316699981689,158
-74.3124999997155,-14.3125000002155,4.90966701507568,767
-71.6458333330275,-14.8958333335535,4.54533290863037,831
-77.1874999997385,-8.9375000001725,17.3383293151855,685
-67.1874999996585,-21.8125000002755,6.08850002288818,101
-68.0624999996655,-25.2291666669695,6.13850021362305,50
-68.3958333330015,-19.3958333335895,7.13266706466675,158
-67.4374999996605,-17.6041666669085,8.75566673278809,398
-68.6874999996705,-19.6458333335915,4.15766716003418,151
-77.4791666664075,-8.5208333335025,10.1116695404053,708
-76.7291666664015,-9.6875000001785,12.1686697006226,859
-71.4791666663595,-15.7708333335605,1.73099994659424,565
-74.6458333330515,-14.0208333335465,6.15999984741211,711
-68.8541666663385,-28.8541666669985,5.7436671257019,123
-76.6458333330675,-10.8958333335215,3.64100003242493,821
-68.7291666663375,-18.7708333335845,5.38500022888184,253
-67.1458333329915,-25.7291666669735,4.49016714096069,97
-70.3541666663505,-16.5625000002335,4.83783292770386,541
-68.1458333329995,-22.5625000002815,5.75316715240479,51
-72.0624999996975,-13.5208333335425,8.63766670227051,839
-70.7708333330205,-15.3958333335575,2.82366704940796,871
-73.8541666663785,-15.6458333335595,12.2081699371338,154
-66.0208333329825,-23.2708333336205,8.72183322906494,160
-66.6874999996545,-25.4791666669715,4.19116687774658,129
-74.5208333330505,-13.2291666668735,5.08333301544189,925
-69.4374999996765,-16.3958333335655,7.13833284378052,843
-77.7708333330765,-8.1458333334995,5.83116722106934,1195
-68.6874999996705,-24.9375000003005,4.85699987411499,39
-68.4374999996685,-23.4791666669555,14.2101697921753,26
-65.9374999996485,-23.6875000002905,10.0209999084473,157
-66.1874999996505,-21.8541666669425,11.3268299102783,209
-67.2291666663255,-17.5208333335745,8.40066623687744,489
-73.2708333330405,-14.8125000002195,5.6564998626709,774
-67.8124999996635,-24.8958333336335,9.57583332061768,95
-68.6458333330035,-25.5625000003055,4.38149976730347,43
-69.1458333330075,-26.4791666669795,5.76933288574219,41
-69.0208333330065,-20.8958333336015,9.42783355712891,36
-69.1458333330075,-20.8958333336015,13.7508296966553,15
-66.7291666663215,-21.1458333336035,9.16950035095215,131
-66.2708333329845,-22.6875000002825,7.63833284378052,169
-73.1041666663725,-14.1041666668805,7.76016712188721,944
-71.0208333330225,-14.6458333335515,4.38049983978271,886
-74.8124999997195,-13.4375000002085,4.4375,798
-70.2708333330165,-15.3125000002235,7.08099985122681,818
-67.1874999996585,-24.3125000002955,5.17799997329712,86
-68.7708333330045,-25.3958333336375,7.03116703033447,32
-72.1458333330315,-14.8541666668865,3.1965000629425,781
-68.8958333330055,-18.1041666669125,-0.315666705369949,426
-66.9791666663235,-21.6458333336075,7.52983283996582,113
-68.6458333330035,-23.8541666669585,12.0605001449585,20
-67.3958333329935,-24.1875000002945,4.47300004959106,83
-69.8958333330135,-17.1875000002385,3.32466697692871,442
-68.1041666663325,-23.4791666669555,14.0211696624756,39
-68.6874999996705,-25.9375000003085,5.50216722488403,47
-67.2291666663255,-19.9791666669275,8.38633346557617,161
-65.8124999996475,-24.1041666669605,6.18516683578491,176
-65.2708333329765,-22.1041666669445,10.0275001525879,348
-69.1874999996745,-20.0625000002615,9.87283325195312,51
-78.2708333330805,-8.3541666668345,8.17166709899902,561
-66.9374999996565,-25.6041666669725,4.69950008392334,108
-65.8541666663145,-25.1875000003025,10.5533304214478,194
-67.4374999996605,-24.9791666669675,7.3061671257019,66
-69.1041666663405,-18.3958333335815,0.0443333014845848,335
-74.6874999997185,-12.8541666668705,9.90383338928223,841
-68.8541666663385,-19.4375000002565,4.68650007247925,161
-69.1458333330075,-18.8958333335855,1.52233302593231,248
-68.8541666663385,-27.8125000003235,-3.28916692733765,159
-67.8958333329975,-19.8125000002595,7.71099996566772,165
-65.6458333329795,-22.5625000002815,10.8944997787476,251
-69.7708333330125,-16.6875000002345,7.26333284378052,548
-67.3124999996595,-18.4791666669155,9.13683319091797,315
-66.1874999996505,-21.4791666669395,8.55533313751221,201
-72.6041666663685,-14.6458333335515,2.16216707229614,818
-67.7291666663295,-25.3125000003035,6.12233400344849,62
-67.9791666663315,-21.3125000002715,2.37333297729492,92
-68.5208333330025,-19.4791666669235,6.47550010681152,148
-67.1458333329915,-22.5625000002815,2.87483310699463,106
-70.9374999996885,-16.0208333335625,2.94883298873901,562
-66.3541666663185,-26.6875000003145,13.2491703033447,138
-72.1041666663645,-14.3125000002155,10.6765003204346,922
-67.5208333329945,-23.8125000002915,2.8376669883728,81
-70.9791666663555,-14.9791666668875,5.53233289718628,837
-68.1874999996665,-26.7291666669815,2.41866707801819,92
-76.0624999997295,-10.8958333335215,5.92500019073486,1118
-68.1874999996665,-22.8958333336175,13.5191698074341,38
-68.6458333330035,-25.4375000003045,5.4355001449585,40
-70.0208333330145,-17.3541666669065,2.88549995422363,381
-69.1874999996745,-27.3125000003195,0.92083328962326,98
-67.0208333329905,-26.8958333336495,7.11733293533325,132
-66.4374999996525,-20.8125000002675,9.67500019073486,164
-66.6874999996545,-26.2708333336445,4.87949991226196,138
-75.3541666663905,-12.8958333335375,2.84200000762939,720
-72.3124999996995,-15.7291666668935,8.89433288574219,277
-67.6458333329955,-21.8541666669425,2.80800008773804,91
-76.0624999997295,-11.1458333335235,6.17783403396606,934
-75.7708333330605,-11.5208333335265,7.22550010681152,863
-67.3958333329935,-23.7708333336245,2.92733311653137,88
-67.4791666663275,-26.1041666669765,9.20383358001709,64
-67.4374999996605,-23.3541666669545,4.14833402633667,81
-76.8541666664025,-9.0625000001735,8.23299980163574,962
-75.0624999997215,-14.0625000002135,13.6073303222656,236
-67.3541666663265,-23.9791666669595,4.26900005340576,88
-66.8958333329895,-21.3541666669385,9.03649997711182,117
-74.2291666663815,-15.1875000002225,16.0524997711182,96
-65.8124999996475,-23.8541666669585,9.87899971008301,169
-67.6041666663285,-17.4375000002405,8.5513334274292,404
-69.3541666663425,-28.5625000003295,1.14600002765656,114
-66.6041666663205,-23.2708333336205,8.00183296203613,116
-67.5208333329945,-21.6875000002745,6.73099994659424,79
-77.6041666664085,-9.1875000001745,8.74383354187012,584
-67.3958333329935,-19.9375000002605,8.1366662979126,168
-70.3124999996835,-15.3541666668905,7.50266599655151,799
-69.6874999996785,-15.6041666668925,9.64933300018311,915
-66.6458333329875,-24.1875000002945,6.45766687393188,110
-70.7708333330205,-16.1041666668965,3.16166710853577,589
-75.4791666663915,-12.9791666668715,5.27400016784668,645
-69.2708333330085,-19.5208333335905,11.8765001296997,52
-70.0208333330145,-14.5208333335505,4.74200010299683,863
-66.7708333329885,-24.7708333336325,6.29616689682007,102
-68.1458333329995,-17.1875000002385,8.48233318328857,450
-66.4374999996525,-21.1041666669365,8.35449981689453,165
-68.2291666663335,-27.5625000003215,2.80900001525879,119
-71.6041666663605,-14.6875000002185,6.55983400344849,878
-70.8124999996875,-16.3541666668985,3.94300007820129,485
-73.8124999997115,-15.5208333335585,9.05300045013428,323
-65.9791666663155,-22.3958333336135,9.99549961090088,222
-67.8958333329975,-18.3958333335815,8.06733322143555,282
-69.0208333330065,-27.7708333336565,0.0570000298321247,126
-68.1874999996665,-27.7708333336565,8.05200004577637,106
-76.2708333330645,-10.2708333335165,11.8500003814697,860
-68.3124999996675,-20.5625000002655,4.2181658744812,92
-67.5624999996615,-27.0208333336505,3.54783296585083,122
-67.9791666663315,-19.6875000002585,7.08466720581055,141
-67.3541666663265,-18.0208333335785,9.32133293151855,345
-67.0208333329905,-23.5625000002895,5.21049976348877,95
-69.8958333330135,-17.0208333335705,4.76416683197021,467
-76.9791666664035,-10.7708333335205,6.18066596984863,664
-73.3541666663745,-13.6458333335435,12.7370004653931,988
-69.1041666663405,-24.3541666669625,10.4595003128052,12
-68.0208333329985,-19.2291666669215,7.93933296203613,178
-68.6041666663365,-25.0208333336345,7.78299999237061,29
-66.5624999996535,-24.6458333336315,7.49200010299683,109
-67.7291666663295,-24.3958333336295,9.02533340454102,49
-71.8124999996955,-14.5625000002175,5.38933277130127,913
-78.1458333330795,-7.9791666668315,9.69299983978271,854
-69.2708333330085,-24.5625000002975,12.0943298339844,10
-66.9791666663235,-25.0208333336345,5.26766681671143,98
-68.3958333330015,-20.3125000002635,6.131667137146,87
-66.3541666663185,-22.8125000002835,3.80599999427795,163
-69.2708333330085,-25.4791666669715,9.49250030517578,15
-71.9791666663635,-13.8125000002115,13.8500003814697,712
-73.6041666663765,-15.6041666668925,10.34850025177,236
-69.8541666663465,-17.8541666669105,6.80600023269653,203
-77.4374999997405,-9.9791666668475,3.23033308982849,651
-71.1041666663565,-16.2291666668975,3.83166694641113,411
-77.0208333330705,-9.3541666668425,12.3201704025269,796
-67.7291666663295,-23.5208333336225,4.02150011062622,67
-68.8124999996715,-24.4375000002965,10.701000213623,17
-68.0624999996655,-24.1875000002945,-1.06066703796387,94
-78.0208333330785,-8.4791666668355,11.002329826355,359
-75.2291666663895,-13.8541666668785,9.75116634368896,398
-68.5624999996695,-27.2291666669855,-6.38616704940796,159
-67.0624999996575,-24.1458333336275,8.61800003051758,80
-67.5208333329945,-25.1875000003025,6.96533298492432,65
-76.9374999997365,-10.1458333335155,3.83699989318848,825
-69.4791666663435,-28.5625000003295,1.61366701126099,105
-73.5624999997095,-14.2708333335485,8.60149955749512,877
-67.2708333329925,-19.3125000002555,8.91633319854736,202
-68.5208333330025,-17.8125000002435,7.56599998474121,375
-69.0624999996735,-26.2708333336445,9.19083309173584,30
-67.0624999996575,-25.1875000003025,6.16916704177856,89
-73.0624999997055,-15.2291666668895,8.76883316040039,495
-66.8958333329895,-26.4375000003125,8.03233337402344,109
-73.5624999997095,-14.6875000002185,5.5019998550415,871
-71.6458333330275,-15.2708333335565,3.93116688728333,725
-68.1041666663325,-17.4791666669075,8.97366714477539,397
-68.1874999996665,-26.9791666669835,5.65150022506714,80
-68.8541666663385,-26.5208333336465,5.30633401870728,55
-66.4791666663195,-24.1875000002945,4.10500001907349,136
-76.1874999997305,-10.6458333335195,6.54449987411499,1112
-67.3958333329935,-21.9375000002765,7.13666677474976,82
-68.8958333330055,-20.8958333336015,4.68200016021729,64
-70.1041666663485,-14.8541666668865,7.90450000762939,719
-69.6041666663445,-18.3541666669145,9.86516666412354,152
-78.1458333330795,-8.4791666668355,19.2611694335938,259
-69.4791666663435,-28.4791666669955,1.60899996757507,108
-69.4791666663435,-28.3541666669945,0.93533331155777,115
-67.5208333329945,-20.8958333336015,8.40416622161865,76
-69.2708333330085,-20.4791666669315,14.8308296203613,16
-76.3541666663985,-12.3125000001995,13.0976696014404,250
-69.2708333330085,-18.0208333335785,4.0688328742981,332
-72.6458333330355,-15.2708333335565,1.60399997234344,617
-71.7708333330285,-15.5625000002255,3.58383297920227,571
-75.6458333330595,-12.6041666668685,3.35450005531311,732
-66.0208333329825,-25.3541666669705,9.61116695404053,177
-67.2291666663255,-23.4375000002885,4.89883279800415,86
-71.1874999996905,-15.7291666668935,2.11299991607666,612
-70.7291666663535,-15.2708333335565,2.12116694450378,900
-66.8958333329895,-23.3541666669545,5.37233400344849,104
-76.8958333330695,-10.1875000001825,3.67683291435242,857
-70.2291666663495,-15.6458333335595,9.36883354187012,628
-68.1458333329995,-19.8958333335935,7.02766704559326,148
-72.1458333330315,-15.6041666668925,11.0271701812744,316
-76.1874999997305,-11.9375000001965,3.63599991798401,763
-69.1874999996745,-27.3541666669865,0.958500027656555,93
-76.7708333330685,-10.4375000001845,1.50916695594788,918
-68.5208333330025,-17.2708333335725,9.10066699981689,451
-68.7708333330045,-28.4375000003285,2.13033294677734,125
-75.5624999997255,-11.4791666668595,8.95083332061768,828
-69.2708333330085,-19.2708333335885,4.99066686630249,153
-68.7708333330045,-19.8958333335935,3.8286669254303,117
-68.8958333330055,-26.2291666669775,5.50066709518433,45
-65.8124999996475,-25.6041666669725,13.8144998550415,199
-75.0208333330545,-13.7291666668775,4.54650020599365,680
-68.3958333330015,-23.9375000002925,9.79483318328857,28
-69.2291666663415,-18.7708333335845,1.88433301448822,260
-65.6041666663125,-24.3125000002955,3.70966601371765,219
-74.6458333330515,-13.6041666668765,4.48733282089233,798
-68.3541666663345,-21.6041666669405,4.44549989700317,63
-68.0208333329985,-19.6875000002585,7.46449995040894,139
-66.8958333329895,-26.0208333336425,1.32050001621246,138
-66.8541666663225,-26.8958333336495,6.87633323669434,152
-66.9791666663235,-19.6458333335915,8.7728328704834,151
-74.6874999997185,-13.8958333335455,4.07216596603394,760
-77.4791666664075,-9.4791666668435,7.42399978637695,648
-74.9791666663875,-13.6875000002105,4.77633285522461,688
-73.8541666663785,-13.9375000002125,15.0223302841187,707
-66.5624999996535,-25.2291666669695,4.8066668510437,135
-71.1041666663565,-16.6458333335675,10.2379999160767,184
-66.7291666663215,-26.8125000003155,8.15733337402344,136
-68.1874999996665,-19.0625000002535,7.9375,193
-66.7291666663215,-25.6041666669725,4.09383296966553,127
-69.2708333330085,-25.1041666669685,7.36616706848145,19
-66.7291666663215,-21.4375000002725,7.94566583633423,137
-66.9791666663235,-21.7291666669415,7.70466709136963,110
-70.0624999996815,-17.2291666669055,3.13866710662842,411
-69.8124999996795,-17.7708333335765,4.70316600799561,257
-72.8541666663705,-14.7291666668855,1.53100001811981,804
-67.1041666663245,-19.8958333335935,9.20400047302246,135
-66.9374999996565,-20.0625000002615,9.26383304595947,130
-73.1874999997065,-15.2708333335565,6.01216697692871,554
-68.9791666663395,-21.3958333336055,9.72566699981689,27
-76.5208333330665,-11.1458333335235,2.12583303451538,916
-66.2708333329845,-26.3958333336455,10.5226697921753,160
-69.8124999996795,-16.0208333335625,8.41933345794678,884
-67.7291666663295,-23.1041666669525,2.35533308982849,82
-73.6041666663765,-13.9791666668795,9.90116691589355,879
-67.2708333329925,-19.0208333335865,8.42183303833008,257
-69.3124999996755,-19.1458333335875,4.23516702651978,176
-67.0624999996575,-20.6041666669325,9.43383312225342,131
-65.4791666663115,-23.3125000002875,10.2666702270508,197
-74.6458333330515,-14.3125000002155,6.52299976348877,649
-68.8124999996715,-24.8958333336335,7.00850009918213,25
-67.6041666663285,-20.2291666669295,7.51783323287964,160
-71.6041666663605,-14.8541666668865,5.61850023269653,843
-67.9374999996645,-18.8125000002515,8.1361665725708,235
-73.7291666663775,-14.7291666668855,2.17350006103516,823
-70.5208333330185,-15.2291666668895,5.05249977111816,929
-71.3958333330255,-14.6041666668845,6.62666702270508,869
-67.1874999996585,-21.4375000002725,8.69983291625977,89
-67.6874999996625,-17.5625000002415,8.52683353424072,378
-74.7291666663855,-12.6041666668685,9.04083347320557,850
-67.9374999996645,-26.8541666669825,4.16966676712036,97
-66.2708333329845,-25.1458333336355,8.90066623687744,166
-66.9791666663235,-19.3958333335895,9.21399974822998,195
-76.3958333330655,-11.4375000001925,2.83583307266235,955
-67.9791666663315,-23.3125000002875,13.3345003128052,45
-74.1041666663805,-14.6041666668845,7.01483297348022,740
-71.8124999996955,-16.1041666668965,10.7414999008179,155
-69.2708333330085,-19.8958333335935,11.0733299255371,44
-70.1041666663485,-17.0625000002375,3.05450010299683,465
-68.9791666663395,-20.2708333335965,3.49366688728333,92
-67.9791666663315,-19.8541666669265,7.24166679382324,172
-65.1041666663085,-22.5208333336145,12.3026695251465,344
-67.3124999996595,-23.2291666669535,6.02683401107788,78
-67.0208333329905,-26.0208333336425,3.12916707992554,117
-77.5208333330745,-9.0208333335065,6.95533323287964,721
-69.6041666663445,-18.4375000002485,11.1920003890991,103
-68.6458333330035,-18.6458333335835,6.9611668586731,250
-75.4791666663915,-12.3125000001995,5.50616693496704,819
-68.3124999996675,-23.4791666669555,13.7875003814697,31
-65.8541666663145,-23.1041666669525,10.6736698150635,173
-68.3124999996675,-20.0625000002615,3.90866708755493,121
-66.5208333329865,-25.1875000003025,3.6953330039978,150
-66.1041666663165,-22.5208333336145,9.87600040435791,191
-71.1874999996905,-15.1458333335555,3.20199990272522,842
-72.1874999996985,-15.4791666668915,1.18266701698303,602
-67.4374999996605,-21.1458333336035,7.84083318710327,81
-66.8541666663225,-25.7708333336405,2.09216690063477,134
-69.8124999996795,-16.3125000002315,6.88833284378052,755
-66.6874999996545,-26.2291666669775,4.95783281326294,138
-68.9791666663395,-21.0625000002695,9.51299953460693,34
-68.6458333330035,-24.4375000002965,7.39699983596802,28
-74.1874999997145,-15.1875000002225,16.8255004882812,68
-69.0208333330065,-19.9791666669275,5.04316711425781,98
-76.1874999997305,-10.3125000001835,12.7189998626709,779
-70.8541666663545,-13.7708333335445,1.87133300304413,937
-67.3541666663265,-25.3958333336375,6.68450021743774,74
-72.6041666663685,-14.9375000002205,1.55766701698303,735
-71.2291666663575,-14.2708333335485,8.49849987030029,715
-72.1041666663645,-15.8541666668945,5.48299980163574,345
-69.7708333330125,-17.8541666669105,4.35566711425781,254
-77.4374999997405,-10.1041666668485,9.49633312225342,549
-75.3124999997235,-13.5208333335425,9.47299957275391,487
-67.4374999996605,-23.1458333336195,4.08833312988281,80
-66.1874999996505,-22.7708333336165,8.22383308410645,170
-66.1458333329835,-23.3125000002875,8.03916645050049,154
-67.0624999996575,-25.7291666669735,3.31733298301697,110
-67.6458333329955,-24.4791666669635,8.34783363342285,52
-68.1874999996665,-21.6875000002745,6.49466705322266,58
-70.2708333330165,-15.5625000002255,9.21549987792969,648
-68.0208333329985,-18.7291666669175,7.94116687774658,239
-65.3541666663105,-23.7291666669575,6.49949979782104,227
-76.9374999997365,-10.7708333335205,5.48299980163574,670
-68.3541666663345,-25.7291666669735,4.83166599273682,52
-68.0624999996655,-22.6458333336155,6.06583404541016,52
-68.1041666663325,-23.3125000002875,13.9993295669556,40
-70.3541666663505,-14.3125000002155,5.26399993896484,802
-69.0208333330065,-20.8541666669345,8.39900016784668,42
-69.0624999996735,-16.9791666669035,8.73916625976562,533
-70.9374999996885,-14.5208333335505,4.87599992752075,853
-74.1041666663805,-14.6875000002185,10.4903297424316,690
-74.8958333330535,-12.1041666668645,10.255669593811,964
-67.3958333329935,-26.7708333336485,6.94216680526733,96
-67.5624999996615,-19.6458333335915,8.72333335876465,163
-77.0208333330705,-9.8958333335135,4.06949996948242,825
-70.5208333330185,-13.8541666668785,7.21733283996582,795
-68.0208333329985,-25.6875000003065,4.72733306884766,62
-67.3541666663265,-21.3958333336055,7.81599998474121,82
-65.8958333329815,-23.8541666669585,9.14500045776367,162
-77.9374999997445,-7.6041666668285,9.96500015258789,1248
-69.8958333330135,-15.0625000002215,8.25333309173584,753
-67.6874999996625,-27.0208333336505,11.2180004119873,86
-69.8541666663465,-14.3125000002155,3.66766691207886,886
-74.3958333330495,-12.8541666668705,14.9538297653198,639
-66.1458333329835,-21.8541666669425,9.03450012207031,205
-68.0624999996655,-25.8958333336415,9.28750038146973,42
-75.1458333330555,-11.9375000001965,7.68933296203613,1000
-68.8124999996715,-15.3958333335575,6.90416717529297,919
-66.8124999996555,-23.7708333336245,7.12966680526733,99
-66.3541666663185,-24.8541666669665,4.3353328704834,162
-68.8541666663385,-25.3125000003035,8.34283447265625,26
-70.3958333330175,-16.9375000002365,4.27650022506714,450
-69.1874999996745,-26.0625000003095,4.24266719818115,42
-66.9791666663235,-20.7708333336005,9.53633308410645,109
-67.3541666663265,-26.5625000003135,10.5571699142456,73
-76.6041666664005,-11.6041666668605,3.84266710281372,739
-66.5208333329865,-24.8958333336335,4.62983322143555,125
-70.0624999996815,-15.2291666668895,9.30466747283936,692
-67.4791666663275,-18.1458333335795,9.09983253479004,324
-69.3124999996755,-17.3541666669065,5.92649984359741,423
-68.1041666663325,-24.5625000002975,4.76749992370605,51
-66.3958333329855,-23.9375000002925,7.12200021743774,127
-75.6041666663925,-12.8125000002035,3.9221670627594,658
-68.8541666663385,-17.0208333335705,9.00466632843018,527
-68.0624999996655,-26.0208333336425,8.11283302307129,49
-66.3124999996515,-26.3125000003115,2.41199994087219,193
-68.4374999996685,-28.2708333336605,6.61299991607666,129
-66.3124999996515,-24.5625000002975,2.08866691589355,163
-69.8124999996795,-14.6875000002185,4.34366703033447,897
-67.8541666663305,-25.9375000003085,9.72949981689453,48
-69.6458333330115,-15.1041666668885,8.26233291625977,787
-75.1041666663885,-13.7291666668775,6.81283283233643,603
-75.9791666663955,-12.0208333335305,3.55183291435242,816
-67.9374999996645,-24.8125000002995,9.13833332061768,117
-68.0624999996655,-19.3541666669225,7.32816696166992,180
-67.3958333329935,-24.7708333336325,8.68083381652832,63
-71.5208333330265,-13.6458333335435,9.01850032806396,680
-76.3958333330655,-11.2291666668575,3.21566700935364,959
-69.8958333330135,-17.5625000002415,1.64033305644989,363
-74.7291666663855,-14.1041666668805,4.6104998588562,711
-68.1458333329995,-20.7708333336005,5.66266679763794,81
-68.0208333329985,-25.6458333336395,1.78416705131531,76
-68.6458333330035,-24.4791666669635,6.80316686630249,28
-66.8958333329895,-26.3541666669785,5.49200010299683,122
-67.1874999996585,-19.8125000002595,9.03133296966553,135
-68.1041666663325,-19.2708333335885,7.44066715240479,171
-66.1041666663165,-22.9375000002845,5.83900022506714,185
-74.7708333330525,-13.1458333335395,3.75200009346008,880
-67.5208333329945,-23.1875000002865,4.02099990844727,80
-65.5208333329785,-23.0208333336185,9.4781665802002,216
-77.5208333330745,-8.9375000001725,5.55816698074341,837
-66.8124999996555,-25.2291666669695,7.0616660118103,100
-76.3958333330655,-10.5208333335185,5.99350023269653,1031
-75.9374999997285,-12.9791666668715,9.5178337097168,433
-77.1041666664045,-9.5208333335105,7.06016683578491,824
-70.9791666663555,-14.6041666668845,3.46066689491272,915
-66.1041666663165,-23.5625000002895,10.538330078125,145
-78.1458333330795,-8.1041666668325,13.4134998321533,479
-69.1041666663405,-18.9791666669195,1.84800004959106,244
-66.8958333329895,-20.9791666669355,9.60166645050049,117
-67.4374999996605,-25.6458333336395,2.16733288764954,100
-69.6041666663445,-17.8541666669105,6.46083307266235,252
-69.8958333330135,-15.5208333335585,8.97283363342285,797
-68.4374999996685,-22.2291666669455,11.1955003738403,32
-66.1041666663165,-24.6041666669645,3.58583307266235,179
-68.3541666663345,-18.3958333335815,7.87433290481567,273
-65.8124999996475,-22.1458333336115,10.1456699371338,264
-68.7291666663375,-26.9375000003165,1.82283294200897,92
-71.9374999996965,-14.7708333335525,3.13633298873901,847
-70.5208333330185,-14.5625000002175,7.06116676330566,720
-68.3541666663345,-23.0625000002855,13.7016696929932,30
-76.5208333330665,-10.6458333335195,6.18766689300537,902
-68.3124999996675,-17.6458333335755,8.39050006866455,382
-67.1041666663245,-24.6458333336315,8.14750003814697,78
-69.1041666663405,-18.0625000002455,1.29200005531311,376
-68.8124999996715,-27.1875000003185,-0.932500004768372,102
-67.0208333329905,-24.6875000002985,8.65916633605957,92
-72.1041666663645,-14.8958333335535,3.17166709899902,777
-71.3124999996915,-14.8125000002195,6.88216590881348,816
-68.1041666663325,-21.3541666669385,5.02500009536743,71
-67.7708333329965,-21.5208333336065,1.66666698455811,100
-69.1874999996745,-15.1458333335555,6.49949979782104,878
-69.8541666663465,-14.6041666668845,4.33683300018311,885
-68.1458333329995,-26.3958333336455,5.06783294677734,69
-67.6458333329955,-17.8541666669105,8.79866695404053,333
-74.7708333330525,-14.3958333335495,10.6429996490479,453
-67.0208333329905,-24.0208333336265,8.51399993896484,82
-71.8124999996955,-14.8958333335535,2.81200003623962,839
-68.4791666663355,-25.8541666669745,5.88883399963379,47
-70.8124999996875,-15.9791666668955,2.74083304405212,636
-69.7708333330125,-14.4375000002165,5.89400005340576,796
-73.6874999997105,-14.5208333335505,4.56766700744629,902
-67.5208333329945,-19.6041666669245,8.80350017547607,154
-74.2291666663815,-14.3958333335495,4.82166719436646,772
-71.7708333330285,-15.5208333335585,0.525333285331726,679
-66.9791666663235,-20.9791666669355,9.48583316802979,108
-77.2291666664055,-10.5625000001855,15.5389995574951,281
-72.6458333330355,-13.6875000002105,8.37966632843018,940
-72.0208333330305,-15.9791666668955,10.3424997329712,171
-78.4791666664155,-7.7708333334965,17.8368301391602,350
-68.4791666663355,-26.1041666669765,2.25433301925659,68
-68.6458333330035,-21.0208333336025,2.52616691589355,81
-74.3124999997155,-14.9375000002205,8.99450016021729,578
-78.3541666664145,-7.6458333334955,8.18983364105225,974
-67.1874999996585,-18.4375000002485,9.35649967193604,347
-70.0624999996815,-15.4791666668915,9.80766677856445,666
-71.6458333330275,-13.9791666668795,5.95433282852173,891
-74.6458333330515,-14.4375000002165,10.7246704101562,495
-72.7708333330365,-13.9375000002125,4.81016683578491,966
-72.4374999997005,-15.0625000002215,2.46483302116394,675
-66.3124999996515,-26.4791666669795,8.92350006103516,178
-67.8541666663305,-22.3541666669465,1.44983303546906,82
-66.5208333329865,-21.4375000002725,7.92766714096069,155
-68.0624999996655,-21.8958333336095,2.95000004768372,74
-68.7291666663375,-18.7291666669175,6.05766677856445,248
-69.0624999996735,-25.3125000003035,6.00166702270508,44
-68.1874999996665,-18.5208333335825,7.89449977874756,260
-67.7708333329965,-17.3541666669065,8.02683353424072,417
-66.4791666663195,-25.7708333336405,9.09633445739746,141
-74.9791666663875,-12.8541666668705,4.38000011444092,817
-68.5624999996695,-26.6458333336475,1.51183295249939,82
-70.6041666663525,-14.6458333335515,5.77766704559326,815
-69.2291666663415,-20.1458333335955,11.9280004501343,31
-65.8541666663145,-22.1041666669445,10.5935001373291,263
-66.1041666663165,-25.3958333336375,12.0058298110962,155
-70.7291666663535,-14.2291666668815,2.5550000667572,923
-75.2291666663895,-13.0208333335385,3.20883297920227,724
-67.6041666663285,-17.7291666669095,8.74916553497314,354
-70.3958333330175,-14.4791666668835,5.42449998855591,819
-68.5624999996695,-19.9375000002605,5.72383308410645,109
-71.1041666663565,-15.8125000002275,3.46849989891052,529
-67.6041666663285,-25.1875000003025,7.62483406066895,58
-72.0208333330305,-13.6458333335435,10.4571695327759,786
-76.9791666664035,-10.6875000001865,2.25349998474121,756
-74.1041666663805,-15.3125000002235,12.0030002593994,245
-72.4791666663675,-14.3958333335495,3.90133309364319,888
-68.7708333330045,-26.3541666669785,5.07183313369751,57
-67.7708333329965,-25.5625000003055,2.45866703987122,82
-76.0208333330625,-11.7291666668615,3.57299995422363,928
-69.7291666663455,-14.8541666668865,7.88383293151855,751
-76.1041666663965,-12.3125000001995,6.5236668586731,585
-71.4791666663595,-14.9375000002205,5.55283308029175,824
-67.9791666663315,-24.2708333336285,8.46833324432373,43
-69.0208333330065,-16.6875000002345,8.57600021362305,665
-69.2291666663415,-28.4791666669955,1.69683301448822,109
-68.1874999996665,-23.4375000002885,14.0556697845459,36
-76.5208333330665,-11.3958333335255,4.70100021362305,758
-75.8958333330615,-11.3541666668585,6.37666702270508,903
-68.2708333330005,-26.3958333336455,-0.275333404541016,100
-69.5208333330105,-18.3125000002475,3.51149988174438,256
-68.0624999996655,-17.6458333335755,8.20549964904785,370
-69.9791666663475,-16.3958333335655,6.5546669960022,673
-72.8124999997035,-14.1458333335475,6.26000022888184,920
-68.5624999996695,-26.8541666669825,3.12966704368591,76
-69.1041666663405,-18.8958333335855,3.46166706085205,238
-71.6041666663605,-14.0208333335465,6.87183284759521,891
-68.1458333329995,-25.7708333336405,7.79899978637695,46
-70.6041666663525,-14.6875000002185,5.24483299255371,843
-69.6874999996785,-18.1458333335795,7.66816711425781,188
-66.8958333329895,-23.9375000002925,6.20550012588501,98
-74.4791666663835,-14.3958333335495,5.33850002288818,694
-73.4791666663755,-14.7708333335525,6.46866703033447,805
-67.1458333329915,-23.5208333336225,5.49933290481567,86
-72.3958333330335,-14.6875000002185,2.36766600608826,823
-76.3958333330655,-10.6875000001865,5.09666681289673,923
-69.3958333330095,-15.1041666668885,6.86316680908203,862
-76.1874999997305,-11.0625000001895,5.59600019454956,947
-69.2291666663415,-25.0208333336345,8.74483299255371,17
-69.3958333330095,-20.0208333335945,14.0228300094604,19
-69.0624999996735,-20.4791666669315,7.09899997711182,60
-73.4791666663755,-15.6875000002265,12.5196695327759,140
-76.9374999997365,-9.2291666668415,13.4425001144409,819
-68.5208333330025,-21.0208333336025,4.08349990844727,74
-74.3541666663825,-13.3125000002075,11.4385004043579,843
-66.4374999996525,-25.9791666669755,7.78766679763794,155
-68.6458333330035,-19.6458333335915,4.73449993133545,146
-69.7708333330125,-14.8958333335535,8.43916606903076,720
-68.6874999996705,-25.6041666669725,4.93883323669434,40
-68.3541666663345,-20.8958333336015,5.32433319091797,77
-71.2708333330245,-16.0208333335625,4.28433322906494,391
-68.1041666663325,-22.3958333336135,5.74883317947388,54
-77.4791666664075,-9.9791666668475,3.63566708564758,624
-73.5624999997095,-14.9375000002205,5.29899978637695,730
-75.3541666663905,-13.7708333335445,13.3606700897217,226
-68.8124999996715,-24.6458333336315,9.66399955749512,19
-75.5208333330585,-12.2291666668655,6.5770001411438,829
-75.2291666663895,-12.8541666668705,2.79800009727478,799
-70.8124999996875,-13.7291666668775,3.74333310127258,871
-76.1874999997305,-10.8958333335215,6.16183280944824,1016
-66.8958333329895,-20.9791666669355,9.60166645050049,117
-75.0624999997215,-11.9791666668635,7.53433322906494,979
-74.0208333330465,-15.0625000002215,10.2253303527832,474
-68.6874999996705,-24.9375000003005,4.85699987411499,39
-68.6874999996705,-17.2708333335725,9.20816707611084,457
-67.4791666663275,-23.4791666669555,4.72516679763794,72
-65.8958333329815,-21.6875000002745,12.106499671936,262
-70.4791666663515,-15.3125000002235,6.35616683959961,875
-71.8541666663625,-15.2708333335565,3.15033292770386,706
-77.0624999997375,-9.6458333335115,3.83999991416931,904
-66.1458333329835,-23.6875000002905,10.1903295516968,143
-73.8124999997115,-14.3125000002155,3.82416701316833,920
-76.7708333330685,-10.5625000001855,3.93733310699463,810
-75.2291666663895,-12.0208333335305,11.730170249939,721
-66.8958333329895,-21.1041666669365,9.3730001449585,115
-67.0208333329905,-18.8125000002515,9.05616664886475,327
-66.2708333329845,-22.7291666669495,7.7103328704834,167
-72.3124999996995,-15.2291666668895,6.2248330116272,517
-67.7708333329965,-25.6458333336395,7.32383298873901,59
-74.6458333330515,-14.7708333335525,11.519829750061,376
-70.1874999996825,-17.1041666669045,2.37050008773804,457
-68.1458333329995,-27.3958333336535,8.22200012207031,84
-76.3958333330655,-10.6875000001865,5.09666681289673,923
-76.6874999997345,-10.1041666668485,7.49866676330566,905
-67.2708333329925,-26.3958333336455,7.95066690444946,87
-71.0624999996895,-15.5208333335585,3.69883298873901,698
-69.6041666663445,-29.3958333336695,2.64100003242493,120
-70.6041666663525,-15.6875000002265,6.65283298492432,822
-69.5208333330105,-15.1041666668885,7.73733282089233,826
-65.6458333329795,-22.7708333336165,10.3474998474121,221
-69.1458333330075,-27.6875000003225,-0.332500010728836,113
-73.6041666663765,-14.6041666668845,3.81166696548462,866
-66.8541666663225,-26.0208333336425,2.33916711807251,134
-72.1041666663645,-15.6875000002265,9.44933319091797,304
-65.9791666663155,-21.7291666669415,12.8079996109009,253
-65.3958333329775,-22.6875000002825,6.97499990463257,261
-76.3541666663985,-11.4791666668595,2.07216691970825,964
-74.6041666663845,-14.2291666668815,4.93933296203613,707
-72.7708333330365,-14.6041666668845,2.50316691398621,844
-67.0624999996575,-17.8541666669105,9.95450019836426,444
-71.3958333330255,-14.5208333335505,6.97499990463257,867
-66.5624999996535,-19.5625000002575,5.56616687774658,171
-74.4791666663835,-14.0625000002135,5.82066679000854,739
-76.7708333330685,-11.1458333335235,6.3274998664856,662
-67.3124999996595,-21.9375000002765,6.27183294296265,90
-70.5208333330185,-14.6041666668845,6.66133403778076,749
-69.4791666663435,-28.6875000003305,1.29499995708466,108
-67.1874999996585,-26.6458333336475,3.92400002479553,123
-69.7708333330125,-17.6458333335755,1.63533294200897,360
-69.9374999996805,-14.2708333335485,3.39450001716614,893
-66.7708333329885,-26.1875000003105,4.33816719055176,133
-71.7291666663615,-14.0208333335465,9.80099964141846,813
-66.8124999996555,-21.7291666669415,7.5251669883728,127
-72.1874999996985,-14.6875000002185,4.04949998855591,826
-68.7291666663375,-23.6041666669565,11.2376699447632,18
-71.3958333330255,-15.4375000002245,2.08150005340576,721
-67.1041666663245,-25.3125000003035,6.98050022125244,93
-70.3541666663505,-14.1041666668805,4.39266681671143,840
-73.9374999997125,-14.1875000002145,11.8348302841187,763
-66.6458333329875,-22.2291666669455,3.16400003433228,154
-68.6874999996705,-28.5208333336625,7.50516700744629,128
-67.9791666663315,-26.6458333336475,1.05333304405212,105
-67.9374999996645,-27.5625000003215,7.93583297729492,125
-66.1041666663165,-23.8541666669585,10.2578296661377,144
-68.8541666663385,-19.8958333335935,4.41866683959961,112
-67.4791666663275,-24.0625000002935,4.31666707992554,78
-69.5208333330105,-28.6875000003305,1.35950005054474,113
-66.2291666663175,-25.7291666669735,13.7738304138184,121
-67.8958333329975,-21.3125000002715,5.53216695785522,73
-69.3124999996755,-19.5208333335905,11.9429998397827,50
-77.6458333330755,-9.0625000001735,3.54949998855591,773
-68.2708333330005,-23.9375000002925,11.1326704025269,30
-66.0624999996495,-22.3125000002795,9.98250007629395,211
-71.6874999996945,-15.6041666668925,4.84216594696045,514
-67.2708333329925,-24.2291666669615,5.42350006103516,82
-66.9374999996565,-19.9791666669275,9.09666633605957,130
-75.8541666663945,-13.2708333335405,15.0480003356934,158
-69.1874999996745,-19.8958333335935,9.23050022125244,63
-74.3958333330495,-13.6875000002105,4.90833282470703,858
-74.6874999997185,-13.0208333335385,7.31366682052612,866
-66.7708333329885,-23.5625000002895,7.72733402252197,100
-69.3124999996755,-26.3958333336455,8.18566703796387,30
-67.4374999996605,-20.7708333336005,8.66366672515869,105
-68.3124999996675,-18.3958333335815,7.89400005340576,273
-75.5624999997255,-11.8125000001955,9.21049976348877,762
-69.4791666663435,-29.7291666670055,-4.87550020217896,201
-76.8124999997355,-10.0208333335145,4.9991660118103,867
-68.2708333330005,-26.2708333336445,0.705833315849304,89
-66.4791666663195,-26.4791666669795,5.0063328742981,166
-69.0208333330065,-19.7291666669255,5.51866722106934,115
-73.4791666663755,-13.9375000002125,7.17066717147827,924
-74.0208333330465,-15.2708333335565,10.2046699523926,376
-75.8124999997275,-12.9375000002045,10.2221698760986,440
-67.1874999996585,-18.4375000002485,9.35649967193604,347
-76.4374999997325,-10.5208333335185,7.40183401107788,972
-67.8958333329975,-19.1458333335875,8.34700012207031,200
-68.4374999996685,-19.2708333335885,7.51550006866455,163
-66.4791666663195,-19.4375000002565,4.12799978256226,184
-70.1041666663485,-16.0625000002295,7.76483297348022,732
-77.5208333330745,-8.6041666668365,14.7206697463989,577
-66.5208333329865,-21.4791666669395,7.74583292007446,157
-75.6041666663925,-12.1458333335315,5.76849985122681,827
-76.6874999997345,-9.5208333335105,7.30100011825562,972
-66.6041666663205,-19.4375000002565,5.16316699981689,182
-68.6458333330035,-17.7291666669095,6.97416687011719,403
-68.6041666663365,-20.1458333335955,4.20849990844727,108
-67.9791666663315,-17.5625000002415,8.6071662902832,376
-67.9791666663315,-22.9375000002845,10.5301704406738,45
-70.1458333330155,-17.0625000002375,2.10450005531311,474
-66.8124999996555,-21.6041666669405,7.80966711044312,126
-71.9791666663635,-14.7291666668855,4.30283403396606,837
-76.0624999997295,-12.6875000002025,5.31799983978271,576
-69.4374999996765,-18.5208333335825,3.32049989700317,256
-68.6458333330035,-19.3958333335895,7.14666700363159,145
-72.2708333330325,-14.0625000002135,6.51999998092651,976
-73.1458333330395,-14.1458333335475,14.0351696014404,908
-71.3124999996915,-14.3125000002155,6.50433301925659,859
-67.2291666663255,-23.7291666669575,5.42950010299683,91
-72.3541666663665,-13.4791666668755,9.16233253479004,869
-69.1874999996745,-18.6458333335835,4.26700019836426,275
-72.6458333330355,-14.6875000002185,1.70483303070068,807
-77.8958333330775,-8.5625000001695,11.7633304595947,279
-78.1874999997465,-8.1875000001665,11.8748302459717,402
-75.2708333330565,-13.3125000002075,4.57866716384888,684
-71.2708333330245,-14.7291666668855,6.38450002670288,848
-67.9791666663315,-19.9375000002605,7.04966688156128,169
-68.6041666663365,-20.0625000002615,3.74200010299683,117
-68.2708333330005,-27.7708333336565,5.64266681671143,112
-66.4374999996525,-20.9375000002685,9.10616683959961,164
-69.0624999996735,-25.6875000003065,4.16849994659424,38
-67.8958333329975,-26.8958333336495,6.13600015640259,92
-66.8541666663225,-20.7708333336005,9.85000038146973,124
-68.2291666663335,-19.2291666669215,7.24166679382324,175
-75.9791666663955,-11.4791666668595,6.2441668510437,815
-67.8124999996635,-23.1875000002865,6.5251669883728,58
-68.3958333330015,-23.3125000002875,14.1398296356201,30
-65.8958333329815,-25.4791666669715,11.9975004196167,180
-76.0208333330625,-10.6041666668525,6.89449977874756,1340
-68.3958333330015,-22.4375000002805,10.9428300857544,33
-74.8124999997195,-14.6041666668845,15.1121702194214,173
-65.7708333329805,-22.1041666669445,10.8618297576904,281
-72.6874999997025,-15.5208333335585,-1.50883305072784,669
-68.2708333330005,-17.4375000002405,8.92450046539307,407
-66.9791666663235,-22.9791666669515,2.12066698074341,118
-66.9791666663235,-25.1041666669685,4.66683292388916,102
-70.4791666663515,-15.1041666668885,5.70050001144409,876
-75.8958333330615,-11.6041666668605,7.19700002670288,746
-72.5624999997015,-15.3125000002235,1.84466695785522,606
-66.8958333329895,-20.9375000002685,9.65250015258789,116
-76.3958333330655,-11.3958333335255,2.49333310127258,967
-68.5208333330025,-17.3541666669065,9.27099990844727,430
-66.6874999996545,-21.4375000002725,7.81183290481567,140
-66.3958333329855,-19.3541666669225,5.10666704177856,199
-72.8124999997035,-14.6875000002185,1.25283300876617,818
-77.1874999997385,-8.7291666668375,11.3161697387695,797
-74.9374999997205,-13.7291666668775,5.1729998588562,691
-73.8958333330455,-15.1875000002225,12.5658302307129,288
-65.5208333329785,-23.0208333336185,9.4781665802002,216
-72.8958333330375,-15.3125000002235,3.75883293151855,560
-65.7708333329805,-23.1458333336195,9.09783363342285,189
-74.6874999997185,-14.2708333335485,4.76599979400635,684
-66.5208333329865,-19.6458333335915,6.30749988555908,164
-68.8124999996715,-24.3125000002955,10.6758298873901,17
-67.7291666663295,-18.8125000002515,8.17949962615967,245
-68.6874999996705,-27.3541666669865,4.15183401107788,80
-71.3541666663585,-16.0208333335625,5.80800008773804,358
-67.4374999996605,-24.6458333336315,9.36750030517578,59
-70.1458333330155,-15.8541666668945,8.23133373260498,717
-67.8541666663305,-21.2708333336045,4.77633285522461,78
-68.6041666663365,-17.5625000002415,8.28550052642822,408
-75.6458333330595,-12.3958333335335,3.35266709327698,816
-66.8958333329895,-24.7291666669655,7.85966682434082,87
-71.5208333330265,-14.4375000002165,4.77533292770386,914
-77.5624999997415,-9.9791666668475,8.44499969482422,533
-69.2708333330085,-19.1041666669205,5.43400001525879,171
-69.0624999996735,-26.5625000003135,7.39750003814697,40
-66.3958333329855,-23.9375000002925,7.12200021743774,127
-68.9374999996725,-19.2708333335885,4.1399998664856,184
-67.1041666663245,-23.1041666669525,5.31633281707764,105
-71.0624999996895,-14.9791666668875,5.86316680908203,825
-67.4791666663275,-25.7708333336405,5.34499979019165,79
-67.8124999996635,-27.0208333336505,11.6741695404053,75
-65.9791666663155,-24.0625000002935,8.0959997177124,159
-69.6041666663445,-28.2291666669935,3.29333305358887,112
-66.2708333329845,-25.1458333336355,8.90066623687744,166
-75.3124999997235,-13.8541666668785,10.564169883728,342
-67.3124999996595,-26.5625000003135,10.1296701431274,77
-66.8541666663225,-20.1458333335955,8.55616664886475,131
-77.5624999997415,-8.9791666668395,5.75983285903931,791
-77.4791666664075,-9.7291666668455,7.35650014877319,594
-74.3958333330495,-14.4375000002165,5.07100009918213,725
-66.7291666663215,-25.1041666669685,5.017333984375,112
-74.8958333330535,-13.4791666668755,6.16933298110962,736
-68.8958333330055,-28.1458333336595,0.478166699409485,117
-65.6874999996465,-23.7291666669575,7.61283302307129,185
-66.4374999996525,-26.4791666669795,6.05283403396606,170
-68.6458333330035,-24.3541666669625,8.01949977874756,26
-72.3541666663665,-14.1041666668805,5.82783317565918,966
-78.3958333330815,-7.8541666668305,10.3478298187256,626
-68.4374999996685,-27.0208333336505,-0.71533328294754,116
-69.0624999996735,-24.1041666669605,12.2591695785522,12
-68.1041666663325,-19.1875000002545,7.67866706848145,180
-65.1458333329755,-23.0625000002855,5.22249984741211,279
-75.1041666663885,-13.6041666668765,4.1258339881897,700
-68.7291666663375,-27.2291666669855,2.78933310508728,82
-68.4791666663355,-23.1875000002865,14.0203304290771,25
-69.2291666663415,-28.9791666669995,6.15283298492432,97
-71.9791666663635,-14.6875000002185,6.23649978637695,857
-65.9374999996485,-24.6875000002985,8.58699989318848,168
-67.9374999996645,-23.3958333336215,11.885669708252,45
-68.1874999996665,-27.6458333336555,8.49499988555908,99
-77.1041666664045,-10.1875000001825,12.0748300552368,599
-74.7291666663855,-12.6458333335355,7.19799995422363,883
-68.4374999996685,-24.3125000002955,9.64633369445801,27
-67.6874999996625,-21.4375000002725,6.35599994659424,73
-68.4791666663355,-21.8958333336095,7.64283323287964,44
-69.2291666663415,-19.0625000002535,5.982666015625,169
-68.9374999996725,-27.9375000003245,-5.56750011444092,168
-75.8958333330615,-11.1875000001905,5.34666681289673,1076
-72.2291666663655,-13.9375000002125,6.61283302307129,942
-74.8124999997195,-13.3958333335415,3.31383299827576,821
-67.8958333329975,-20.4375000002645,7.83449983596802,82
-70.8124999996875,-15.2291666668895,1.53666698932648,896
-69.2291666663415,-26.4375000003125,7.52583312988281,34
-66.5624999996535,-21.8541666669425,5.46866703033447,158
-68.5208333330025,-17.6458333335755,8.55316638946533,387
-69.0208333330065,-17.4791666669075,7.93349981307983,409
-67.0624999996575,-22.1875000002785,4.57499980926514,110
-72.6458333330355,-14.1875000002145,10.1791696548462,912
-65.7708333329805,-25.4791666669715,12.9068298339844,215
-68.0624999996655,-23.9375000002925,10.6068296432495,38
-66.2708333329845,-24.7708333336325,7.243332862854,147
-74.0208333330465,-14.0208333335465,5.0911660194397,900
-65.4374999996445,-23.6875000002905,13.7791700363159,298
-66.8124999996555,-26.7291666669815,9.46316623687744,115
-66.9791666663235,-26.8958333336495,9.61366653442383,118
-67.6874999996625,-19.5625000002575,5.57450008392334,166
-66.8124999996555,-20.5208333335985,9.805832862854,130
-68.8958333330055,-15.4375000002245,10.403829574585,933
-67.7708333329965,-18.6041666669165,8.26466655731201,265
-68.5208333330025,-19.5625000002575,5.31466722488403,148
-71.0208333330225,-14.5625000002175,3.40516710281372,912
-67.2291666663255,-26.5208333336465,8.79716682434082,89
-67.1041666663245,-22.0208333336105,4.03049993515015,113
-71.5624999996935,-15.1875000002225,4.67850017547607,753
-68.3541666663345,-18.4375000002485,7.81233310699463,265
-71.4791666663595,-13.7291666668775,5.42266702651978,867
-67.1041666663245,-21.1875000002705,9.02883338928223,97
-70.2291666663495,-15.9375000002285,6.59533405303955,769
-70.6041666663525,-14.3125000002155,4.40383291244507,848
-68.3124999996675,-23.9791666669595,10.0368299484253,31
-66.8958333329895,-26.3125000003115,5.16616678237915,123
-77.1041666664045,-8.8958333335055,12.7454996109009,805
-70.9791666663555,-13.9375000002125,3.90249991416931,860
-68.8541666663385,-28.8541666669985,5.7436671257019,123
-70.5624999996855,-14.3125000002155,4.91316699981689,823
-73.5624999997095,-14.1041666668805,9.07549953460693,877
-67.1874999996585,-18.2708333335805,9.53849983215332,359
-67.1874999996585,-19.7291666669255,9.10750007629395,145
-68.6458333330035,-28.7291666669975,10.9636697769165,135
-71.1874999996905,-15.3958333335575,2.74049997329712,761
-66.7291666663215,-21.7708333336085,7.08066701889038,136
-66.6041666663205,-19.7291666669255,8.17066669464111,152
-65.3541666663105,-22.8958333336175,9.83899974822998,243
-67.0208333329905,-25.9791666669755,2.69050002098083,119
-67.6041666663285,-19.6041666669245,7.75833320617676,155
-72.6458333330355,-13.8541666668785,6.64699983596802,929
-66.4791666663195,-25.1875000003025,7.32299995422363,145
-74.3124999997155,-13.4375000002085,8.89999961853027,890
-77.1458333330715,-10.2291666668495,9.24533367156982,580
-67.7708333329965,-17.5208333335745,8.48316669464111,379
-68.1874999996665,-17.9375000002445,6.82049989700317,354
-67.1041666663245,-24.9375000003005,7.34533405303955,82
-76.9791666664035,-10.1041666668485,3.32416701316833,813
-65.8958333329815,-22.5625000002815,9.16783332824707,216
-65.8541666663145,-22.3541666669465,9.43533325195312,236
-66.5208333329865,-21.3958333336055,7.76266717910767,154
-70.4791666663515,-16.6041666669005,3.82216691970825,527
-68.9374999996725,-19.6041666669245,2.87050008773804,155
-68.5624999996695,-19.3958333335895,7.01983404159546,148
-68.7291666663375,-27.3958333336535,3.25950002670288,85
-71.1041666663565,-14.7708333335525,5.23366689682007,875
-76.5208333330665,-10.6458333335195,6.18766689300537,902
-67.5624999996615,-20.8125000002675,8.48950004577637,88
-67.7708333329965,-24.7291666669655,9.25500011444092,119
-68.6458333330035,-25.2291666669695,4.86116600036621,40
-69.6874999996785,-18.3541666669145,9.48149967193604,147
-69.1458333330075,-25.0208333336345,6.16783285140991,28
-75.1458333330555,-12.5625000002015,6.33516597747803,793
-68.9791666663395,-26.3125000003115,8.56099987030029,34
-69.9374999996805,-14.7708333335525,8.06383323669434,727
-76.3958333330655,-10.7291666668535,5.08183288574219,905
-68.1458333329995,-25.0208333336345,8.41899967193604,60
-69.1874999996745,-17.3958333335735,7.45266723632812,412
-66.9374999996565,-22.6458333336155,4.83083295822144,115
-66.9791666663235,-23.6875000002905,4.87599992752075,98
-66.6041666663205,-25.5208333336385,8.6966667175293,106
-68.4791666663355,-19.6875000002585,6.51933288574219,128
-68.5208333330025,-28.0625000003255,5.9835000038147,107
-71.2291666663575,-15.6875000002265,2.07200002670288,624
-70.8958333330215,-16.0625000002295,2.72583293914795,573
-67.8124999996635,-19.1041666669205,8.39583301544189,201
-73.1041666663725,-15.1875000002225,2.07100009918213,662
-72.2708333330325,-15.2291666668895,3.81399989128113,601
-69.5624999996775,-29.2291666670015,-0.0578333288431168,132
-65.8124999996475,-24.9375000003005,11.5086698532104,220
-71.1041666663565,-15.3125000002235,1.73216700553894,821
-73.3541666663745,-14.5625000002175,4.96783304214478,896
-72.1458333330315,-13.8958333335455,7.12533283233643,935
-67.1874999996585,-25.7291666669735,4.84733295440674,96
-67.3541666663265,-19.4791666669235,8.62433338165283,174
-77.1041666664045,-9.0208333335065,12.2530002593994,740
-77.1041666664045,-10.7708333335205,2.57200002670288,710
-65.1874999996425,-22.8541666669505,7.60533285140991,280
-71.8124999996955,-13.9375000002125,7.86283302307129,898
-68.8541666663385,-15.4375000002245,9.61116695404053,935
-67.8124999996635,-20.6458333335995,7.40216684341431,85
-76.5624999997335,-10.8541666668545,3.04933309555054,904
-66.4374999996525,-26.3125000003115,5.50983285903931,157
-70.4791666663515,-14.1041666668805,4.25333404541016,856
-67.6874999996625,-20.6041666669325,7.09816598892212,90
-65.8541666663145,-24.4375000002965,10.7588300704956,178
-69.1458333330075,-27.1041666669845,5.91483402252197,58
-74.8958333330535,-14.3541666668825,13.8621702194214,237
-66.9374999996565,-23.6875000002905,4.85066699981689,100
-69.2708333330085,-17.6458333335755,7.01183319091797,346
-74.0208333330465,-13.7708333335445,9.67216682434082,867
-74.5624999997175,-12.5208333335345,12.8325004577637,758
-71.0624999996895,-13.8125000002115,2.23066711425781,900
-69.8541666663465,-17.1875000002385,3.89216709136963,434
-68.0208333329985,-25.3541666669705,5.87116718292236,54
-78.3958333330815,-7.4375000001605,12.7786703109741,739
-69.0624999996735,-17.8958333335775,5.01516723632812,381
-66.1874999996505,-22.9791666669515,5.99650001525879,167
-69.7291666663455,-15.0625000002215,8.3323335647583,759
-72.5624999997015,-15.3541666668905,2.02016711235046,591
-76.7708333330685,-10.3541666668505,3.78933310508728,881
-71.4374999996925,-16.0208333335625,5.74866676330566,345
-67.7291666663295,-22.6875000002825,1.67149996757507,83
-68.6041666663365,-23.3125000002875,13.3684997558594,21
-68.9791666663395,-15.1875000002225,11.2186698913574,864
-66.1874999996505,-22.4791666669475,8.76283359527588,189
-75.5624999997255,-13.6458333335435,15.4174995422363,137
-69.1458333330075,-21.1458333336035,14.3678302764893,12
-69.1874999996745,-14.6875000002185,2.04466700553894,966
-78.2291666664135,-7.7291666668295,9.93133354187012,936
-69.8541666663465,-14.3541666668825,4.65799999237061,850
-68.2708333330005,-27.6875000003225,4.10050010681152,115
-77.5208333330745,-9.0625000001735,4.87466716766357,842
-69.7708333330125,-14.7708333335525,4.58300018310547,885
-69.1041666663405,-18.1041666669125,0.41100001335144,384
-66.4791666663195,-22.8125000002835,5.42783403396606,144
-75.8958333330615,-12.2291666668655,3.80749988555908,784
-70.3541666663505,-15.5625000002255,8.6381664276123,699
-66.0208333329825,-22.5208333336145,10.0436697006226,201
-68.8541666663385,-28.0625000003255,-1.13933300971985,136
-68.5208333330025,-21.0625000002695,3.50216698646545,74
-68.7708333330045,-26.3125000003115,4.73216676712036,55
-77.0624999997375,-10.3958333335175,11.3281698226929,561
-65.7708333329805,-24.3541666669625,9.96116638183594,179
-76.2708333330645,-12.3125000001995,14.585000038147,234
-68.2708333330005,-24.0208333336265,10.2953300476074,31
-68.7291666663375,-21.4791666669395,6.260666847229,48
-73.6458333330435,-15.1041666668885,7.430832862854,595
-70.3541666663505,-15.2291666668895,8.21683311462402,726
-67.6458333329955,-24.7291666669655,9.27499961853027,95
-67.1458333329915,-23.2291666669535,5.21866703033447,88
-74.1041666663805,-14.3958333335495,5.3604998588562,791
-68.6458333330035,-23.3541666669545,12.6428298950195,21
-67.2291666663255,-25.9375000003085,4.71199989318848,97
-75.3124999997235,-13.4791666668755,5.97116708755493,624
-75.6041666663925,-13.3541666668745,10.5263299942017,400
-71.1874999996905,-13.5208333335425,2.30766701698303,950
-70.3541666663505,-14.3958333335495,4.48299980163574,847
-77.3541666664065,-9.4375000001765,3.35316705703735,770
-66.3124999996515,-26.1875000003105,6.79716682434082,155
-69.0624999996735,-28.2291666669935,1.33333301544189,117
-76.3541666663985,-9.9791666668475,11.3351697921753,993
-71.8958333330295,-14.6875000002185,3.72083306312561,877
-68.3958333330015,-18.4375000002485,7.77716684341431,267
-76.0624999997295,-11.8125000001955,2.62800002098083,910
-66.5624999996535,-26.3125000003115,3.91983294487,158
-68.1458333329995,-21.1875000002705,7.02349996566772,66
-68.9791666663395,-21.0208333336025,8.52433300018311,40
-66.5624999996535,-26.8125000003155,10.0893297195435,160
-77.4374999997405,-9.0625000001735,7.78366708755493,733
-67.4374999996605,-17.9791666669115,9.12199974060059,333
-67.7708333329965,-25.0208333336345,9.44950008392334,47
-76.1874999997305,-12.0208333335305,3.55850005149841,755
-67.3958333329935,-23.3958333336215,5.50533294677734,75
-78.6874999997505,-1.3958333334455,7.29866600036621,912
-67.5208333329945,-25.1458333336355,6.53366708755493,67
-70.4791666663515,-15.8958333335615,4.49283313751221,766
-67.6041666663285,-21.3958333336055,7.631667137146,69
-69.1874999996745,-24.9375000003005,8.15316677093506,17
-70.2708333330165,-16.8958333335695,3.4375,487
-65.9374999996485,-25.1875000003025,11.4248304367065,171
-66.0208333329825,-24.9791666669675,13.1963300704956,187
-67.8541666663305,-22.4791666669475,2.42700004577637,76
-68.8124999996715,-17.3541666669065,8.96116638183594,439
-66.9791666663235,-24.6458333336315,8.69550037384033,95
-73.2291666663735,-13.6875000002105,7.15000009536743,960
-67.2708333329925,-25.5625000003055,6.85349988937378,78
-74.1874999997145,-15.3541666668905,13.4346704483032,161
-71.1874999996905,-15.4791666668915,3.77800011634827,685
-77.9374999997445,-7.8125000001635,12.9513301849365,844
-69.1458333330075,-16.9791666669035,8.75416660308838,522
-75.8541666663945,-12.9791666668715,9.03616619110107,473
-69.6458333330115,-14.5208333335505,5.56233406066895,828
-73.6458333330435,-14.6875000002185,4.03983306884766,855
-66.9791666663235,-26.0208333336425,1.77999997138977,126
-68.5624999996695,-21.9375000002765,9.62433338165283,34
-68.5208333330025,-19.1875000002545,6.9210000038147,177
-67.3541666663265,-24.6875000002985,8.29549980163574,67
-69.5624999996775,-16.9791666669035,4.97849988937378,522
-69.6041666663445,-15.6458333335595,9.7504997253418,975
-70.7291666663535,-16.3541666668985,8.60750007629395,386
-68.7708333330045,-24.3958333336295,10.3183298110962,19
-68.6874999996705,-21.3541666669385,6.29183292388916,52
-68.9374999996725,-19.8958333335935,4.0644998550415,113
-66.6041666663205,-26.2291666669775,4.52650022506714,147
-70.6874999996865,-15.6458333335595,5.60283279418945,814
-68.2708333330005,-27.8125000003235,5.73150014877319,110
-73.0208333330385,-14.2291666668815,10.2974996566772,899
-69.6874999996785,-14.2708333335485,5.42983293533325,879
-74.2708333330485,-13.4375000002085,9.28333377838135,896
-72.7708333330365,-15.6458333335595,4.26800012588501,435
-69.6458333330115,-18.4375000002485,11.1330003738403,100
-69.5208333330105,-16.6041666669005,5.71383285522461,687
-74.5208333330505,-14.2291666668815,4.66416692733765,735
-65.9374999996485,-23.4791666669555,10.5461702346802,156
-70.8124999996875,-16.1875000002305,5.21166706085205,510
-68.5624999996695,-19.6041666669245,5.2508339881897,146
-72.2291666663655,-15.3958333335575,1.06599998474121,638
-68.7708333330045,-21.1875000002705,3.59466695785522,64
-69.6874999996785,-17.4791666669075,1.44683301448822,413
-69.0624999996735,-16.3958333335655,8.71366691589355,850
-68.9374999996725,-27.7708333336565,-2.30166697502136,148
-74.8958333330535,-13.1458333335395,2.87666702270508,845
-70.8541666663545,-13.9791666668795,1.07799994945526,934
-71.5208333330265,-15.8958333335615,1.77649998664856,509
-69.2291666663415,-24.1458333336275,13.7124996185303,7
-78.0208333330785,-7.8125000001635,12.3870000839233,837
-75.4791666663915,-12.8958333335375,3.46849989891052,678
-67.0208333329905,-21.0625000002695,9.27200031280518,104
-73.3124999997075,-14.2708333335485,10.0555000305176,873
-67.1041666663245,-17.6458333335755,9.29683303833008,487
-72.3958333330335,-15.7708333335605,8.47900009155273,277
-77.1874999997385,-10.0625000001815,4.18883323669434,638
-67.1874999996585,-24.8958333336335,6.78833293914795,82
-69.1041666663405,-17.0625000002375,8.78316688537598,492
-67.3541666663265,-18.4791666669155,9.0939998626709,308
-74.5624999997175,-13.6875000002105,4.86216592788696,809
-75.8124999997275,-12.8541666668705,10.2623300552368,449
-66.0624999996495,-24.4375000002965,5.06750011444092,173
-69.4374999996765,-29.1041666670005,1.58983302116394,118
-67.0624999996575,-23.9791666669595,8.45450019836426,80
-70.8124999996875,-16.1875000002305,5.21166706085205,510
-71.7708333330285,-15.3541666668905,2.52483296394348,714
-69.6041666663445,-18.0208333335785,7.06099987030029,216
-69.5208333330105,-29.1458333336675,1.22549998760223,119
-71.6041666663605,-14.9791666668875,5.89966678619385,790
-70.1041666663485,-17.6458333335755,11.8178300857544,106
-70.5208333330185,-15.3541666668905,3.94449996948242,940
-67.2291666663255,-26.4791666669795,8.89716625213623,82
